key,vcn,vessel_name,first_seen_snapshot,last_seen_snapshot,snapshot_count,loa,draft,cargo,cargo_mt,agent,importer_exporter,doc_readiness_status_latest,sandheads_nor_eta_latest,effective_readiness_latest,revised_seniority_latest,quantity_latest,programme_teus_latest,berman_filing_time_latest,anchoring_time_latest,document_readiness_time_latest,final_readiness_time_latest,estimated_completion_time_hr_latest,terminal_latest,compatible_berth_latest,remarks_all,arrival_berth_first,arrival_haul_in_first,arrival_commence_work_first,completion_berth_first,finish_work_first,haul_out_first,shift_from_berths,shift_to_berths,shift_datetimes,recommence_datetimes
HAL12402171::BW VAR,HAL12402171,BW VAR,2025-04-06,2025-04-06,1,225.22,8.00,nan,PROPANE-(I)10095 BUTANE-(I)9981,ISS SHIPPING,HPCL,nan,nan,nan,nan,nan,nan,nan,29(18:24),03(10:20),03(10:20),34,AEGIS,HOJ-I/HOJ-II B-16(O)/17(O),"1. Vessel arrived with 42,310.00 MT of LPG. Vessel underwent STS peration at Sandheads with Daughter Vessel M.T. PINE GAS. STS operation completed on 05(11:12) 2. Estimated time of cargo completion on HOJ-1 is 38 Hrs with Cryogenic Hose & on HOJ-2 is 32 Hrs with Marine Loading Arm. 3. Vessel called in AM tide on date at B/16(O)",HOJ-I,06/04/25 18:36,06/04/25 20:48,TERMINAL 2,07/04/25 09:25,08/04/25 05:48,,,,
HAL12402178::CNC RICH,HAL12402178,CNC RICH,2025-04-06,2025-04-06,1,123.17,8.15,nan,PARAXYLENE-(I)10000,WILHELMSEN PORT SERVICES,MCPI,nan,nan,nan,nan,nan,nan,nan,06(07:10),04(09:45),06(07:10),28,MCPI,HOJ-I & OT-II B-16(O)& OT-II,Vessel called in AM tide on date at OT-II,TERMINAL,06/04/25 18:10,06/04/25 21:50,11,28/03/25 08:00,08/04/25 04:40,,,,
HAL12402125::HONG DA XIN 89,HAL12402125,HONG DA XIN 89,2025-04-06,2025-04-06,1,158.56,5.60,Container,nan,Far Shipping,Slot Charterers,Ready,Ex KDS-05th,05(04:50),NA,355 Boxes,460 TEUs,04(10:18),nan,nan,nan,nan,nan,nan,F/WatKDSon05(04:50).ReportedatSandheadson06(02:00).Only Export. Late for tide on 05(PM). Vessel called in AM tide on date,11,06/04/25 21:55,06/04/25 22:10,9,28/03/25 08:00,07/04/25 22:20,,,,
HAL12500038::HORIZON DIAMOND,HAL12500038,HORIZON DIAMOND,2025-04-06,2025-04-06,1,224.98,7.53,Coking Coal,nan,Seatrans Shipmanagement,SAIL/ISPHL,BOT Berth,ETA-06(14:30),NA,NA,"34,000",NA,NA,nan,nan,nan,nan,nan,nan,,4A,07/04/25 09:15,07/04/25 10:00,4A,09/04/25 07:45,09/04/25 14:50,,,,
HAL12402138::SSL THAMIRABARANI,HAL12402138,SSL THAMIRABARANI,2025-04-06,2025-04-06,1,142.70,7.90,Container,nan,Unifeeder Agencies,Slot Charterers,04(17:58),06(07:00),06(07:00),NA,659 Boxes,773 TEUs,04(11:46),nan,nan,nan,nan,nan,nan,Reporting time as per Agent. Vessel called in AM tide on date,10,06/04/25 20:45,06/04/25 21:00,HOJ-III,07/04/25 18:20,08/04/25 14:45,,,,
HAL12500024::STI MARVEL (COASTAL),HAL12500024,STI MARVEL (COASTAL),2025-04-06,2025-04-06,1,183.07,7.83,nan,HSD-(I)14301.866 MS-(I)3349.612,ATLANTIC GLOBAL,RELIANCE,nan,nan,nan,nan,nan,nan,nan,03(17:00),04(08:32),06(08:32),38,RELIANCE,HOJ-III B-18(O),1. Revised Seniority at par with category 4 vessels. (Vessel waiting for more than 48 Hrs) 2. Vessel called in AM tide on date at B/18(O),,,,,,,,,,
HAL12500004::BRIGHT PEGASUS,HAL12500004,BRIGHT PEGASUS,2025-04-06,2025-04-07,2,228.99,8.00,Coking Coal,nan,TMILL,Tata Steel/MHC,05(10:25),ETA-07(21:00),NA,NA,"30,000",NA,05(11:57),nan,nan,nan,nan,nan,nan,Vessel neaped on 08(AM) & 09(AM),13,08/04/25 10:12,08/04/25 11:35,12,09/04/25 20:25,10/04/25 03:45,BERTH-13,BERTH-12,09/04/25 22:05,
HAL12402157::CONSTELLATION,HAL12402157,CONSTELLATION,2025-04-06,2025-04-07,2,225.13,8.00,nan,PROPANE-(I)9300 BUTANE-(I)9200,ATLANTIC GLOBAL,IOCL,nan,nan,nan,nan,nan,nan,nan,28(13:24),Not Ready,Not Ready,N/A,IOPPL,HOJ-I/HOJ-II B-16(O)/17(O),"1. As informed by IOPPL, sufficient ullage to receive entire cargo shall be available from 6th April'2025. 2. Ullage confirmation & Readiness Documents are awaited. 3. As intimated from Terminal, required ullage may be available on 09th. 3. Vessel neaped on 07th April'2025 | 1. As informed by IOPPL, sufficient ullage to receive entire cargo shall be available from 9th April'2025. 2. Ullage confirmation & Readiness Documents are awaited. 3. Vessel neaped on 07th April'2025",HOJ-II,09/04/25 09:40,09/04/25 12:06,2,10/04/25 11:20,10/04/25 18:54,,,,
HAL12402172::GEMINI PEARL,HAL12402172,GEMINI PEARL,2025-04-07,2025-04-07,1,183.00,7.97,CDSBO & CSFSO,nan,Interocean Shipping,Various,04(21:23),01(20:42),04(21:23),09(21:23),"19,000",NA,31(13:17),nan,nan,nan,nan,nan,nan,Vessel neaped on 04(PM) & 05(PM). Vessel called in 05(AM) tide but could notsupplied due to fouling of anchor cable,7,07/04/25 22:18,08/04/25 01:24,7,09/04/25 11:30,09/04/25 16:40,,,,
HAL12402129::LOURDES (COASTAL),HAL12402129,LOURDES (COASTAL),2025-04-06,2025-04-07,2,127.20,6.20,nan,LUBE OIL-(E)8500,ATLANTIC GLOBAL,IOCL,nan,nan,nan,nan,nan,nan,nan,26(16:06),06(22:02),06(22:02),32,IOCL,HOJ-I B-16(O),Ullage confirmation & Readiness Documents are awaited.,,,,,,,,,,
HAL12500011::STANLEY PARK,HAL12500011,STANLEY PARK,2025-04-06,2025-04-07,2,145.53,7.40,Phosphoric Acid,nan,Atlantic Global Shipping,Indorama India,04(11:37),06(16:00),06(16:00),NA,"10,006",NA,NA,nan,nan,nan,nan,nan,nan,Priority may not be accorded | Priority may not be accorded. Vessel called in AM tide on date,6,07/04/25 10:36,07/04/25 12:00,HOJ-I,07/04/25 19:12,08/04/25 16:50,,,,
HAL12500031::VALENTINE,HAL12500031,VALENTINE,2025-04-06,2025-04-07,2,134.16,5.80,nan,BENZENE-(E)6300,ATLANTIC GLOBAL,HPL,nan,nan,nan,nan,nan,nan,nan,ETA-08th (PM),Not Ready,Not Ready,N/A,HPL,HOJ-I B-16(O),Ullage confirmation & Readiness Documents are awaited.,HOJ-I,09/04/25 09:00,09/04/25 10:42,13,10/04/25 04:42,10/04/25 06:42,,,,
HAL12500020::W EMERALD,HAL12500020,W EMERALD,2025-04-06,2025-04-07,2,229.00,8.08,Coking Coal,nan,Seatrans Shipmanagement,Tata International/MHC,05(17:03),04(20:06),05(17:03),05(17:03),"33,000",NA,06(13:03),nan,nan,nan,nan,nan,nan,Vessel neaped on arrival till 07(AM) & 08(AM) | Vessel neaped on arrival till 07(AM). Vessel called in PM tide on date,8,07/04/25 20:36,07/04/25 21:45,8,09/04/25 11:50,09/04/25 18:00,BERTH-8,BERTH-12,09/04/25 12:10,
HAL12500025::GOLDEN DAISY,HAL12500025,GOLDEN DAISY,2025-04-06,2025-04-08,3,229.00,7.90,Coking Coal,nan,Gac Shipping,SAIL/MHC,Not Ready,08(06:30),NA,NA,"32,000",NA,06(17:43),nan,nan,nan,nan,nan,nan,Vessel neaped on 08(AM) & 09(AM) | Vessel swapped from BOT berth to Port berth | Vessel swapped from BOT berth to Port berth on 07(13:27). Reporting time as per Agent. Vessel called in PM tide on date,2,08/04/25 21:36,08/04/25 22:50,4,10/04/25 14:30,10/04/25 18:30,,,,
HAL12402174::RAFFLES PRIDE,HAL12402174,RAFFLES PRIDE,2025-04-07,2025-04-08,2,128.60,8.10,CPO,nan,Seaport Services,Patanjali Foods,01(13:41),02(11:24),07(00:01),12(00:01),"10,000",NA,31(18:36),nan,nan,nan,nan,nan,nan,"Patanjali Foods Ltd does not want to work upon the vessel at OMB & B/18(O). Vessel was called 03(PM) tide. However, vessel could not supplied due to Engine break-down. Engine ready on 07(00:01) | Patanjali Foods Ltd does not want to work upon the vessel at OMB & B/18(O). Vessel was called 03(PM) tide. However, vessel could not supplied due to Engine break-down. Engine ready on 07(00:01). Vessel called in PM tide on date",5,08/04/25 23:30,09/04/25 04:00,HOJ-II,10/04/25 13:18,11/04/25 03:15,,,,
HAL12500003::CL SHA HE,HAL12500003,CL SHA HE,2025-04-06,2025-04-09,4,199.99,8.10,Coking Coal,nan,TMILL,Tata Steel/MHC,07(10:26),09(01:00),09(01:00),09(01:00),"28,693",NA,NA,nan,nan,nan,nan,nan,nan,Late for tide on 08(PM) | Late for tide on 08(PM). Vessel called in AM tide on date,8,09/04/25 13:36,09/04/25 15:00,5,11/04/25 01:18,11/04/25 04:35,,,,
HAL12500009::ERIETTA,HAL12500009,ERIETTA,2025-04-06,2025-04-09,4,199.98,7.56,Manganese Ore,nan,Gac Shipping,Various/MHC,07(16:37),08(22:42),08(22:42),08(22:42),"25,350",NA,04(11:05),nan,nan,nan,nan,nan,nan,Vessel called in PM tide on date,13,09/04/25 23:38,10/04/25 01:30,8,10/04/25 19:30,,,,,
HAL12500016::HEMERA,HAL12500016,HEMERA,2025-04-06,2025-04-09,4,108.50,7.95,Bitumen,nan,Marinelinks Shipping Agencies,Jalnidhi Bitumen Specialities,05(17:55),09(05:30),09(05:30),NA,"6,297",NA,NA,nan,nan,nan,nan,nan,nan,Priority may not be accorded. Vessel neaped on 07(AM),6,10/04/25 01:18,10/04/25 04:00,,,,,,,
HAL12500013::SEA FORTUNE,HAL12500013,SEA FORTUNE,2025-04-06,2025-04-09,3,144.03,6.90,nan,PARAXYLENE-(I)9744.00,ATLANTIC GLOBAL,MCPI,nan,nan,nan,nan,nan,nan,nan,09(06:00),04(09:51),09(06:00),28,MCPI,HOJ-I & OT-II B-16(O)& OT-II,Vessel called at OT-II,HOJ-I,10/04/25 09:48,10/04/25 13:54,,,,,,,
HAL12500019::STAR EARENDEL,HAL12500019,STAR EARENDEL,2025-04-06,2025-04-09,4,229.00,7.92,Coking Coal,nan,J M Baxi Marine Services,SAIL/ISPHL,BOT Berth,08(17:36),08(17:36),08(17:36),"33,000",NA,07(19:18),nan,nan,nan,nan,nan,nan,Vessel called in PM tide on date,4A,09/04/25 22:06,09/04/25 23:20,,,,,,,
HAL12500018::SV AURORA,HAL12500018,SV AURORA,2025-04-06,2025-04-09,4,199.90,8.10,Manganese Ore,nan,Gac Shipping,Various/MHC,08(10:38),08(18:48),08(18:48),08(18:48),"28,500",NA,04(12:15),nan,nan,nan,nan,nan,nan,Vessel called in AM tide on date,4B,09/04/25 12:00,09/04/25 13:20,13,11/04/25 04:00,,,,,
HAL12402147::TRADER,HAL12402147,TRADER,2025-04-06,2025-04-09,4,166.15,8.30,Container,nan,MSC Agency,Slot Charterers,08(18:02),09(01:00),09(01:00),NA,585 Boxes,880 TEUs,NA,nan,nan,nan,nan,nan,nan,Vessel called in AM tide on date,10,09/04/25 16:00,09/04/25 16:15,10,10/04/25 13:00,10/04/25 14:50,,,,
HAL12500032::AGIOS NIKOLAS,HAL12500032,AGIOS NIKOLAS,2025-04-06,2025-04-10,5,189.99,6.85,Manganese Ore,nan,Sea Chhathmaa Shipping,Various/MHC,08(12:27),10(02:00),10(02:00),10(02:00),"20,000",NA,07(17:26),nan,nan,nan,nan,nan,nan,Vessel called in AM tide on date,9,10/04/25 12:06,10/04/25 14:50,,,,,,,
HAL12500030::CHEMROAD JOURNEY,HAL12500030,CHEMROAD JOURNEY,2025-04-06,2025-04-10,5,174.39,7.50,Phosphoric Acid,nan,Atlantic Global Shipping,Indorama India Pvt Ltd,08(12:11),09(15:00),09(15:00),NA,"10,499",NA,09(12:49),nan,nan,nan,nan,nan,nan,Vessel called in AM tide on date,7,10/04/25 14:10,10/04/25 16:00,,,,,,,
HAL12500005::ECHO GR,HAL12500005,ECHO GR,2025-04-06,2025-04-10,5,229.00,8.30,Coking Coal,nan,TMILL,Tata Steel/MHC,05(15:54),ETA-10(14:00),NA,NA,"34,192",NA,07(11:06),nan,nan,nan,nan,nan,nan,Vessel neaped on 09(AM) | Vessel called in PM tide on date,2,10/04/25 23:42,11/04/25 01:30,,,,,,,
HAL12500022::PINE GAS,HAL12500022,PINE GAS,2025-04-06,2025-04-10,4,225.27,8.10,nan,PROPANE-(I)10950 BUTANE-(I)11050,ATLANTIC GLOBAL,HPCL,nan,nan,nan,nan,nan,nan,nan,03(04:42),10(04:12),10(04:12),36,AEGIS,HOJ-I/HOJ-II B-16(O)/17(O),1. Vessel underwent STS peration at Sandheads with Mother Vessel M.T. BW VAR. STS operation completed on 05(11:12) 2. Ullage confirmation & Readiness Documents are awaited. | 1. Vessel underwent STS peration at Sandheads with Mother Vessel M.T. BW VAR. STS operation completed on 05(11:12) 2. Vessel neaped till 08th April'2025 3. Ullage confirmation & Readiness Documents are awaited. | 1. Vessel underwent STS peration at Sandheads with Mother Vessel M.T. BW VAR. STS operation completed on 05(11:12) 2. Vessel was neaped till 08th April'2025 3. Ullage confirmation & Readiness Documents are awaited. | Vessel completed STS peration at Sandheads with Mother Vessel M.T. BW VAR on 05(11:12),,,,,,,,,,
HAL12402173::RUI FU TAI,HAL12402173,RUI FU TAI,2025-04-09,2025-04-10,2,182.50,8.00,CDSBO & CSFSO,nan,J M Baxi Marine Services,Various,08(16:05),08(10:35),08(16:05),13(16:05),"15,500",NA,04(16:21),nan,nan,nan,nan,nan,nan,Vessel called in AM tide on date,TERMINAL,10/04/25 10:42,10/04/25 13:54,TERMINAL 2,13/04/25 23:24,14/04/25 08:50,,,,
HAL12500017::SALINA,HAL12500017,SALINA,2025-04-09,2025-04-10,2,127.68,6.45,Crude Palm Olein,nan,J M Baxi Marine Services,Patanjali Foods,10(10:24),09(12:18),10(10:24),15(10:24),"6,005",NA,04(16:06),nan,nan,nan,nan,nan,nan,Patanjali Foods Ltd does not want to work upon the vessel at OMB & B/18(O) | Priority may not be accorded. Patanjali Foods Ltd does not want to work upon the vessel at OMB & B/18(O),5,11/04/25 04:00,,,,,,,,
HAL12402181::SITC RUIDE,HAL12402181,SITC RUIDE,2025-04-06,2025-04-10,5,171.90,7.50,Container,nan,Eastern Liner Shipping,Slot Charterers,08(19:24),ETA-10(13:00),NA,NA,457 Boxes,972 TEUs,08(11:40),nan,nan,nan,nan,nan,nan,Vessel called in PM tide on date,10,11/04/25 02:30,11/04/25 02:50,,,,,,,
HAL12500051::ANDIAMO,HAL12500051,ANDIAMO,2025-04-09,2025-04-11,3,199.98,7.00,Iron Ore Fines,nan,Seatrans Shipmanagement,Auro Global Comtrade/MHC,Not Ready,ETA-12(PM),NA,NA,"25,828",NA,NA,nan,nan,nan,nan,nan,nan,Coastal | Coastal. Vessel voyage may be cancelled as indicated by the Agent,,,,,,,,,,
HAL12500055::BW JAPAN,HAL12500055,BW JAPAN,2025-04-10,2025-04-11,2,228.99,8.00,Coking Coal,nan,Gac Shipping,SAIL/ISPHL,BOT Berth,ETA-14th,NA,NA,"33,000",NA,NA,nan,nan,nan,nan,nan,nan,,4A,15/04/25 03:12,15/04/25 04:10,4A,17/04/25 05:55,17/04/25 07:55,,,,
HAL12500044::DSI PYXIS,HAL12500044,DSI PYXIS,2025-04-08,2025-04-11,4,199.90,7.95,Steam Coal,nan,Eveready Shipping,OFB Tech/MHC,08(17:09),11(02:00),11(02:00),11(02:00),"22,000",NA,10(21:03),nan,nan,nan,nan,nan,nan,Vessel called in AM tide on date,,,,,,,,,,
HAL12500021::ELIZABETH RIVER,HAL12500021,ELIZABETH RIVER,2025-04-06,2025-04-11,6,189.99,7.87,Steam Coal,nan,Gac Shipping,Tata International/MHC,09(17:13),10(14:30),10(14:30),10(14:30),"27,165",NA,09(12:46),nan,nan,nan,nan,nan,nan,Vessel called in PM tide on date | Vessel called in AM tide on date,,,,,,,,,,
HAL12500027::GREEN SARITA,HAL12500027,GREEN SARITA,2025-04-06,2025-04-11,5,225.27,8.40,nan,PROPANE-(I)10273.460 BUTANE-(I)11230.700,SAMSARA SHIPPING,BPCL,nan,nan,nan,nan,nan,nan,nan,11(08:00),08(11:24),11(08:00),36,BPCL,HOJ-III B-18(O),Ullage confirmation & Readiness Documents are awaited. | Vessel neaped on 11th April'2025,,,,,,,,,,
HAL12500041::KAVO YERAKI,HAL12500041,KAVO YERAKI,2025-04-08,2025-04-11,4,228.99,7.80,Steam Coal,nan,Alap Carriers,Agarwal Coal Corporation/MHC,Not Ready,ETA-15(AM),NA,NA,"25,000",NA,NA,nan,nan,nan,nan,nan,nan,,8,15/04/25 01:30,15/04/25 03:20,8,16/04/25 02:10,16/04/25 08:55,,,,
HAL12500002::KEDARNATH,HAL12500002,KEDARNATH,2025-04-06,2025-04-11,5,225.13,8.00,nan,PROPANE-(I)10668.79 BUTANE-(I)10647.99,ATLANTIC GLOBAL,IOCL,nan,nan,nan,nan,nan,nan,nan,30(09:12),11(09:16),11(09:16),30,IOPPL,HOJ-I/HOJ-II B-16(O)/17(O),"1. Vessel neaped on 07th April'2025 2. Ullage confirmation & Readiness Documents are awaited. | Ullage confirmation & Readiness Documents are awaited. | 1. As informed by IOPPL, sufficient ullage to receive entire cargo shall be available from 12th/13th April'2025. 2. Ullage confirmation & Readiness Documents are awaited.",,,,,,,,,,
HAL12500039::MIHO PRACAT,HAL12500039,MIHO PRACAT,2025-04-06,2025-04-11,6,228.99,7.20,PCI Coal,nan,Cross Ocean Enterprises,Rawmet Resources/MHC,10(14:40),ETA-13(PM),NA,NA,"22,700",NA,10(14:01),nan,nan,nan,nan,nan,nan,,13,15/04/25 05:12,,13,16/04/25 00:50,16/04/25 03:30,,,,
HAL12402166R::MSC DIYA F,HAL12402166R,MSC DIYA F,2025-04-06,2025-04-11,6,147.83,6.40,Container,nan,MSC Agency,Slot Charterers,Ready,Ex KDS-11th,10(19:55),NA,178 Boxes,400 TEUs,NA,nan,nan,nan,nan,nan,nan,Only Export,,,,,,,,,,
HAL12402165R::MSC JUANITA F,HAL12402165R,MSC JUANITA F,2025-04-06,2025-04-11,6,146.45,6.25,Container,nan,MSC Agency,Slot Charterers,Ready,Ex KDS-10th,10(01:00),NA,279 Boxes,479 TEUs,10(18:11),nan,nan,nan,nan,nan,nan,Only Export | F/W at KDS on 10(01:00). Only Export | F/WatKDSon10(01:00).ReportedatSandheadson10(21:30).Only Export. Vessel called in AM tide on date,,,,,,,,,,
HAL12500007::MSC MANASA F,HAL12500007,MSC MANASA F,2025-04-06,2025-04-11,6,154.00,8.60,Container,nan,MSC Agency,Slot Charterers,10(15:20),11(08:00),11(08:00),NA,600 Boxes,950 TEUs,NA,nan,nan,nan,nan,nan,nan,Vessel neaped in all Night tide | Vessel neaped in all PM tides,,,,,,,,,,
HAL12500061::OCEAN FAVOUR,HAL12500061,OCEAN FAVOUR,2025-04-10,2025-04-11,2,229.00,8.10,Coking Coal,nan,Gac Shipping,Rungta Mines/MHC,Not Ready,ETA-13(08:00),NA,NA,"32,000",NA,NA,nan,nan,nan,nan,nan,nan,,,,,4B,15/04/25 12:15,15/04/25 20:50,,,,
HAL12500033::PRABHU LAL,HAL12500033,PRABHU LAL,2025-04-10,2025-04-11,2,146.60,8.50,CDSBO,nan,Interocean Shipping,Emami Agrotech,Not Ready,10(22:48),NA,NA,"15,000",NA,NA,nan,nan,nan,nan,nan,nan,,,,,,,,,,,
HAL12500058::PROPEL SUCCESS,HAL12500058,PROPEL SUCCESS,2025-04-10,2025-04-11,2,197.00,7.70,Limestone,nan,Seatrans Shipmanagement,SAIL/MHC,Not Ready,ETA-12(PM),NA,NA,"27,000",NA,NA,nan,nan,nan,nan,nan,nan,,,,,2,14/04/25 11:00,14/04/25 16:05,,,,
HAL12500035::RADIANT PRIDE,HAL12500035,RADIANT PRIDE,2025-04-06,2025-04-11,6,228.60,7.40,CBFS,nan,J M Baxi Marine Services,Himadri Speciality Chemical,Not Ready,ETA-12(06:00),NA,NA,"21,357",NA,NA,nan,nan,nan,nan,nan,nan,,,,,7,14/04/25 07:36,14/04/25 20:15,,,,
HAL12500040::RADIANT PRIDE,HAL12500040,RADIANT PRIDE,2025-04-06,2025-04-11,6,228.60,7.50,CBFS,nan,J M Baxi Marine Services,Himadri Speciality Chemical,Not Ready,ETA-14th,NA,NA,"23,000",NA,NA,nan,nan,nan,nan,nan,nan,,,,,,,,,,,
HAL12500066::SDTR DORA,HAL12500066,SDTR DORA,2025-04-11,2025-04-11,1,229.00,8.20,Limestone & Pyroxenite,nan,TMILL,Tata Steel/TMILL,Not Ready,ETA-19th,NA,NA,"31,303",NA,NA,nan,nan,nan,nan,nan,nan,,,,,,,,,,,
HAL12500047::TORM ATLANTIC,HAL12500047,TORM ATLANTIC,2025-04-11,2025-04-11,1,183.20,7.90,CDSBO & CSFSO,nan,Interocean Shipping,Various,Not Ready,11(05:06),NA,NA,"19,850",NA,NA,nan,nan,nan,nan,nan,nan,,,,,4,15/04/25 02:00,15/04/25 07:40,,,,
HAL12500053::VAST OCEAN 7,HAL12500053,VAST OCEAN 7,2025-04-10,2025-04-11,2,127.70,8.50,Equipment & Machinary,nan,J M Baxi Marine Services,Ramsarup Industries & Rashmi Green Hydrogen/TMILL,10(15:42),ETA-12(11:00),NA,NA,"1,256",NA,NA,nan,nan,nan,nan,nan,nan,,,,,12,14/04/25 09:00,14/04/25 17:40,,,,
HAL12500049::GAS MELODY,HAL12500049,GAS MELODY,2025-04-09,2025-04-15,4,159.97,8.60,nan,AMMONIA ANHYDROUS- (I)12904.352,INTEROCEAN,INDORAMA,nan,nan,nan,nan,nan,nan,nan,14(23:00),10(14:44),14(23:00),22,INDORAMA,HOJ-I B-16(O),Ullage confirmation & Readiness Documents are awaited. | Vessel called at B/16(O),HOJ-I,15/04/25 12:12,15/04/25 14:12,HOJ-I,16/04/25 13:36,16/04/25 21:36,,,,
HAL12500056::HONOUR,HAL12500056,HONOUR,2025-04-10,2025-04-15,3,189.99,7.60,Pig Iron,nan,Seatrans Shipmanagement,Rashmi Metaliks/TMILL,14(10:30),15(09:00),15(09:00),19(09:00),"18,056",NA,NA,nan,nan,nan,nan,nan,nan,Reporting time as per Agent,12,16/04/25 03:18,,,,,,,,
HAL12500082::KIRAN CARIBBEAN,HAL12500082,KIRAN CARIBBEAN,2025-04-15,2025-04-15,1,199.90,6.50,Iron Ore Fines,nan,Seatrans Ship Management,Auro Global Comtrade/MHC,14(14:44),14(21:20),14(21:20),14(21:20),"25,828",NA,NA,nan,nan,nan,nan,nan,nan,Coastal,4B,16/04/25 01:50,16/04/25 04:20,4B,17/04/25 07:50,17/04/25 17:10,,,,
HAL12500083::SWARNA PUSHP (COASTAL),HAL12500083,SWARNA PUSHP (COASTAL),2025-04-15,2025-04-15,1,184.95,8.20,nan,REFORMATE-(I)14000 MS-(I)1000,THE SHIPPING CORPORATION,IOCL,nan,nan,nan,nan,nan,nan,nan,14(11:42),13(11:24),14(11:42),36,IOCL,HOJ-I/HOJ-II B-16(O)/17(O),Vessel called at B/17(O),,,,,,,,,,
HAL12500050::XH DREAM,HAL12500050,XH DREAM,2025-04-09,2025-04-15,4,229.00,7.93,Coking Coal,nan,Spartans Marine Services,Tata International/MHC,14(14:09),14(22:00),14(22:00),14(22:00),"28,750",NA,14(15:46),nan,nan,nan,nan,nan,nan,Vessel called in AM tide on date,2,15/04/25 13:42,15/04/25 15:20,2,16/04/25 20:00,17/04/25 04:10,,,,
HAL12500028::YONG SHENG 39,HAL12500028,YONG SHENG 39,2025-04-09,2025-04-15,4,138.73,8.50,CPO,nan,Universal Shipping Agencies,Patanjali Foods,14(13:27),07(16:20),14(13:27),19(13:27),"11,170",NA,14(10:50),nan,nan,nan,nan,nan,nan,Vessel neaped in all Day tide from 8th to 10th | Patanjali Foods Ltd does not want to work upon the vessel at OMB & B/18(O). Vessel neaped in all Day tide from 8th to 10th | Patanjali Foods Ltd does not want to work upon the vessel at OMB & B/18(O). Vessel neaped in all Day tide from 8th to 10th. Vessel called in AM tide on date,4,15/04/25 15:06,15/04/25 17:54,4,17/04/25 17:18,17/04/25 19:25,,,,
HAL12500057::AL MAHBOOBAH,HAL12500057,AL MAHBOOBAH,2025-04-10,2025-04-16,4,145.53,7.40,MEG,nan,Kanoo Shipping,IVL Dhunseri Petrochem,14(16:59),16(09:00),16(09:00),NA,"9,032",NA,14(11:26),nan,nan,nan,nan,nan,nan,Priority may not be accorded | Priority may not be accorded. Reporting time as per Agent,6,17/04/25 05:18,,,,,,,,
HAL12500034::BELLINI,HAL12500034,BELLINI,2025-04-06,2025-04-16,8,228.60,7.50,CBFS,nan,J M Baxi Marine Services,Himadri Speciality Chemical,13(12:39),16(07:00),16(07:00),NA,"23,000",NA,NA,nan,nan,nan,nan,nan,nan,Reporting time as per Agent. Vessel called in AM tide on date,7,16/04/25 14:24,16/04/25 17:00,7,17/04/25 19:30,17/04/25 21:25,,,,
HAL12500074::LEO K,HAL12500074,LEO K,2025-04-15,2025-04-16,2,229.00,8.20,Coking Coal,nan,Gac Shipping,SAIL/ISPHL,BOT Berth,ETA-16(14:30),NA,NA,"33,000",NA,NA,nan,nan,nan,nan,nan,nan,,9,17/04/25 03:06,,4A,19/04/25 13:00,19/04/25 17:00,BERTH-9,BERTH-4A,17/04/25 09:36,17/04/25 10:24
HAL12500076::SDTR DORA,HAL12500076,SDTR DORA,2025-04-15,2025-04-16,2,229.00,8.20,Limestone & Pyroxenite,nan,TMILL,Tata Steel/TMILL,Not Ready,ETA-22nd,NA,NA,"31,303",NA,NA,nan,nan,nan,nan,nan,nan,,,,,,,,,,,
HAL12500054::SSL THAMIRABARANI,HAL12500054,SSL THAMIRABARANI,2025-04-10,2025-04-16,4,142.70,8.10,Container,nan,Unifeeder Agencies,Slot Charterers,15(15:45),ETA-16(14:00),NA,NA,459 Boxes,809 TEUs,14(11:52),nan,nan,nan,nan,nan,nan,,10,17/04/25 02:15,17/04/25 02:30,10,18/04/25 00:10,,,,,
HAL12500043::STAVANGER POSEIDON,HAL12500043,STAVANGER POSEIDON,2025-04-15,2025-04-16,2,183.07,8.05,CDSBO,nan,Seaport Services,Various,14(15:13),15(10:00),15(10:00),20(10:00),"20,000",NA,10(15:22),nan,nan,nan,nan,nan,nan,Vessel called in AM tide on date,TERMINAL,16/04/25 12:54,16/04/25 17:06,TERMINAL 2,20/04/25 00:01,20/04/25 10:54,,,,
HAL12500059::GREEN SARITA,HAL12500059,GREEN SARITA,2025-04-10,2025-04-17,4,225.27,8.30,nan,PROPANE-(I)-9500 BUTANE-(I)-10560,SAMSARA SHIPPING,BPCL,nan,nan,nan,nan,nan,nan,nan,15(21:18),16(08:29),16(08:29),36,BPCL,HOJ-III B-18(O),1. The mother vessel M.T. REIMEI will conduct STS operation with the daughter vessel M.T GREEN SARITA at Dhamra. 2. Ullage confirmation & Readiness Documents are | a1w. Tahitee md.other vessel M.T. REIMEI will conduct STS operation with the daughter vessel M.T GREEN SARITA at Dhamra. 2. Ullage confirmation & Readiness Documents are | 1. The mother vessel M.T. REIMEI will conduct STS operation with daughter vessel M.T GREEN SARITA at Dhamra. 2. Ullage confirmation & Readiness Documents are awaited. | Vessel called at B/18(O),HOJ-III,17/04/25 13:18,17/04/25 14:54,,,,,,,
HAL12500045::HISUI,HAL12500045,HISUI,2025-04-09,2025-04-17,5,226.00,8.00,nan,PROPANE-(I)11000 BUTANE-(I)11000,ATLANTIC GLOBAL,IOCL,nan,nan,nan,nan,nan,nan,nan,07(20:12),15(09:32),15(09:32),30,IOPPL,HOJ-I/HOJ-II B-16(O)/17(O),Ullage confirmation & Readiness Documents are awaited. | Vessel called at B/17(O),HOJ-II,17/04/25 13:48,17/04/25 15:24,,,,,,,
HAL12402151::INTERSEA VOYAGER,HAL12402151,INTERSEA VOYAGER,2025-04-06,2025-04-17,9,224.97,7.60,Thermal Coal,nan,Bothra Shipping Services,NTPC Tamilnadu Energy/Mechanical,29(11:38),ETA-20(AM),NA,NA,"30,000",NA,NA,nan,nan,nan,nan,nan,nan,"Coastal | Coastal. As per Agent, the voyage of the vessel may be cancelled",,,,,,,,,,
HAL12500037::NAVIGARE GAIA,HAL12500037,NAVIGARE GAIA,2025-04-06,2025-04-17,7,225.13,7.85,nan,PROPANE-(I)10500 BUTANE-(I)10500,GAC SHIPPING,HPCL,nan,nan,nan,nan,nan,nan,nan,15(22:12),10(16:11),15(22:12),34,AEGIS,HOJ-I/HOJ-II B-16(O)/17(O),Ullage confirmation & Readiness Documents are awaited. | Vessel called at B/16(O),HOJ-I,17/04/25 13:18,17/04/25 15:36,,,,,,,
HAL12500089::RADIANT PRIDE,HAL12500089,RADIANT PRIDE,2025-04-15,2025-04-17,3,228.60,7.40,CBFS,nan,J M Baxi Marine Services,Himadri Speciality Chemical,16(10:20),16(09:30),16(10:20),NA,"23,000",NA,NA,nan,nan,nan,nan,nan,nan,Reporting time as per Agent | Vessel called in 17(AM) tide but could not supplied due to Marine constraint,7,18/04/25 05:18,,7,19/04/25 14:48,20/04/25 08:40,BERTH-7,BERTH-13 O,19/04/25 19:55,
HAL12500099::THE LIVING,HAL12500099,THE LIVING,2025-04-17,2025-04-17,1,225.00,8.00,Limestone,nan,Seatrans Shipmanagement,SAIL/MHC,Not Ready,ETA-17(12:00),NA,NA,"27,000",NA,NA,nan,nan,nan,nan,nan,nan,,2,18/04/25 03:00,18/04/25 04:30,2,19/04/25 19:40,20/04/25 09:45,BERTH-2,BERTH-11,19/04/25 20:45,
HAL12500073::AAP,HAL12500073,AAP,2025-04-15,2025-04-18,4,105.83,6.80,Bitumen,nan,ABM Waterways Services,United Futuristic Trade Impex,16(20:03),17(17:06),17(17:06),NA,"1,562",NA,NA,nan,nan,nan,nan,nan,nan,Priority may not be accorded,,,,,,,,,,
HAL12500094::ADMIRAL REIWA,HAL12500094,ADMIRAL REIWA,2025-04-16,2025-04-18,3,228.90,8.10,PCI Coal,nan,Gac Shipping,SAIL/ISPHL,BOT Berth,ETA-18(22:30),NA,NA,"33,000",NA,NA,nan,nan,nan,nan,nan,nan,,2,20/04/25 03:48,,2,21/04/25 14:30,21/04/25 20:20,,,,
HAL12500029::BERGE NANTONG,HAL12500029,BERGE NANTONG,2025-04-06,2025-04-18,8,225.30,8.00,nan,PROPANE-(I)9350 BUTANE-(I)9800,INTEROCEAN,IOCL,nan,nan,nan,nan,nan,nan,nan,05(02:42),18(09:39),18(09:39),27,IOPPL,HOJ-I/HOJ-II B-16(O)/17(O),"1. Vessel neaped on 07th April'2025 2. Ullage confirmation & Readiness Documents are awaited. | Ullage confirmation & Readiness Documents are awaited. | 1. Ullage confirmation & Readiness Documents are awaited. 2. As intimated from Terminal, the required ullage may be available on 16th April.",HOJ-II,19/04/25 14:30,19/04/25 16:30,12,20/04/25 17:12,21/04/25 00:18,,,,
HAL12500069::EVA,HAL12500069,EVA,2025-04-15,2025-04-18,4,228.90,8.10,Coking Coal,nan,TMILL,Tata Steel/MHC,16(10:09),ETA-18(23:30),NA,NA,"30,000",NA,NA,nan,nan,nan,nan,nan,nan,,8,20/04/25 06:12,20/04/25 07:25,8,21/04/25 19:10,21/04/25 22:15,,,,
HAL12500052::GAS OSKAR,HAL12500052,GAS OSKAR,2025-04-09,2025-04-18,6,99.98,4.70,nan,BUTADIENE-(E)3150,SAMUDRA MARINE,HPL,nan,nan,nan,nan,nan,nan,nan,15(17:42),11(11:43),17(17:42),21,HPL,HOJ-I B-16(O),Readiness Documents are awaited. | Revised Seniority as par with category 4 vessels. (Vessel waiting for more than 48 Hrs),HOJ-I,19/04/25 13:42,19/04/25 15:42,2,20/04/25 09:12,20/04/25 10:38,,,,
HAL12500072::HIGH TIDE (COASTAL),HAL12500072,HIGH TIDE (COASTAL),2025-04-15,2025-04-18,3,183.31,7.50,nan,HSD-(I)14561.478 MS-(E)2607.586,ATLANTIC GLOBAL,RELIANCE,nan,nan,nan,nan,nan,nan,nan,17(06:00),12(16:20),17(06:00),28,RELIANCE,HOJ-III B-18(O),,,,,,,,,,,
HAL12500081::NIREAS,HAL12500081,NIREAS,2025-04-15,2025-04-18,4,229.02,8.10,Steam Coal,nan,Seatrans Ship Management,Agarwal Coal Corporation/MHC,16(16:28),ETA-18(12:00),NA,NA,"28,000",NA,17(10:53),nan,nan,nan,nan,nan,nan,,,,,4,20/04/25 10:45,20/04/25 23:40,BERTH-4B,BERTH-13 O,20/04/25 16:30,21/04/25 01:12
HAL12500091::PEDHOULAS LEADER,HAL12500091,PEDHOULAS LEADER,2025-04-16,2025-04-18,3,228.99,8.10,Coking Coal,nan,Gac Shipping,SAIL/ISPHL,BOT Berth,ETA-19(02:30),NA,NA,"33,000",NA,NA,nan,nan,nan,nan,nan,nan,,12,19/04/25 16:05,19/04/25 20:00,4A,21/04/25 20:10,22/04/25 09:50,BERTH-12 | BERTH-4A,BERTH-4A | BERTH-12,19/04/25 19:00 | 21/04/25 23:40,19/04/25 19:30
HAL12500036::PROPEL WEALTH,HAL12500036,PROPEL WEALTH,2025-04-06,2025-04-18,10,229.00,8.05,Steam Coal,nan,Seatrans Shipmanagement,OFB Tech/MHC,12(15:01),17(00:18),17(00:18),17(00:18),"33,000",NA,17(20:02),nan,nan,nan,nan,nan,nan,Vesselcalledin17(AM)tidebutcouldnotsuppliedduetoMarine constraint | Vesselcalledin17(AM)tidebutcouldnotsuppliedduetoMarine constraint. Vessel called in AM tide on date,,,,8,20/04/25 00:40,20/04/25 21:15,BERTH-8,BERTH-12,20/04/25 04:30,
HAL12500062::SEA GUARDIAN,HAL12500062,SEA GUARDIAN,2025-04-11,2025-04-18,5,189.99,6.90,Manganese Ore,nan,Seahorse Ship Agencies,Various/MHC,16(16:30),ETA-19(03:00),NA,NA,"20,000",NA,16(16:34),nan,nan,nan,nan,nan,nan,,9,19/04/25 18:12,20/04/25 04:50,4,22/04/25 17:45,23/04/25 02:30,,,,
HAL12500093::SFERA,HAL12500093,SFERA,2025-04-16,2025-04-18,3,225.00,7.80,PCI Coal,nan,V- Ocean Shipping,Esl Steel/MHC,16(16:40),17(07:48),17(07:48),17(07:48),"32,018",NA,NA,nan,nan,nan,nan,nan,nan,Reporting time as per Agent,,,,HOJ-II,20/04/25 18:00,21/04/25 11:30,,,,
HAL12500042::SITC JUNDE,HAL12500042,SITC JUNDE,2025-04-08,2025-04-18,8,171.90,7.50,Containet,nan,Eastern Liner Shipping,Slot Charterers,16(19:16),18(05:00),18(05:00),NA,399 Boxes,854 TEUs,16(16:31),nan,nan,nan,nan,nan,nan,Vessel called in AM tide on date,,,,10,19/04/25 07:50,19/04/25 18:40,,,,
HAL12500046::STOLT SNELAND,HAL12500046,STOLT SNELAND,2025-04-08,2025-04-18,8,182.72,8.20,Phosphoric Acid,nan,J M Baxi Marine Services,Indorama India,14(09:47),17(09:15),17(09:15),NA,"20,398",NA,NA,nan,nan,nan,nan,nan,nan,Reporting time as per Agent | Vessel called in AM tide on date,,,,4B,20/04/25 14:00,21/04/25 01:30,,,,
HAL12500086::GRACE,HAL12500086,GRACE,2025-04-15,2025-04-20,4,144.06,6.30,nan,PARAXYLENE-(I)6226,SAMUDRA MARINE,MCPI,nan,nan,nan,nan,nan,nan,nan,20(07:00),17(17:59),20(07:00),20,MCPI,HOJ-I & OT-II B-16(O)& OT-II,Ullage confirmation & Readiness Documents are awaited. | Reporting time as per Agent,HOJ-I,21/04/25 16:00,21/04/25 18:30,TERMINAL 2,22/04/25 09:20,22/04/25 15:20,,,,
HAL12500048::HARI AKASH (COASTAL),HAL12500048,HARI AKASH (COASTAL),2025-04-09,2025-04-20,7,117.27,5.70,nan,HSD-(E)5000 MS-(E)1500,ATLANTIC GLOBAL,IOCL,nan,nan,nan,nan,nan,nan,nan,10(07:30),15(09:48),15(09:48),36,IOCL,HOJ-I B-16(O),Readiness Documents are awaited. | Vessel called in AM tide on date at B/16(O),,,,,,,,,,
HAL12500079::MANDALA,HAL12500079,MANDALA,2025-04-15,2025-04-20,5,117.00,6.90,LAB,nan,Atlantic Global Shipping,Sai Sulphonates & A R Stanchem,17(10:22),18(22:30),18(22:30),NA,"5,360",NA,18(20:00),nan,nan,nan,nan,nan,nan,Priority may not be accorded | Inside Dock,5,20/04/25 08:20,20/04/25 16:24,6,21/04/25 18:54,22/04/25 00:25,OFF,BERTH-6,21/04/25 02:45,
HAL12500064::MSC TIGER F,HAL12500064,MSC TIGER F,2025-04-11,2025-04-20,6,154.51,6.10,Container,nan,MSC Agency,Slot Charterers,Ready,Ex KDS-19th,18(23:05),NA,258 Boxes,461 TEUs,19(10:02),nan,nan,nan,nan,nan,nan,Only Export | F/W at KDS 18(23:05). Reported at Sandheads on 20(00:01). Only Export. Vessel called in AM tide on date,10,20/04/25 20:15,,10,21/04/25 07:40,22/04/25 11:25,,,,
HAL12500108::PANAMAX CHRISTINA,HAL12500108,PANAMAX CHRISTINA,2025-04-18,2025-04-20,2,228.99,8.20,Steam Coal,nan,Seatrans Shipmanagement,ECL & Balaji Malts/MHC,17(17:28),19(12:00),19(12:00),19(12:00),"33,255",NA,NA,nan,nan,nan,nan,nan,nan,Vessel neaped on 20(PM) & 21(PM) | Vessel called in AM tide on date,4B,20/04/25 18:48,,2,22/04/25 09:00,24/04/25 03:20,BERTH-4B,BERTH-9,23/04/25 13:20,
HAL12500121::SANMAR SONNET (COASTAL),HAL12500121,SANMAR SONNET (COASTAL),2025-04-20,2025-04-20,1,240.99,7.60,nan,HSD-(I)25976.638 MS-(I)10089.512,ATLANTIC GLOBAL,BPCL,nan,nan,nan,nan,nan,nan,nan,20(08:48),19(13:35),20(08:48),HOJ-2-36 & HOJ-3 - 46,BPCL,HOJ-II/HOJ-III B-17(O)/B-18(O),Vessel declared on 19(13:35). Reporting time as per Agent,,,,,,,,,,
HAL12500087::SOLIS,HAL12500087,SOLIS,2025-04-15,2025-04-20,4,145.50,7.40,nan,PARAXYLENE-(I)9545,ATLANTIC GLOBAL,MCPI,nan,nan,nan,nan,nan,nan,nan,19(13:12),18(10:18),19(13:12),27,MCPI,HOJ-I & OT-II B-16(O)& OT-II,Ullage confirmation & Readiness Documents are awaited. | Vessel called in AM tide on date at OT-II,TERMINAL,20/04/25 14:30,20/04/25 20:00,TERMINAL 2,21/04/25 12:54,22/04/25 14:12,,,,
HAL12500085::STENA CONDUCTOR,HAL12500085,STENA CONDUCTOR,2025-04-15,2025-04-20,4,183.06,8.20,CDSBO,nan,Interocean Shipping,Adani Wilmar,17(12:42),19(02:24),19(02:24),24(02:24),"21,175",NA,17(18:09),nan,nan,nan,nan,nan,nan,Vessel called in AM tide on date,2 OFF,20/04/25 15:05,20/04/25 20:30,11,22/04/25 20:24,22/04/25 22:15,BERTH-2,BERTH-4,20/04/25 21:24,21/04/25 03:36
HAL12500075::SURYA VEERYA,HAL12500075,SURYA VEERYA,2025-04-15,2025-04-20,4,226.00,8.00,nan,PROPANE-(I)-11401.19 BUTANE-(I)-10047.53,BOTHRA,HPCL,nan,nan,nan,nan,nan,nan,nan,19(09:24),19(11:25),19(11:25),34,AEGIS,HOJ-II B-17(O),Ullage confirmation & Readiness Documents are awaited.,HOJ-II,21/04/25 16:54,21/04/25 18:18,9,22/04/25 23:30,23/04/25 03:36,,,,
HAL12500065::BELGRANO,HAL12500065,BELGRANO,2025-04-11,2025-04-21,7,228.99,8.08,Coking Coal,nan,S2 Shipping LLP,SAIL/MHC,Not Ready,ETA-21(18:00),NA,NA,"33,000",NA,NA,nan,nan,nan,nan,nan,nan,Vessel neaped on 21(PM),8,22/04/25 09:00,22/04/25 10:00,13 OFF,23/04/25 17:50,24/04/25 02:10,BERTH-8,BERTH-11,23/04/25 20:50,
HAL12500063::HONG DA XIN 89,HAL12500063,HONG DA XIN 89,2025-04-11,2025-04-21,7,158.56,7.20,Container,nan,Far Shipping,Slot Charterers,19(12:31),ETA-21(21:00),NA,NA,204 Boxes,274 TEUs,19(13:06),nan,nan,nan,nan,nan,nan,Only Import,11,22/04/25 11:00,22/04/25 11:15,HOJ-I,22/04/25 17:10,22/04/25 18:45,,,,
HAL12500098::LADY AYANA,HAL12500098,LADY AYANA,2025-04-17,2025-04-21,4,169.03,7.15,Rock Phosphate,nan,Alap Carriers,Various/MHC,19(16:23),20(21:50),20(21:50),20(21:50),"15,200",NA,NA,nan,nan,nan,nan,nan,nan,Vessel called in AM tide on date,13,21/04/25 18:30,21/04/25 20:15,HOJ-II,22/04/25 20:40,23/04/25 12:15,BERTH-13,BERTH-11,22/04/25 23:45,
HAL12500119::MAGIC CALLISTO,HAL12500119,MAGIC CALLISTO,2025-04-20,2025-04-21,2,225.00,7.96,Coking Coal,nan,J M Baxi Marine Services,SAIL/ISPHL,BOT Berth,21(02:48),21(02:48),21(02:48),"33,000",NA,NA,nan,nan,nan,nan,nan,nan,,4A,22/04/25 07:18,22/04/25 08:00,8,24/04/25 04:00,24/04/25 11:25,,,,
HAL12500107::MYRTO,HAL12500107,MYRTO,2025-04-18,2025-04-21,3,228.99,7.70,Coking Coal,nan,TMILL,SAIL/MHC,Not Ready,20(20:00),NA,NA,"32,000",NA,NA,nan,nan,nan,nan,nan,nan,Vessel neaped all Night tides from 20th to 22nd and all Day tides from 21st to 24th. Vessel swapped from BOT Berth to Port Berth as per SAIL requirement | Vessel neaped all Night tides from 20th to 22nd and all Day tides from 21st to 24th. Vessel swapped from BOT Berth to Port Berth on 20(12:10). Vessel called in AM tide on date,2,21/04/25 21:45,21/04/25 22:30,13,23/04/25 03:10,23/04/25 14:15,BERTH-2,BERTH-13 O,23/04/25 09:30,
HAL12500078::AL MARYAH,HAL12500078,AL MARYAH,2025-04-15,2025-04-22,5,226.00,8.20,nan,PROPANE-(I)-10049 BUTANE-(I)-9563,INTEROCEAN,IOCL,nan,nan,nan,nan,nan,nan,nan,12(18:24),22(09:17),22(09:17),31,IOPPL,HOJ-I/HOJ-II B-16(O)/17(O),"Ullage confirmation & Readiness Documents are awaited. | 1. Ullage confirmation & Readiness Documents are awaited. 2. As intimated from Terminal, the required ullage may be available on 23rd April.",HOJ-I,23/04/25 07:30,23/04/25 09:00,HOJ-I,24/04/25 12:30,24/04/25 17:48,,,,
HAL12500114::AP JADRAN,HAL12500114,AP JADRAN,2025-04-20,2025-04-22,3,229.00,8.19,Coking Coal & PCI Coal,nan,Cross Ocean Enterprises,Rawmet Resources/MHC,Not Ready,ETA-22(20:00),NA,NA,"31,000",NA,NA,nan,nan,nan,nan,nan,nan,,13,23/04/25 09:15,23/04/25 11:00,6,24/04/25 18:40,25/04/25 02:36,,,,
HAL12500124::DRAGONBALL,HAL12500124,DRAGONBALL,2025-04-22,2025-04-22,1,166.15,7.30,Project Cargo,nan,TMILL,Various/TMILL,21(21:30),21(23:51),21(23:51),29(23:51),847,NA,NA,nan,nan,nan,nan,nan,nan,Vessel being called in AM tide on date,12,22/04/25 19:48,22/04/25 23:40,,,,,,,
HAL12500103::MACALLAN,HAL12500103,MACALLAN,2025-04-21,2025-04-22,2,139.98,8.00,CPO,nan,Seaport Services,Adani Wilmar,21(10:04),21(21:00),21(21:00),26(21:00),"11,999",NA,19(12:30),nan,nan,nan,nan,nan,nan,Vessel called in 22(AM) tide but could not supplied due to Engine problem,TERMINAL,23/04/25 07:30,23/04/25 10:24,13,25/04/25 02:12,25/04/25 05:36,,,,
HAL12500120::XI YUAN,HAL12500120,XI YUAN,2025-04-20,2025-04-22,3,225.00,7.70,PCI Coal,nan,Cross Ocean Enterprises,SAIL/MHC,Not Ready,ETA-22(13:00),NA,NA,"31,400",NA,NA,nan,nan,nan,nan,nan,nan,Vessel swapped from BOT Berth to Port Berth as per SAIL requirement,2,23/04/25 11:00,23/04/25 11:55,2,24/04/25 16:45,25/04/25 00:15,BERTH-2,BERTH-6,24/04/25 23:06,
HAL12500130::ANAEL,HAL12500130,ANAEL,2025-04-23,2025-04-23,1,181.78,7.50,CBFS,nan,Interocean Shipping,PCBL Chemical Ltd,Not Ready,ETA-25th,NA,NA,"18,000",NA,NA,nan,nan,nan,nan,nan,nan,,,,,,,,,,,
HAL12500123::APJ INDRANI,HAL12500123,APJ INDRANI,2025-04-22,2025-04-23,2,225.00,7.20,Thermal Coal,nan,Bothra Shipping Services,NTPC Tamilnadu Energy/Mechanical,23(10:03),22(12:48),23(10:03),23(10:03),"31,846",NA,NA,nan,nan,nan,nan,nan,nan,Coastal | Coastal. Vessel called in AM tide on date,4,23/04/25 13:18,23/04/25 16:05,4,26/04/25 22:20,27/04/25 02:15,,,,
HAL12500109::ARKAS,HAL12500109,ARKAS,2025-04-18,2025-04-23,5,196.00,7.34,Manganese Ore,nan,Gac Shipping,Various/MHC,21(12:47),ETA-23(15:00),NA,NA,"20,127",NA,21(16:14),nan,nan,nan,nan,nan,nan,,9,24/04/25 09:30,24/04/25 11:20,9,28/04/25 02:00,28/04/25 07:25,,,,
HAL12500102::BW TYR,HAL12500102,BW TYR,2025-04-18,2025-04-23,4,225.46,8.20,nan,PROPANE-(I)-11558 BUTANE-(I)-10750,SAMSARA SHIPPING,BPCL,nan,nan,nan,nan,nan,nan,nan,21(04:00),21(17:40),21(17:40),36,BPCL,HOJ-III B-18(O),Ullage confirmation & Readiness Documents are awaited.,HOJ-III,24/04/25 08:48,24/04/25 10:24,HOJ-III,25/04/25 21:00,26/04/25 07:00,,,,
HAL12500080::GOLDEN KEEN,HAL12500080,GOLDEN KEEN,2025-04-15,2025-04-23,8,229.07,8.10,Coking Coal,nan,Seatrans Ship Management,Jai Balaji Industries/MHC,18(14:59),23(00:24),23(00:24),23(00:24),"33,000",NA,19(09:58),nan,nan,nan,nan,nan,nan,Vessel called in PM tide on date,8,23/04/25 22:48,24/04/25 00:15,,,,,,,
HAL12500095::HAI YAN,HAL12500095,HAI YAN,2025-04-21,2025-04-23,3,117.60,8.00,CPO,nan,Marinelinks Shipping Agencies,Emami Agrotech,22(13:29),23(05:54),23(05:54),28(05:54),"8,503",NA,22(12:12),nan,nan,nan,nan,nan,nan,Priority may not be accorded | Priority may not be accorded. Vessel called in PM tide on date,5,24/04/25 00:36,24/04/25 02:54,,,,,,,
HAL12500125::MARITIME ROSEMARY,HAL12500125,MARITIME ROSEMARY,2025-04-22,2025-04-23,2,180.00,8.00,nan,HSD-(I)10547.668 MS-(I)3704.620,ATLANTIC GLOBAL,RELIANCE,nan,nan,nan,nan,nan,nan,nan,23(03:30),Not Ready,Not Ready,N/A,RELIANCE,HOJ-III B-18(O),Ullage confirmation & Readiness Documents are awaited.,HOJ-III,26/04/25 10:42,26/04/25 14:00,,,,,,,
HAL12500092::OCEAN VENUS,HAL12500092,OCEAN VENUS,2025-04-16,2025-04-23,7,229.00,7.29,Coking Coal,nan,Gac Shipping,Rungta Mines/MHC,19(15:09),23(07:00),23(07:00),23(07:00),"27,000",NA,20(22:48),nan,nan,nan,nan,nan,nan,Reporting time as per Agent. Vessel called in PM tide on date,4B,23/04/25 20:48,23/04/25 22:05,4B,25/04/25 23:30,26/04/25 06:15,,,,
HAL12500090::AL WUKIR,HAL12500090,AL WUKIR,2025-04-17,2025-04-24,6,225.28,7.60,nan,PROPANE-(I)-8200 BUTANE-(I)-8200,ATLANTIC GLOBAL,IOCL,nan,nan,nan,nan,nan,nan,nan,14(16:00),24(06:55),24(06:55),24,IOPPL,HOJ-I/HOJ-II B-16(O)/17(O),Ullage confirmation & Readiness Documents are awaited.,HOJ-II,26/04/25 11:54,27/04/25 07:24,HOJ-II,26/04/25 11:54,,,,,
HAL12500127::BARGE NINGBO,HAL12500127,BARGE NINGBO,2025-04-23,2025-04-24,2,225.30,8.10,nan,PROPANE-(I)-10400 BUTANE-(I)-10350,INTEROCEAN SHIPPING,IOCL,nan,nan,nan,nan,nan,nan,nan,ETA-26.04.2025,Not Ready,Not Ready,N/A,IOPPL,HOJ-I/HOJ-II B-16(O)/17(O),Ullage confirmation & Readiness Documents are awaited.,,,,,,,,,,
HAL12500117::CL QINGSHUI HE,HAL12500117,CL QINGSHUI HE,2025-04-20,2025-04-24,5,228.90,8.20,Steam Coal,nan,Merchant Shipping Services,Balaji Malts/MHC,23(19:30),23(17:06),23(19:30),23(19:30),"33,891",NA,NA,nan,nan,nan,nan,nan,nan,Vessel called in PM tide on date,2,24/04/25 23:30,25/04/25 01:10,2,26/04/25 08:15,26/04/25 15:15,,,,
HAL12500115::DING HENG 21,HAL12500115,DING HENG 21,2025-04-20,2025-04-24,5,111.98,7.00,Acetic Acid,nan,Samudra Marine Services,MCPI Pvt Ltd & Goenka Chemical,23(10:33),23(17:06),23(17:06),NA,"5,975",NA,21(11:39),nan,nan,nan,nan,nan,nan,Priority may not be accorded | Priority may not be accorded. Vessel called in AM tide on date,7,24/04/25 12:00,24/04/25 14:12,TERMINAL 2,25/04/25 01:54,,,,,
HAL12500129::GAS UMMAL ROWAISAT,HAL12500129,GAS UMMAL ROWAISAT,2025-04-23,2025-04-24,2,228.45,7.50,nan,PROPANE-(I)-5900 BUTANE-(I)-5900,ATLANTIC GLOBAL,IOCL,nan,nan,nan,nan,nan,nan,nan,23(11:30),Not Ready,Not Ready,N/A,IOPPL,HOJ-I/HOJ-II B-16(O)/17(O),Ullage confirmation & Readiness Documents are awaited.,,,,,,,,,,
Yet to be declared::ISTRIA,Yet to be declared,ISTRIA,2025-04-22,2025-04-24,2,229.00,8.69,Met Coke,nan,Alap Carriers,Narsingh Ispat Ltd.,N/A,ETA-27.04.2025 (A.M Hours),N/A,N/A,"3,253",N/A,N/A,nan,nan,nan,nan,nan,nan,"Total Cargo: 35,903 MT. Balance cargo to be discharged inside dock.",,,,,,,,,,
HAL12500116::MANASAROVAR,HAL12500116,MANASAROVAR,2025-04-20,2025-04-24,4,226.00,8.00,nan,PROPANE-(I)-11000 BUTANE-(I)-11000,ATLANTIC GLOBAL,HPCL,nan,nan,nan,nan,nan,nan,nan,23(11:12),Not Ready,Not Ready,N/A,AEGIS,HOJ-I/HOJ-II B-16(O)/17(O),Ullage confirmation & Readiness Documents are awaited.,,,,HOJ-II,28/04/25 16:36,29/04/25 08:36,,,,
HAL12500125::MARITIME ROSEMARY (COASTAL),HAL12500125,MARITIME ROSEMARY (COASTAL),2025-04-24,2025-04-24,1,180.00,8.00,nan,HSD-(I)10547.668 MS-(I)3704.620,ATLANTIC GLOBAL,RELIANCE,nan,nan,nan,nan,nan,nan,nan,23(03:30),23(13:35),23(13:35),28,RELIANCE,HOJ-III B-18(O),,,,,,,,,,,
HAL12500126::NORD SATURN,HAL12500126,NORD SATURN,2025-04-22,2025-04-24,3,225.00,8.07,PCI Coal,nan,J M Baxi Marine Services,SAIL/ISPHL,BOT Berth,24(09:00),24(09:00),24(09:00),"33,000",NA,NA,nan,nan,nan,nan,nan,nan,Reporting time as per Agent. Vessel called in PM tide on date,4A,24/04/25 22:06,24/04/25 22:40,4A,26/04/25 18:00,27/04/25 00:35,,,,
HAL12500096::PELICAN PACIFIC,HAL12500096,PELICAN PACIFIC,2025-04-17,2025-04-24,5,182.90,7.00,CDSBO,nan,Interocean Shipping,Patanjali Foods,22(10:36),24(02:12),24(02:12),29(02:12),"15,000",NA,22(11:23),nan,nan,nan,nan,nan,nan,Patanjali Foods Ltd does not want to work upon the vessel at OMB & B/18(O) | Patanjali Foods Ltd does not want to work upon the vessel at OMB & B/18(O). Vessel called in PM tide on date,6,25/04/25 01:30,25/04/25 04:12,6,26/04/25 04:24,26/04/25 12:30,,,,
HAL12500060::REIMEI,HAL12500060,REIMEI,2025-04-10,2025-04-24,9,226.00,8.40,nan,PROPANE-(I)-12585 BUTANE-(I)-12715,SAMSARA SHIPPING,BPCL,nan,nan,nan,nan,nan,nan,nan,15(23:54),Not Ready,Not Ready,N/A,BPCL,HOJ-III B-18(O),a1w. Tahitee md.other vessel M.T. REIMEI will conduct STS operation with the daughter vessel M.T GREEN SARITA at Dhamra. 2. Ullage confirmation & Readiness Documents are | 1. The mother vessel M.T. REIMEI will conduct STS operation with the daughter vessel M.T GREEN SARITA at Dhamra. 2. Ullage confirmation & Readiness Documents are | 1. The mother vessel M.T. REIMEI will conduct STS operation with daughter vessel M.T GREEN SARITA at Dhamra. 2. Ullage confirmation & Readiness Documents are awaited. | 1. Vessel neaped from 17th to 24th April'2025. 2. Ullage confirmation & Readiness Documents are awaited. | 1. Vessel neaped till 24th April'2025. 2. Ullage confirmation & Readiness Documents are awaited. | 1. Vessel neaped till 21st as well as on 23rd & 24th April '2025 2. Ullage confirmation & Readiness Documents are awaited. | 1.The vessel was neaped on 21st April 2025. The vessel neaped on 23rd and 24th April 2025. 2. Ullage confirmation & Readiness Documents are awaited. | 1.The vessel was neaped on 21st & 23rd April 2025. The vessel neaped on 24th April 2025. 2. Ullage confirmation & Readiness Documents are awaited.,HOJ-III,29/04/25 12:54,29/04/25 14:30,HOJ-III,30/04/25 21:30,01/05/25 09:42,,,,
HAL12500118::SC XIAMEN,HAL12500118,SC XIAMEN,2025-04-20,2025-04-24,4,128.60,8.00,nan,PARAXYLENE-(I)9701,ATLANTIC GLOBAL,MCPI,nan,nan,nan,nan,nan,nan,nan,ETA-24(21:00),22(16:15),ETA-24(21:00),28,MCPI,HOJ-I & OT-II B-16(O)& OT-II,Ullage confirmation & Readiness Documents are awaited.,,,,HOJ-I,26/04/25 06:36,26/04/25 18:54,,,,
HAL12500070::TRADER,HAL12500070,TRADER,2025-04-15,2025-04-24,9,166.15,8.30,Container,nan,MSC Agency,Slot Charterers,23(12:08),23(23:59),23(23:59),NA,655 Boxes,800 TEUs,22(11:58),nan,nan,nan,nan,nan,nan,Vessel called in AM tide on date,10,24/04/25 11:00,24/04/25 11:15,,,,,,,
HAL12500132::ANAEL,HAL12500132,ANAEL,2025-04-24,2025-04-25,2,181.78,7.50,CBFS,nan,Interocean Shipping,PCBL Chemical Ltd,Not Ready,ETA-25(13:00),NA,NA,"18,000",NA,NA,nan,nan,nan,nan,nan,nan,Vessel called in PM tide on date,6,26/04/25 13:42,26/04/25 16:18,,,,,,,
HAL12500068::BLPL FAITH,HAL12500068,BLPL FAITH,2025-04-15,2025-04-25,10,140.00,7.90,Container,nan,Transworld Global Logistics Solutions,Slot Charterers,23(11:29),25(00:18),25(00:18),NA,152 Boxes,196 TEUs,23(11:11),nan,nan,nan,nan,nan,nan,Only Import | Only Import. Vessel called in AM tide on date,,,,,,,,,,
HAL12500105::DIONI,HAL12500105,DIONI,2025-04-18,2025-04-25,7,189.99,7.63,Manganese Ore,nan,Bharat Marine Services,Various/MHC,22(17:58),ETA-26(09:30),NA,NA,"10,818",NA,23(11:11),nan,nan,nan,nan,nan,nan,,2,26/04/25 23:30,27/04/25 01:05,,,,,,,
HAL12500111::FEDERAL INNOKO,HAL12500111,FEDERAL INNOKO,2025-04-18,2025-04-25,7,199.98,7.32,Manganese Ore,nan,Gac Shipping,Various/MHC,23(12:27),24(15:24),24(15:24),24(15:24),"24,430",NA,22(14:36),nan,nan,nan,nan,nan,nan,Vessel called in AM tide on date,,,,13,26/04/25 16:15,26/04/25 18:50,,,,
HAL12500112::HENRY MAERSK,HAL12500112,HENRY MAERSK,2025-04-20,2025-04-25,6,180.00,8.55,CDSBO,nan,Interocean Shipping,Various,23(21:08),21(08:00),23(21:08),28(21:08),"20,000",NA,NA,nan,nan,nan,nan,nan,nan,Vessel neaped on 21(PM) & 22(PM) and all Day tides from 21st to 24th | Vessel neaped in all Night Tides and 23(AM) & 24(AM). Reporting time as per Agent | Vessel neaped in all Night Tides and 23(AM) & 24(AM). | Vessel neaped in all Night Tides and 23(AM) & 24(AM),TERMINAL,26/04/25 11:00,26/04/25 14:42,TERMINAL 2,29/04/25 16:00,30/04/25 09:48,,,,
HAL12500128::JIU LI 669,HAL12500128,JIU LI 669,2025-04-23,2025-04-25,3,142.40,8.50,CPO,nan,Seaport Services,"Emami Agrotech, Gokul Agro Resources & Kanpur Edibles Pvt Ltd",Not Ready,ETA-25(23:30),NA,NA,"14,699",NA,NA,nan,nan,nan,nan,nan,nan,,5,27/04/25 01:12,27/04/25 04:40,5,29/04/25 01:12,29/04/25 03:40,,,,
HAL12500100::RUBY STAR,HAL12500100,RUBY STAR,2025-04-17,2025-04-25,8,229.00,8.60,Manganese Ore,nan,Gac Shipping,Various/MHC,19(16:42),23(08:44),23(08:44),23(08:44),"32,600",NA,17(14:06),nan,nan,nan,nan,nan,nan,Vessel neaped on 23(AM) &24(AM) | Vessel neaped on 23(AM) &24(AM). Reporting time as per Agent | Vessel neaped in all Night Tides and all Day Tides from 23th to 25th,4B,26/04/25 12:30,26/04/25 14:30,4B,28/04/25 09:00,28/04/25 14:45,,,,
HAL12500097::SEAWAYS CAPE MAY,HAL12500097,SEAWAYS CAPE MAY,2025-04-17,2025-04-25,7,183.00,8.50,CDSBO,nan,Interocean Shipping,Various,21(16:15),18(18:42),21(16:15),26(16:15),"19,500",NA,22(11:19),nan,nan,nan,nan,nan,nan,Vessel neaped all Night tides from 18th to 22nd and all Day tides from 19th to 24th | Vessel neaped all Night tides from 18th to 22nd and all Day tides from 19th to 24th. Vessel called in AM tide on date,7,27/04/25 12:30,27/04/25 14:20,,,,,,,
HAL12500131::YUAN HANG CAI FU,HAL12500131,YUAN HANG CAI FU,2025-04-23,2025-04-25,3,225.00,7.98,PCI Coal,nan,Infinity Shipping,Rungta Mines/MHC,24(12:45),25(05:18),25(05:18),25(05:18),"30,800",NA,NA,nan,nan,nan,nan,nan,nan,Vessel called in PM tide on date,8,27/04/25 11:00,27/04/25 16:45,,,,,,,
HAL12500063R::HONG DA XIN 89,HAL12500063R,HONG DA XIN 89,2025-04-27,2025-04-27,1,158.56,5.10,Container,nan,Far Shipping,Slot Charterers,Ready,Ex KDS-26th,26(20:42),NA,323 Boxes,400 TEUS,26(15:32),nan,nan,nan,nan,nan,nan,F/WatKDSon25(20:45).ReportedatSandheadson26(20:42). Only Export. Vessel called in AM tide on date,,,,,,,,,,
HAL12500084::SITC SHUNDE,HAL12500084,SITC SHUNDE,2025-04-15,2025-04-27,11,171.90,7.60,Container,nan,Eastern Liner Shipping,Slot Charterers,25(16:02),27(04:00),27(04:00),NA,696 Boxes,1288 TEUS,24(15:50),nan,nan,nan,nan,nan,nan,Reporting time as per Agent. Vessel called in AM tide on date,,,,10,28/04/25 18:00,28/04/25 19:55,,,,
HAL12500110::SSL THAMIRABARANI,HAL12500110,SSL THAMIRABARANI,2025-04-18,2025-04-27,8,142.70,8.20,Containers,nan,Unifeeder Agencies India,Slot Charterers,26(10:52),27(09:48),27(09:48),NA,646 Boxes,894 TEUS,25(13:53),nan,nan,nan,nan,nan,nan,Reporting time as per Agent.Vessel called in PM tide on date,,,,11,29/04/25 13:35,29/04/25 17:40,,,,
HAL12500113::TAN BINH 129,HAL12500113,TAN BINH 129,2025-04-20,2025-04-27,7,150.52,7.20,Antharacite Coal,nan,J M Baxi Marine Services,Carbon Resources/MHC,26(12:47),27(01:15),27(01:15),27(01:15),"11,600",NA,NA,nan,nan,nan,nan,nan,nan,Vessel called in AM tide on date,12,28/04/25 02:00,,13,27/04/25 23:30,28/04/25 17:05,,,,
HAL12500135::ISTRIA,HAL12500135,ISTRIA,2025-04-25,2025-04-28,3,229.00,8.40,Metallurgical Coke,nan,Alap Carriers,Narsingh Ispat/MHC,25(12:04),26(18:30),26(18:30),26(18:30),"32,650",NA,25(11:15),nan,nan,nan,nan,nan,nan,"Total Cargo: 35,903 MT. Balance cargo to be discharged inside dock. | To lighten 3,253 MT at Sagar | Tolighten3,253MTatSagar.VesselcalledinAMtideondateat Sagar Anchorage | Lightened3,253MTatSagar.F/WatSagaron27(23:15).Latefor tide on 28(AM)",13,29/04/25 01:42,29/04/25 03:00,13,30/04/25 17:20,30/04/25 20:55,,,,
HAL12500067::RB LEAH,HAL12500067,RB LEAH,2025-04-15,2025-04-29,13,229.00,8.45,Coking Coal & PCI Coal,nan,Bothra Shipping,Electrosteel Castings/MHC,21(16:07),28(06:00),28(06:00),28(06:00),"39,000",NA,24(12:09),nan,nan,nan,nan,nan,nan,"To lighten Coking Coal 8,800 MT at Sagar | Total Cargo: 40,041 MT(C.Coal 29041MT,PCI Coal 11000MT). Balance cargo to be discharged inside dock. | ReportingtimeasperAgent.TolightenCokingCoal8,800MTat Sagar.Aftercompletionoflighterageopertaionexpecteddraft would be 8.40 | LightenedCokingCoal8,800MTatSagar.Vessellatefortideon 29(AM)",2,30/04/25 01:42,30/04/25 02:45,2,01/05/25 10:30,01/05/25 14:50,,,,
HAL12500133::SIBI,HAL12500133,SIBI,2025-04-24,2025-04-29,5,169.37,8.20,Nut Coke & Met Coke,nan,Sakura Logistics,Various/MHC,26(13:28),28(13:18),28(13:18),28(13:18),"20,000",NA,NA,nan,nan,nan,nan,nan,nan,,8,30/04/25 03:55,,8,01/05/25 10:50,,BERTH-8,BERTH-9,01/05/25 23:18,
HAL12500127::BERGE NINGBO,HAL12500127,BERGE NINGBO,2025-04-30,2025-04-30,1,225.30,8.10,nan,PROPANE-(I)-10400 BUTANE-(I)-10350,INTEROCEAN SHIPPING,IOCL,nan,nan,nan,nan,nan,nan,nan,25(23:30),29(09:31),29(09:31),28,IOPPL,HOJ-I/HOJ-II B-16(O)/17(O),Vessel called at B/16(O),HOJ-I,30/04/25 13:00,30/04/25 14:48,HOJ-I,01/05/25 15:18,01/05/25 22:48,,,,
HAL12500144::FUDA,HAL12500144,FUDA,2025-04-27,2025-04-30,4,189.99,7.98,PCI Coal,nan,Eveready Shipping,Visma Global Trading/MHC,29(12:12),29(20:48),29(20:48),29(20:48),"28,153",NA,29(13:00),nan,nan,nan,nan,nan,nan,,13,01/05/25 01:42,01/05/25 03:30,,,,,,,
HAL12500145::JIN SHUN,HAL12500145,JIN SHUN,2025-04-27,2025-04-30,4,190.00,7.99,Manganese Ore,nan,Gac Shipping,Various/MHC,29(11:38),29(19:35),29(19:35),29(19:35),"20,250",NA,28(10:44),nan,nan,nan,nan,nan,nan,Vessel called in AM tide on date,4B,30/04/25 14:48,30/04/25 16:00,4B,01/05/25 19:30,01/05/25 22:50,,,,
HAL12500136::PVT JUPITER,HAL12500136,PVT JUPITER,2025-04-27,2025-04-30,4,147.83,7.20,LAB,nan,Atlantic Global Shipping,Various,28(14:44),30(06:00),30(06:00),NA,"5,067",NA,29(16:10),nan,nan,nan,nan,nan,nan,Vessel called in AM tide on date,7,30/04/25 17:48,30/04/25 20:00,7,01/05/25 07:00,01/05/25 19:35,,,,
HAL12500137::WEALTHY BAY,HAL12500137,WEALTHY BAY,2025-04-27,2025-04-30,4,124.00,8.60,CPO & RBD Palm Oil,nan,Marinelinks Shipping Agencies,Various,28(17:05),29(20:30),29(20:30),04(20:30),"11,300",NA,29(11:43),nan,nan,nan,nan,nan,nan,Vessel neaped all Night Tides | Vessel called in AM tide on date. Vessel neaped all Night Tides,5,30/04/25 16:00,30/04/25 19:15,5,03/05/25 06:20,03/05/25 07:25,,,,
HAL12500174::BTG ULRIKEN,HAL12500174,BTG ULRIKEN,2025-05-01,2025-05-01,1,229.00,8.20,Coking Coal,nan,TMILL,Tata Steel/MHC,Not Ready,ETA-07(PM),NA,NA,"30,000",NA,NA,nan,nan,nan,nan,nan,nan,,,,,,,,,,,
HAL12500138::DS COUGAR,HAL12500138,DS COUGAR,2025-04-30,2025-05-01,2,126.50,8.30,nan,PARAXYLENE- (I)10026.244,SAMUDRA MARINE,MCPI,nan,nan,nan,nan,nan,nan,nan,01(09:00),28(09:28),01(09:00),28,MCPI,HOJ-I & OT-II B-16(O)& OT-II,Reporting time as per Agent.,,,,TERMINAL 2,03/05/25 10:12,03/05/25 23:18,,,,
HAL12500166::OCEANBEAUTY,HAL12500166,OCEANBEAUTY,2025-04-30,2025-05-01,2,189.99,8.20,Manganese Ore,nan,Seavision Shipping,Various/MHC,Not Ready,ETA-06(PM),NA,NA,"27,624",NA,29(18:24),nan,nan,nan,nan,nan,nan,,13,07/05/25 02:15,07/05/25 10:25,13,07/05/25 02:15,,,,,
HAL12500106::VEGA DABLAM,HAL12500106,VEGA DABLAM,2025-04-18,2025-05-01,12,179.88,7.50,Coking Coal,nan,Bothra Shipping,Electrosteel Castings/MHC,24(15:30),ETA-01(18:00),NA,NA,"16,500",NA,28(12:19),nan,nan,nan,nan,nan,nan,,8,02/05/25 03:12,02/05/25 04:35,,,,,,,
HAL12500159::VISHVA VIJAY,HAL12500159,VISHVA VIJAY,2025-04-29,2025-05-01,3,229.00,8.00,Steam coal,nan,Alap Carriers,Saraogi Udyog/MHC,29(17:27),30(09:18),30(09:18),30(09:18),"33,278",NA,29(11:41),nan,nan,nan,nan,nan,nan,Vessel called in AM tide on date,2,01/05/25 15:48,01/05/25 17:00,2,02/05/25 22:30,03/05/25 11:15,,,,
HAL12500161::AI STRATIS,HAL12500161,AI STRATIS,2025-04-30,2025-05-02,3,229.00,8.30,Steam coal,nan,TMILL,Tata Steel/MHC,02(10:20),ETA-03(06:00),NA,NA,"30,000",NA,NA,nan,nan,nan,nan,nan,nan,Vessel neaped in all PM tides from 03rd to 05th,2,03/05/25 18:42,03/05/25 19:50,,,,,,,
HAL12500171::APOLLO OCEAN,HAL12500171,APOLLO OCEAN,2025-05-01,2025-05-02,2,230.00,7.20,nan,PROPANE-(I)-9132 BUTANE-(I)-9122,ATLANTIC GLOBAL,IOCL,nan,nan,nan,nan,nan,nan,nan,ETA-02(23:30),Not Ready,Not Ready,N/A,IOPPL,HOJ-I/HOJ-II B-16(O)/17(O),Ullage confirmation & Readiness Documents are awaited.,HOJ-II,03/05/25 14:42,03/05/25 17:06,,,,,,,
HAL12500156::DARYA RAPTI,HAL12500156,DARYA RAPTI,2025-04-29,2025-05-02,4,182.99,7.20,Raw Petroleum Coke,nan,Sea Chhathmaa Shipping,Petro Carbon And Chemicals/MHC,Not Ready,ETA-03(05:00),NA,NA,"10,000",NA,NA,nan,nan,nan,nan,nan,nan,,4B,04/05/25 20:40,05/05/25 08:20,,,,,,,
HAL12500169::MSC DIYA F,HAL12500169,MSC DIYA F,2025-05-01,2025-05-02,2,147.83,7.20,Container,nan,MSC Agency,Slot Charterers,Ready,Ex KDS-01st,01(01:40),NA,95 Boxes,167 TEUs,NA,nan,nan,nan,nan,nan,nan,F/W at KDS on 01(01:40). ETA at Sandheads on 01(23:30). Only Export | F/WatKDSon01(01:40).OnlyExport.ReportedatSandheadson 02(07:00). Vessel called in AM tide on date,,,,,,,,,,
HAL12500104::MSC MANASA F,HAL12500104,MSC MANASA F,2025-04-18,2025-05-02,13,154.00,7.00,Containers,nan,MSC Agency,Slot Charterers,30(13:55),ETA-02(18:00),NA,NA,407 Boxes,491 TEUs,30(14:19),nan,nan,nan,nan,nan,nan,,10,03/05/25 19:45,03/05/25 21:20,,,,,,,
HAL12500153::ORIENTAL JASMINE,HAL12500153,ORIENTAL JASMINE,2025-04-30,2025-05-02,3,134.03,8.20,nan,PARAXYLENE- (I)11949.442,ISS SHIPPING,MCPI,nan,nan,nan,nan,nan,nan,nan,01(18:18),30(12:26),01(18:18),33,MCPI,HOJ-I & OT-II B-16(O)& OT-II,Ullage confirmation & Readiness Documents are awaited. | Vessel called at B/16(O),,,,HOJ-I,03/05/25 12:36,03/05/25 23:24,,,,
HAL12500151::PABUR,HAL12500151,PABUR,2025-04-29,2025-05-02,4,225.00,8.25,Coking Coal,nan,Gac Shipping,SAIL/ISPHL,BOT Berth,ETA-02(21:00),NA,NA,"33,000",NA,NA,nan,nan,nan,nan,nan,nan,,4A,03/05/25 17:00,03/05/25 17:40,,,,,,,
HAL12500154::PEBBLES (COASTAL),HAL12500154,PEBBLES (COASTAL),2025-04-30,2025-05-02,3,129.20,6.00,nan,LUBE OIL -(E)9500,ATLANTIC Global,IOCL,nan,nan,nan,nan,nan,nan,nan,28(19:48),Not Ready,Not Ready,N/A,IOCL,HOJ-I B-16(O),Ullage confirmation & Readiness Documents are awaited.,,,,,,,,,,
HAL12500173::THUNDERBIRD,HAL12500173,THUNDERBIRD,2025-05-01,2025-05-02,2,229.00,7.95,Steam Coal,nan,Alap Carriers,JSW Minerals Trading/MHC,02(09:51),ETA-03(22:00),NA,NA,"30,000",NA,NA,nan,nan,nan,nan,nan,nan,,8,04/05/25 05:18,05/05/25 22:15,,,,,,,
HAL12500141::WEI YE FU YUN,HAL12500141,WEI YE FU YUN,2025-04-27,2025-05-02,6,225.00,7.05,Steam Coal,nan,Seatrans Shipmanagement,Narsingh Mercantile/MHC,29(09:58),02(01:42),02(01:42),02(01:42),"25,000",NA,NA,nan,nan,nan,nan,nan,nan,Vessel called in AM tide on date,4B,04/05/25 02:00,04/05/25 06:15,4B,04/05/25 02:00,,,,,
HAL12500122::WHITE BAY,HAL12500122,WHITE BAY,2025-04-22,2025-05-02,10,189.99,8.19,Metallurgical Coke,nan,Gac Shipping,Orissa Metaliks/MHC,23(12:26),27(17:42),27(17:42),27(17:42),"24,265",NA,27(12:59),nan,nan,nan,nan,nan,nan,"To lighten 8,955 MT at Sagar | Total Cargo: 33,220 MT. Balance cargo to be discharged inside dock. | To lighten 8,955MTatSagar. After completion of lighterage opertaionexpecteddraftwouldbe8.00.VesselcalledinAMtideon date at Sagar Anchorage | Lightening8,955MTatSagar.(BOB-7,650MT).Aftercompletion of lighterage opertaion expected draft would be 8.00 | Lightening8,955MTatSagar.(BOB-4,587MT).Aftercompletionof lighterage opertaion expected draft would be 8.00 | Lightening8,955MTatSagar.(BOB-1,785MT).Aftercompletionof lighterage opertaion expected draft would be 8.00 | Lightened8,955MTatSagar.F/WatSagarAnchorageon01(15:30). Vessel called in AM tide on date",13,04/05/25 19:30,04/05/25 23:20,,,,,,,
HAL12500163::DAGAT MAS,HAL12500163,DAGAT MAS,2025-04-30,2025-05-04,4,119.85,6.15,Project Cargo,nan,Pharos Shipping & Overseas Services,AIR Water India,03(15:35),04(09:00),04(09:00),12(09:00),318,NA,02(17:38),nan,nan,nan,nan,nan,nan,Reporting time as per Agent. Vessel called in AM tide on date,9,05/05/25 20:40,,9,05/05/25 20:40,06/05/25 11:50,,,,
HAL12500167::GCL ICON,HAL12500167,GCL ICON,2025-04-30,2025-05-04,4,229.00,8.10,Pyroxenite,nan,TMILL,Tata Steel/TMILL,02(12:00),04(07:30),04(07:30),08(07:30),"32,242",NA,02(10:51),nan,nan,nan,nan,nan,nan,Reporting time as per Agent. Vessel called in AM tide on date,,,,12,06/05/25 12:40,06/05/25 22:25,,,,
HAL12500157::JAG VASANT,HAL12500157,JAG VASANT,2025-04-30,2025-05-04,4,230.00,8.20,nan,PROPANE-(I)-10600 BUTANE-(I)-10700,SAMSARA SHIPPING,BPCL,nan,nan,nan,nan,nan,nan,nan,02(20:00),03(13:06),03(13:06),36,BPCL,HOJ-III B-18(O),Ullage confirmation & Readiness Documents are awaited. | Vessel called in AM tide on date at B/18(O).,HOJ-III,05/05/25 23:48,06/05/25 03:24,,,,,,,
HAL12500146::NO 2 ASIAN PIONEER,HAL12500146,NO 2 ASIAN PIONEER,2025-04-30,2025-05-04,4,126.50,8.40,nan,PARAXYLENE- (I)10315.468,SAMUDRA MARINE,MCPI,nan,nan,nan,nan,nan,nan,nan,04(00:05),02(09:44),04(00:05),29,MCPI,HOJ-I & OT-II B-16(O)& OT-II,Ullage confirmation & Readiness Documents are awaited. | Vessel neaped from 5th to 7th May' 2025. | Vessel called in AM tide on date at OT-II.,TERMINAL 2,05/05/25 13:12,06/05/25 03:24,,,,,,,
HAL12500149::SEA LA BELLE,HAL12500149,SEA LA BELLE,2025-04-27,2025-05-04,7,183.21,8.20,CDSBO,nan,Interocean Shipping,Various,02(10:30),30(18:00),02(10:30),07(10:30),"24,500",NA,02(11:15),nan,nan,nan,nan,nan,nan,"Vessel neaped in all PM tides from 03rd to 05th | VesselneapedinallPMtidesfrom03rdto05th.Vesselwascalled in02(PM)tidebutcouldnotsuppliedduetovesselishavingonly onepilotladder.However,Pilotcouldnottoboardthevessel. Vessel called in AM tide on date",,,,6,06/05/25 13:24,06/05/25 14:50,,,,
HAL12500165::TIVOLI PARK,HAL12500165,TIVOLI PARK,2025-04-30,2025-05-04,4,145.05,6.60,Phosphoric Acid,nan,Atlantic Global Shipping,Indorama India,01(13:50),ETA-04(16:30),NA,NA,"9,164",NA,NA,nan,nan,nan,nan,nan,nan,Priority may not be accorded,5,06/05/25 03:12,,5,06/05/25 03:12,06/05/25 06:25,,,,
HAL12500183::ANJANEYA,HAL12500183,ANJANEYA,2025-05-04,2025-05-05,2,110.30,7.00,Bitumen,nan,Marinelinks Shipping,"Agarwal Industrial Corporation, Choudhary Bitumen & Allied & GP Petroleums Ltd",Not Ready,ETA-05(21:30),NA,NA,"5,242",NA,NA,nan,nan,nan,nan,nan,nan,Priority may not be accorded,7,06/05/25 07:42,06/05/25 11:24,,,,,,,
HAL12500170::BW LOYALTY,HAL12500170,BW LOYALTY,2025-05-01,2025-05-05,4,226.00,8.30,nan,PROPANE-(I)-11700 BUTANE-(I)-11700,ATLANTIC GLOBAL,HPCL,nan,nan,nan,nan,nan,nan,nan,05(06:42),30(13:42),05(06:42),38,AEGIS,HOJ-I/HOJ-II B-16(O)/17(O),Vessel neaped from 5th to 7th May' 2025. | Vessel neaped from 06th to 07th May' 2025 | Vessel called at B/16(O),,,,HOJ-I,07/05/25 01:30,07/05/25 03:54,,,,
HAL12500160::BW PINE,HAL12500160,BW PINE,2025-04-30,2025-05-05,5,226.00,8.20,nan,PROPANE-(I)-12700 BUTANE-(I)-12700,ATLANTIC GLOBAL,IOCL,nan,nan,nan,nan,nan,nan,nan,02(12:00),Not Ready,Not Ready,N/A,IOPPL,HOJ-I/HOJ-II B-16(O)/17(O),"Ullage confirmation & Readiness Documents are awaited. | 1. As intimated from Terminal, the required ullage may be available on 4th/5th May'2025. 2. Ullage confirmation & Readiness Documents are awaited. | 1. Vessel neaped on 6th May' 2025. 2. Ullage confirmation & Readiness Documents are awaited.",,,,HOJ-I,08/05/25 18:18,09/05/25 05:45,,,,
HAL12500166::OCEAN BEAUTY,HAL12500166,OCEAN BEAUTY,2025-05-02,2025-05-05,3,189.99,8.13,Manganese Ore,nan,Seavision Shipping,Various/MHC,04(10:35),04(18:42),04(18:42),04(18:42),"27,624",NA,29(18:24),nan,nan,nan,nan,nan,nan,Vessel neaped on 04(PM) & 06(AM) | Vessel neaped on 04(PM). Vessel called in AM tide on date,,,,,,,,,,
HAL12500142::SITC ZHENGDE,HAL12500142,SITC ZHENGDE,2025-04-27,2025-05-05,8,171.90,8.40,Container,nan,Eastern Liner Shipping,Slot Charterers,03(15:13),05(06:00),05(06:00),NA,749 Boxes,"1,216 TEUs",02(11:46),nan,nan,nan,nan,nan,nan,Vessel neaped on 06(AM) | Reporting time as per Agent. Vessel called in AM tide on date,,,,10,07/05/25 02:05,07/05/25 03:20,,,,
HAL12500140::SOL PIONEER,HAL12500140,SOL PIONEER,2025-04-27,2025-05-05,8,149.60,8.00,Container,nan,Transworld Global Logistics Solutions,Slot Charterers,02(15:53),04(23:00),04(23:00),NA,165 Boxes,166 TEUs,04(12:41),nan,nan,nan,nan,nan,nan,Only Import | Only Import. Vessel called in AM tide on date,11,06/05/25 05:40,,11,06/05/25 05:40,06/05/25 09:25,,,,
HAL12500168::ARREBOL,HAL12500168,ARREBOL,2025-04-30,2025-05-06,6,183.01,8.40,CDSBO,nan,Interocean Shipping,Various,03(14:39),04(17:18),04(17:18),09(17:18),"22,320",NA,04(12:42),nan,nan,nan,nan,nan,nan,VesselneapedinallPMtidesfrom03rdto05thandalsoneapedin all AM tides from 05th to 07th | VesselneapedinallPMtidesfrom03rd&04thandalsoneapedin all AM tides from 05th to 07th | VesselneapedinallPMtidesfrom03rd&04thandalsoneapedin all AM tides from 05th to 07th. Vessel called in PM tide on date,6,06/05/25 22:06,07/05/25 01:06,6,08/05/25 12:48,08/05/25 16:45,,,,
HAL12500189::ASPHALT EXPRESS,HAL12500189,ASPHALT EXPRESS,2025-05-06,2025-05-06,1,117.63,7.10,Bitumen,nan,Atlantic Global Shipping,HPCL,Not Ready,ETA-06(20:00),NA,NA,"5,972",NA,NA,nan,nan,nan,nan,nan,nan,Priority may not be accorded,,,,5,08/05/25 22:00,09/05/25 01:55,,,,
HAL12500164::FANTASEA,HAL12500164,FANTASEA,2025-04-30,2025-05-06,6,224.94,7.90,Anthracite Coal,nan,Seatrans Shipmanagement,Carbon Resources/MHC,02(11:37),ETA-07(06:00),NA,NA,"29,245",NA,NA,nan,nan,nan,nan,nan,nan,"AsinformedbyAgent,vesselyettoreportatSandheadsandis adrift about 35 NM south of Sandheads as per Owner's instruction. | AsinformedbyAgent,vesselyettoreportatSandheadsandisadrift about 35 NM south of Sandheads as per Owner's instruction.",,,,4B,09/05/25 04:50,,,,,
HAL12500186::LUGANO STAR,HAL12500186,LUGANO STAR,2025-05-04,2025-05-06,3,225.00,7.92,Coking Coal,nan,J M Baxi Marine Services,SAIL/ISPHL,BOT Berth,06(05:06),06(05:06),06(05:06),"32,000",NA,05(18:53),nan,nan,nan,nan,nan,nan,Vessel called in PM tide on date,4A,06/05/25 19:54,06/05/25 20:45,4A,08/05/25 22:45,08/05/25 23:55,,,,
HAL12500176::BTG ULRIKEN,HAL12500176,BTG ULRIKEN,2025-05-02,2025-05-07,5,229.00,8.50,Coking Coal,nan,TMILL,Tata Steel/MHC,05(11:28),07(00:54),07(00:54),07(00:54),"36,438",NA,NA,nan,nan,nan,nan,nan,nan,Vessel neaped on 07(AM) & 08(AM) | Vessel neaped on 07(AM). Vessel called in PM tide on date,,,,,,,,,,
HAL-12500184::FAIRWAY (COASTAL),HAL-12500184,FAIRWAY (COASTAL),2025-05-04,2025-05-07,3,171.26,8.00,nan,REFORMATE- (I)12301.115 MS(I)721.181,ATLANTIC Global,IOCL,nan,nan,nan,nan,nan,nan,nan,05(13:00),Not Ready,Not Ready,N/A,IOCL,HOJ-I/HOJ-II B-16(O)/17(O),Ullage confirmation & Readiness Documents are awaited.,,,,,,,,,,
HAL12500181::MANDARIN HANTONG,HAL12500181,MANDARIN HANTONG,2025-05-04,2025-05-07,4,189.99,7.45,Manganese Ore,nan,Bharat Marine Services,Various/MHC,05(17:54),07(03:36),07(03:36),07(03:36),"22,357",NA,06(10:58),nan,nan,nan,nan,nan,nan,,,,,13,09/05/25 01:55,09/05/25 05:15,,,,
HAL12500187::NV AQUAMARINE,HAL12500187,NV AQUAMARINE,2025-05-04,2025-05-07,3,225.00,7.00,nan,PROPANE-(I)-5000 BUTANE-(I)-5000,ATLANTIC GLOBAL,IOCL,nan,nan,nan,nan,nan,nan,nan,04(12:00),Not Ready,Not Ready,N/A,IOPPL,HOJ-I/HOJ-II B-16(O)/17(O),Ullage confirmation & Readiness Documents are awaited.,HOJ-II,10/05/25 10:24,10/05/25 12:00,HOJ-II,11/05/25 03:54,,,,,
HAL12500139::SOL FORTUNE,HAL12500139,SOL FORTUNE,2025-04-27,2025-05-07,10,149.60,8.30,Container,nan,Transworld Global Logistics Solutions,Slot Charterers,05(17:55),ETA-07(10:30),NA,NA,135 Boxes,211 TEUs,06(12:46),nan,nan,nan,nan,nan,nan,Only Import | Only Import. Vessel called in PM tide on date,11,08/05/25 04:10,,11,08/05/25 04:10,08/05/25 12:50,,,,
HAL12500155::TONG YOUNG,HAL12500155,TONG YOUNG,2025-04-30,2025-05-07,6,126.50,8.30,nan,PARAXYLENE-(I)10000,WILHELMSEN PORT,MCPI,nan,nan,nan,nan,nan,nan,nan,ETA-08(17:30),Not Ready,Not Ready,N/A,MCPI,HOJ-I & OT-II B-16(O)& OT-II,Ullage confirmation & Readiness Documents are awaited.,,,,TERMINAL 2,10/05/25 10:00,10/05/25 18:24,,,,
HAL12500194::BOS COSTA,HAL12500194,BOS COSTA,2025-05-07,2025-05-08,2,176.63,7.83,Rock Phosphate,nan,Alap Carriers,Various/TMILL,06(18:00),08(00:30),08(00:30),08(00:30),"20,000",NA,NA,nan,nan,nan,nan,nan,nan,Vessel called in AM tide on date,12,08/05/25 13:50,08/05/25 15:20,12,10/05/25 02:35,10/05/25 06:05,,,,
HAL12500182::R M 7,HAL12500182,R M 7,2025-05-04,2025-05-08,5,121.29,8.40,CPO,nan,Seaport Services,Emami Agrotech Ltd,07(10:40),07(16:42),07(16:42),12(16:42),"10,095",NA,NA,nan,nan,nan,nan,nan,nan,Vessel called in AM tide on date,7,08/05/25 11:48,08/05/25 14:55,7,10/05/25 17:35,10/05/25 18:30,,,,
HAL12500177::SENECA,HAL12500177,SENECA,2025-05-02,2025-05-08,6,235.00,8.10,Coking Coal,nan,Gac Shipping,SAIL/MHC,07(15:44),07(10:00),07(10:00),07(10:00),"33,000",NA,NA,nan,nan,nan,nan,nan,nan,VesselswappedfromBOTBerthtoPortBerthon06(11:53). Vessel called in PM tide on date | VesselswappedfromBOTBerthtoPortBerthon06(11:53). Vessel called in AM tide on date,2,08/05/25 10:06,08/05/25 11:30,,,,,,,
HAL12500172::SSL THAMIRABARANI,HAL12500172,SSL THAMIRABARANI,2025-05-01,2025-05-08,7,142.70,7.70,Container,nan,Unifeeder Agencies,Slot Charterers,07(09:20),07(19:30),07(19:30),NA,502 Boxes,715 TEUs,06(12:35),nan,nan,nan,nan,nan,nan,Vessel called in AM tide on date,10,08/05/25 12:10,08/05/25 12:25,,,,,,,
HAL12500192::KAI RUI,HAL12500192,KAI RUI,2025-05-06,2025-05-09,4,224.89,8.10,Steam Coal,nan,Gac Shipping,Haldia Petrochemicals/MHC,08(10:49),ETA-10(11:00),NA,NA,"33,000",NA,08(10:58),nan,nan,nan,nan,nan,nan,,13,10/05/25 23:00,11/05/25 00:30,13,12/05/25 11:15,12/05/25 18:15,,,,
HAL12500191::LATIKA NAREE,HAL12500191,LATIKA NAREE,2025-05-06,2025-05-09,4,181.00,8.39,Steel Billets,nan,Sakura Logistics,Tata Steel/TMILL,07(17:45),ETA-10(06:30),NA,NA,"20,828",NA,06(11:06),nan,nan,nan,nan,nan,nan,,12,11/05/25 00:48,11/05/25 02:15,12,14/05/25 04:00,14/05/25 15:45,,,,
HAL12500190::MAHADEV,HAL12500190,MAHADEV,2025-05-06,2025-05-09,4,112.10,6.50,Bitumen,nan,Marinelinks Shipping Agencies,Sapco Bitumen Company,07(11:37),ETA-09(11:00),NA,NA,"4,948",NA,08(11:02),nan,nan,nan,nan,nan,nan,Priority may not be accorded | Priority may not be accorded. Vessel called in PM tide on date,6,11/05/25 15:54,11/05/25 19:15,,,,,,,
HAL12500196::MSC KYMEA II,HAL12500196,MSC KYMEA II,2025-05-07,2025-05-09,3,176.91,8.50,Container,nan,MSC Agency,Slot Charterers,08(21:52),09(06:24),09(06:24),NA,387 Boxes,757 TEUs,08(13:42),nan,nan,nan,nan,nan,nan,Reporting time as per Agent. Vessel called in PM tide on date,,,,10,11/05/25 00:45,11/05/25 02:35,,,,
HAL12500180::MYKONOS,HAL12500180,MYKONOS,2025-05-04,2025-05-09,6,229.00,7.85,Limestone,nan,Gac Shipping,Rungta Mines/MHC,07(10:40),ETA-09(14:00),NA,NA,"30,000",NA,06(11:02),nan,nan,nan,nan,nan,nan,,2,11/05/25 09:10,11/05/25 13:30,,,,,,,
HAL12500193::PHC GLORY,HAL12500193,PHC GLORY,2025-05-06,2025-05-09,4,103.64,8.70,Wood Pulp,nan,Chowgule Brothers,Emami Paper Mills,07(16:02),08(09:40),08(09:40),16(09:40),"8,258",NA,NA,nan,nan,nan,nan,nan,nan,Vessel neaped in all Night tides | Vessel neaped till 09th and also neaped in all Night tides | Vesselneapedtill09thandalsoneapedinallNighttides.Reporting time as per Agent | Vesselwasneapedon08thandalsoneapedinallNighttides.Vessel called in AM tide on date,9,11/05/25 17:50,,9,11/05/25 17:50,12/05/25 19:45,,,,
HAL12500147::TRADER,HAL12500147,TRADER,2025-04-27,2025-05-09,12,166.15,8.60,Container,nan,MSC Agency,Slot Charterers,07(16:19),09(07:00),09(07:00),NA,631 Boxes,899 TEUs,07(17:30),nan,nan,nan,nan,nan,nan,Vessel neaped in all Night tides | Reporting time as per Agent. Vessel neaped in all Night tides,11,10/05/25 11:50,10/05/25 12:05,,,,,,,
HAL12500200::DA XIN,HAL12500200,DA XIN,2025-05-08,2025-05-11,3,179.57,7.80,Project Cargo,nan,Liberty Highrise,HDC Bulk Terminal,10(19:50),11(07:40),11(07:40),19(07:40),"1,197",NA,09(18:17),nan,nan,nan,nan,nan,nan,Reporting time as per Agent,,,,10,14/05/25 23:30,15/05/25 08:50,,,,
HAL12500175::DEWI SHINTA MANGGALA,HAL12500175,DEWI SHINTA MANGGALA,2025-05-01,2025-05-11,9,183.40,8.20,Steam Coal,nan,J M Baxi Marine Services,IVL Dhunseri Petrochem/MHC,05(10:09),05(03:36),05(03:36),05(03:36),"21,200",NA,NA,nan,nan,nan,nan,nan,nan,"To lighten 4,500 MT at Sagar | To lighten 3,800 MT at Sagar | Tolighten3,800MTatSagarAnchorage.Reportingtimeasper Agent. Vessel neaped till 09th at Sagar Anchorage | Total Cargo: 25,000 MT. Balance cargo to be discharged inside dock | Tolighten3,800MTatSagarAnchorage.Vesselneapedtill09that Sagar Anchorage | Lightened3,800MTatSagarAnchorage.F/WatSagarAnchorageon 10(19:30).Vesselcalledin11(AM)tidebutcouldnotsupplieddueto late completion at Sagar Anchorage",,,,2,13/05/25 00:55,14/05/25 21:36,BERTH-2,BERTH-4B,13/05/25 18:25,
HAL12500198::HAFNIA ANDREA,HAL12500198,HAFNIA ANDREA,2025-05-07,2025-05-11,4,183.11,8.20,CDSBO,nan,Interocean Shipping,Various,10(11:13),10(19:30),10(19:30),15(19:30),"20,500",NA,10(11:24),nan,nan,nan,nan,nan,nan,Vessel called in AM tide on date,,,,TERMINAL 2,13/05/25 23:00,14/05/25 08:36,,,,
HAL12500179::MSC JUANITA F,HAL12500179,MSC JUANITA F,2025-05-04,2025-05-11,7,146.45,7.60,Container,nan,MSC Agency,Slot Charterers,09(17:46),10(21:30),10(21:30),NA,22 Boxes,33 TEUs,09(12:31),nan,nan,nan,nan,nan,nan,Only Import | OnlyImport.Latefortideon10(PM).VesselcalledinAMtideon date,10,11/05/25 16:35,11/05/25 18:20,,,,,,,
HAL12500158::RICHWAY TRADER,HAL12500158,RICHWAY TRADER,2025-04-29,2025-05-11,11,229.00,8.50,Steam coal,nan,Gac Shipping,Rungta Mines/MHC,06(14:32),11(02:00),11(02:00),11(02:00),"35,000",NA,06(10:50),nan,nan,nan,nan,nan,nan,Vessel called in AM tide on date,,,,4B,13/05/25 08:20,13/05/25 16:40,,,,
HAL12500197::STENA CONVOY,HAL12500197,STENA CONVOY,2025-05-07,2025-05-11,4,183.01,8.10,CDSBO,nan,Interocean Shipping,Various,09(20:28),10(21:24),10(21:24),15(21:24),"17,150",NA,10(10:50),nan,nan,nan,nan,nan,nan,Priority may not be accorded,,,,6,13/05/25 14:30,13/05/25 19:50,,,,
HAL12500152::BIRDIE TRADER,HAL12500152,BIRDIE TRADER,2025-04-29,2025-05-12,12,145.53,6.40,Phosphoric Acid,nan,Samudra Marine Services,Indorama India,09(10:35),11(19:35),11(19:35),NA,"8,956",NA,08(15:28),nan,nan,nan,nan,nan,nan,Priority may not be accorded | Priority may not be accorded. Vessel called in AM tide on date,7,12/05/25 11:00,12/05/25 12:54,7,13/05/25 02:00,13/05/25 07:15,,,,
HAL12500178::SITC ZHI,HAL12500178,SITC ZHI,2025-05-04,2025-05-12,8,171.90,8.40,Container,nan,Eastern Liner Shipping,Slot Charterers,10(17:33),ETA-12(14:30),NA,NA,895 Boxes,"1,565 TEUs",10(10:47),nan,nan,nan,nan,nan,nan,,10,13/05/25 01:00,13/05/25 01:15,10,14/05/25 04:10,14/05/25 05:12,,,,
HAL12500205::AC YOUTH,HAL12500205,AC YOUTH,2025-05-09,2025-05-13,4,228.99,8.05,Coking Coal,nan,J M Baxi Marine Services,SAIL/MHC,Not Ready,13(08:36),NA,NA,"33,000",NA,12(12:52),nan,nan,nan,nan,nan,nan,Vessel swapped from BOT Berth to Port Berth on 11(13:04) | Vessel swapped from BOT Berth to Port Berth on 11(13:04). Reporting time as per Agent | VesselswappedfromBOTBerthtoPortBerthon11(13:04).Reporting time as per Agent,2,14/05/25 00:42,14/05/25 01:40,2,15/05/25 11:25,15/05/25 14:45,,,,
HAL12500195::BLPL FAITH,HAL12500195,BLPL FAITH,2025-05-07,2025-05-13,6,140.00,7.20,Container,nan,Transworld Global Logistics,Slot Charterers,09(13:16),13(08:48),13(08:48),NA,92 Boxes,102 TEUs,10(14:19),nan,nan,nan,nan,nan,nan,Only Import | Only Import. Reporting time as per Agent. Late for tide on 13(AM),11,14/05/25 04:20,14/05/25 04:35,11,14/05/25 09:35,14/05/25 17:05,,,,
HAL12500210::RB LISA,HAL12500210,RB LISA,2025-05-11,2025-05-13,3,229.00,8.45,Steam Coal,nan,Alap Carriers,Tata International/MHC,12(13:37),13(08:00),13(08:00),13(08:00),"34,514",NA,12(11:06),nan,nan,nan,nan,nan,nan,Reporting time as per Agent. Late for tide on 13(AM),8,14/05/25 02:12,14/05/25 03:40,8,15/05/25 18:00,16/05/25 00:30,,,,
HAL12500199::AMNSI STALLION,HAL12500199,AMNSI STALLION,2025-05-08,2025-05-14,6,229.00,8.40,Pyroxenite & Limestone,nan,Samsara Shipping,Tata Steel/MHC,09(10:28),13(21:12),13(21:12),13(21:12),"36,145",NA,09(17:11),nan,nan,nan,nan,nan,nan,Vessel called in AM tide on date,13,14/05/25 12:48,14/05/25 15:06,,,,,,,
HAL12500212::GEORGIA T,HAL12500212,GEORGIA T,2025-05-11,2025-05-14,4,229.00,8.30,PCI Coal,nan,TMILL,SAIL/ISPHL,BOT Berth,13(22:12),13(22:12),13(22:12),"33,000",NA,13(11:33),nan,nan,nan,nan,nan,nan,Vessel called in AM tide on date,4A,14/05/25 14:14,14/05/25 15:00,,,,,,,
HAL12500225::HARI AKASH (COASTAL),HAL12500225,HARI AKASH (COASTAL),2025-05-13,2025-05-14,2,117.27,5.2,nan,HSD-(E)5500 MS-(E)1500 ATF-(E)1000,ATLANTIC GLOBAL,IOCL,nan,nan,nan,nan,nan,nan,nan,ETA-14(11:00),12(15:47),ETA-14(11:00),36,IOCL,HOJ-I B-16(O),Vessel declared on 12(15:47),,,,,,,,,,
HAL12500162::HONG DA XIN 89,HAL12500162,HONG DA XIN 89,2025-04-30,2025-05-14,13,158.56,7.60,Container,nan,Far Shipping,Slot Charterers,12(15:30),14(07:06),14(07:06),NA,341 Boxes,512 TEUs,13(09:59),nan,nan,nan,nan,nan,nan,Only Import | Only Import. Reporting time as per Agent,11,15/05/25 01:30,15/05/25 01:45,11,15/05/25 23:00,16/05/25 02:35,,,,
HAL12500134::MSC TIGER F,HAL12500134,MSC TIGER F,2025-04-24,2025-05-14,18,154.51,6.80,Container,nan,MSC Agency,Slot Charterers,Ready,Ex KDS-13th,12(21:00),NA,173 Boxes,303 TEUs,09(12:31),nan,nan,nan,nan,nan,nan,Only Export | Only Import | Only Export. F/W at KDS on 12(21:00) | OnlyExport.F/WatKDSon12(21:00).ReportedatSandheadson 14(02:00). Vessel called in AM tide on date,10,14/05/25 16:20,14/05/25 16:35,4B,15/05/25 02:20,15/05/25 04:10,,,,
HAL12500208::THERESA,HAL12500208,THERESA,2025-05-09,2025-05-14,5,156.70,7.50,CPO,nan,Marinelinks Shipping,Emami Agrotech,12(16:16),13(22:30),13(22:30),18(22:30),"16,320",NA,13(10:01),nan,nan,nan,nan,nan,nan,Vessel called in AM tide on date,TERMINAL,14/05/25 11:48,14/05/25 15:30,,,,,,,
HAL12500202::GAZ IMPERIAL,HAL12500202,GAZ IMPERIAL,2025-05-13,2025-05-15,3,229.98,8.27,nan,PROPANE-(I)-11500 BUTANE-(I)-11500,ATLANTIC GLOBAL,HPCL,nan,nan,nan,nan,nan,nan,nan,14(13:18),08(12:40),14(13:18),36,AEGIS,HOJ-I/HOJ-II B-16(O)/17(O),Vessel called at B/17(O),HOJ-II,15/05/25 12:24,15/05/25 14:30,,,,,,,
HAL12500207::HIGH TIDE (COASTAL),HAL12500207,HIGH TIDE (COASTAL),2025-05-13,2025-05-15,3,183.31,8.3,nan,HSD-(I)17116.914 MS-(I)5518.279,ATLANTIC GLOBAL,RELIANCE,nan,nan,nan,nan,nan,nan,nan,12(12:48),10(12:16),12(12:48),38,RELIANCE,HOJ-III B-18(O),Vessel called at B/18(O),,,,,,,,,,
HAL12500215::NO 5 OCEAN PIONEER,HAL12500215,NO 5 OCEAN PIONEER,2025-05-11,2025-05-15,5,145.53,7.80,MEG,nan,Wilhelmsen Port Services,IVL Dhunseri Petrochem,14(12:25),15(01:15),15(01:15),NA,"9,010",NA,14(11:48),nan,nan,nan,nan,nan,nan,Priority may not be accorded | Priority may not be accorded. Vessel called in AM tide on date,6,15/05/25 13:20,15/05/25 16:00,,,,,,,
HAL12500224::PROPEL GLORY,HAL12500224,PROPEL GLORY,2025-05-13,2025-05-15,3,197.00,7.90,Limestone,nan,Seatrans Shipmanagement,SAIL/MHC,Not Ready,ETA-15(12:30),NA,NA,"27,000",NA,NA,nan,nan,nan,nan,nan,nan,,8,16/05/25 01:42,16/05/25 03:00,8,17/05/25 09:50,17/05/25 18:55,,,,
HAL12500214::RYAN BAY,HAL12500214,RYAN BAY,2025-05-11,2025-05-15,5,228.99,7.96,Coking Coal,nan,Seatrans Shipmanagement,SAIL/MHC,14(15:42),14(05:54),14(05:54),14(05:54),"34,000",NA,14(11:25),nan,nan,nan,nan,nan,nan,Vessel swapped from BOT Berth to Port Berth on 13(12:38) | VesselswappedfromBOTBerthtoPortBerthon13(12:38).Vessel called in AM tide on date,2,15/05/25 15:54,15/05/25 17:25,,,,,,,
HAL12500238::AQUAMAN,HAL12500238,AQUAMAN,2025-05-15,2025-05-16,2,224.97,8.17,PCI Coal,nan,Seatrans Shipmanagement,Mahalaxmi Continental & Mahalaxmi Ennore Coke/MHC,Not Ready,ETA-16(12:00),NA,NA,"33,000",NA,NA,nan,nan,nan,nan,nan,nan,,,,,2,18/05/25 12:25,18/05/25 16:35,,,,
HAL12500227::DOLPHIN 06,HAL12500227,DOLPHIN 06,2025-05-13,2025-05-16,4,127.20,6.60,CPO,nan,Universal Shipping Agencies,Kanpur Edibles Pvt Ltd,15(13:20),15(23:18),15(23:18),20(23:18),"5,976",NA,NA,nan,nan,nan,nan,nan,nan,Priority may not be accorded | Priority may not be accorded. Vessel called in AM tide on date,,,,5,17/05/25 16:36,17/05/25 22:15,,,,
HAL12500241::GLOBAL APOLLON,HAL12500241,GLOBAL APOLLON,2025-05-15,2025-05-16,2,141.31,8.06,CPO,nan,Seaport Services,AWL Agri Business Ltd,15(10:24),16(05:40),16(05:40),21(05:40),"15,037",NA,14(19:45),nan,nan,nan,nan,nan,nan,Vessel called in AM tide on date,,,,6,19/05/25 01:40,19/05/25 07:40,,,,
HAL12500228::GOLDEN ARION,HAL12500228,GOLDEN ARION,2025-05-14,2025-05-16,3,228.99,8.00,Coking Coal,nan,Gac Shipping,SAIL/ISPHL,BOT Berth,ETA-17(09:00),NA,NA,"33,000",NA,13(15:26),nan,nan,nan,nan,nan,nan,,8,18/05/25 05:00,18/05/25 05:45,8,19/05/25 16:40,19/05/25 18:35,,,,
HAL12500204::GREEN SARITA,HAL12500204,GREEN SARITA,2025-05-13,2025-05-16,4,225.27,8.50,nan,PROPANE-(I)-11842.558 BUTANE-(I)-11168.436,SAMSARA SHIPPING,BPCL,nan,nan,nan,nan,nan,nan,nan,11(18:06),15(17:46),15(17:46),36,BPCL,HOJ-III B-18(O),Ullage confirmation & Readiness Documents are awaited.,HOJ-III,17/05/25 13:45,17/05/25 15:18,HOJ-III,18/05/25 22:42,19/05/25 11:12,,,,
HAL12500219::ORIENTAL JASMINE,HAL12500219,ORIENTAL JASMINE,2025-05-13,2025-05-16,4,134.03,8.3,nan,PARAXYLENE- (I)11957.384,ISS SHIPPING,MCPI,nan,nan,nan,nan,nan,nan,nan,16(08:12),15(00:02),16(08:12),33,MCPI,HOJ-I & OT-II B-16(O)& OT-II,Ullage confirmation & Readiness Documents are awaited.,TERMINAL,17/05/25 13:00,17/05/25 16:30,TERMINAL 2,18/05/25 15:00,18/05/25 22:36,,,,
HAL12500230::PRT KAHO,HAL12500230,PRT KAHO,2025-05-14,2025-05-16,3,224.98,8.20,Coking Coal,nan,TMILL,SAIL/ISPHL,BOT Berth,ETA-17(06:00),NA,NA,"32,000",NA,13(15:50),nan,nan,nan,nan,nan,nan,,4A,18/05/25 03:10,18/05/25 03:50,4A,20/05/25 02:45,20/05/25 05:55,,,,
HAL12500206::R S G,HAL12500206,R S G,2025-05-09,2025-05-16,7,112.10,6.50,Bitumen,nan,ABM Waterways Services,United Futuristic Trade & Jalnidhi Bitumen Specialities,15(07:50),15(20:30),15(20:30),NA,"4,900",NA,14(15:35),nan,nan,nan,nan,nan,nan,Priority may not be accorded | Priority may not be accorded. Vessel called in AM tide on date,,,,7,18/05/25 13:54,18/05/25 18:10,,,,
HAL12500223::SARV SHAKTI,HAL12500223,SARV SHAKTI,2025-05-13,2025-05-16,4,226.00,8.50,nan,PROPANE-(I)-10873.052 BUTANE-(I)-10747.889,ATLANTIC GLOBAL,IOCL,nan,nan,nan,nan,nan,nan,nan,13(03:48),15(08:23),15(08:23),29,IOPPL,HOJ-I/HOJ-II B-16(O)/17(O),"Ullage confirmation & Readiness Documents are awaited. | 1. Ullage confirmation & Readiness Documents are awaited. 2. As intimated from Terminal, the required ullage may be available on 16th May'2025. | Vessel called at B/16(O)",,,,HOJ-I,17/05/25 17:18,17/05/25 22:54,,,,
HAL12500237::SPETSES SPIRIT,HAL12500237,SPETSES SPIRIT,2025-05-15,2025-05-16,2,229.00,8.52,Low Ash Coke,nan,Deblines Pvt Ltd,Narsingh Ispat/MHC,Not Ready,ETA-17(04:00),NA,NA,"36,000",NA,NA,nan,nan,nan,nan,nan,nan,Vessel neaped all Night Tides,13,17/05/25 17:00,17/05/25 18:45,13,19/05/25 22:40,20/05/25 08:50,,,,
HAL12500235::VTC GLORY,HAL12500235,VTC GLORY,2025-05-15,2025-05-16,2,150.52,8.60,Raw Petroleum Coke,nan,Seawing Maritime,Petro Carbon & Chemicals/MHC,14(17:50),ETA-16(15:00),NA,NA,"18,751",NA,14(18:19),nan,nan,nan,nan,nan,nan,Vessel neaped all Night Tides,4B,17/05/25 14:58,17/05/25 16:40,4B,18/05/25 17:40,20/05/25 20:10,BERTH-4B,BERTH-12,18/05/25 19:10,
HAL12500253::DOCOMO,HAL12500253,DOCOMO,2025-05-18,2025-05-18,1,120.00,7.20,CPO,nan,Atlantic Global Shipping,Patanjali Foods Ltd,17(18:20),ETA-18(14:30),NA,NA,"8,000",NA,NA,nan,nan,nan,nan,nan,nan,Prioritymaynotbeaccorded.PatanjaliFoodsLtddoesnotwantto work upon the vessel at OMB & B/18(O),5 OFF,19/05/25 08:15,19/05/25 12:40,5 OFF,19/05/25 16:35,21/05/25 19:15,BERTH-5,BERTH-5,19/05/25 21:36,
HAL12500226::HARI LEELA (COASTAL),HAL12500226,HARI LEELA (COASTAL),2025-05-13,2025-05-18,5,182.90,8.3,nan,HSD-(I)13007.665 MS-(I)4036.647,ATLANTIC GLOBAL,BPCL,nan,nan,nan,nan,nan,nan,nan,13(05:36),17(09:54),17(09:54),HOJ-I&II=24 HOJ-III=34,BPCL,HOJ-I/HOJ-II/HOJ-III B-16(O)/B-17(O)/B-18(O),Ullage confirmation & Readiness Documents are awaited. | Vessel called in AM tide on date at B/16(O),,,,,,,,,,
HAL12500213::SEAWAYS KYTHNOS,HAL12500213,SEAWAYS KYTHNOS,2025-05-11,2025-05-18,7,183.00,8.10,CDSBO,nan,Interocean Shipping,Various,17(10:57),18(05:12),18(05:12),23(05:12),"20,500",NA,17(11:48),nan,nan,nan,nan,nan,nan,Vessel called in AM tide on date,4,18/05/25 15:42,18/05/25 21:24,10,21/05/25 00:48,21/05/25 06:40,,,,
HAL12500231::SKOPELOS I,HAL12500231,SKOPELOS I,2025-05-14,2025-05-18,4,229.00,8.26,Steam Coal,nan,Gac Shipping,IVL Dhunseri Petrochem/MHC,17(13:35),ETA-18(15:45),NA,NA,"32,000",NA,17(11:27),nan,nan,nan,nan,nan,nan,,4B,19/05/25 06:02,19/05/25 07:10,4,20/05/25 21:25,21/05/25 12:55,,,,
HAL12500217::SSL THAMIRABARANI,HAL12500217,SSL THAMIRABARANI,2025-05-11,2025-05-18,7,142.70,8.10,Container,nan,Unifeeder Agencies,Slot Charterers,16(23:15),18(02:30),18(02:30),NA,479 Boxes,880 TUEs,16(14:31),nan,nan,nan,nan,nan,nan,Vessel called in AM tide on date,11,18/05/25 17:20,18/05/25 17:35,11,19/05/25 17:10,19/05/25 23:05,,,,
HAL12500239::VISHVA DIKSHA,HAL12500239,VISHVA DIKSHA,2025-05-15,2025-05-18,3,190.00,8.20,Limestone,nan,Seatrans Shipmanagement,SAIL/MHC,17(12:36),18(08:48),18(08:48),18(08:48),"27,000",NA,14(19:20),nan,nan,nan,nan,nan,nan,Reporting time as per Agent. Late for tide on 18(AM),2,19/05/25 03:48,19/05/25 04:40,2,20/05/25 11:15,20/05/25 18:15,,,,
HAL12500248::BW VAR,HAL12500248,BW VAR,2025-05-16,2025-05-19,3,225.22,7.80,nan,PROPANE-(I)-8800 BUTANE-(I)-8800,ISS SHIPPING,IOCL,nan,nan,nan,nan,nan,nan,nan,17(13:42),18(08:52),18(08:52),26.7,IOPPL,HOJ-I/HOJ-II B-16(O)/17(O),Ullage confirmation & Readiness Documents are awaited. | Vessel called at B/17(O),HOJ-II,19/05/25 15:00,19/05/25 18:18,12,20/05/25 19:18,21/05/25 00:15,,,,
HAL12500244::HEMERA,HAL12500244,HEMERA,2025-05-16,2025-05-19,3,108.50,7.95,Bitumen,nan,Marinelinks Shipping Agencies,Jalnidhi Bitumen Specialities & Choudhary Bitumen & Allied,17(17:22),19(04:00),19(04:00),NA,"6,298",NA,NA,nan,nan,nan,nan,nan,nan,Priority may not be accorded | Priority may not be accorded. Vessel called in AM tide on date,7,19/05/25 16:42,19/05/25 19:00,4B,20/05/25 20:30,21/05/25 09:25,BERTH-7,BERTH-12,21/05/25 01:12,
HAL12500233::IOLCOS COMMANDER,HAL12500233,IOLCOS COMMANDER,2025-05-14,2025-05-19,5,225.00,8.08,Steam Coal,nan,Alap Carriers,Saraogi Udyog/MHC,16(13:03),ETA-19(14:00),NA,NA,"31,500",NA,17(11:44),nan,nan,nan,nan,nan,nan,,8,20/05/25 05:18,,5 OFF,21/05/25 08:45,21/05/25 22:45,,,,
HAL12500261::LUCKY STAR 06,HAL12500261,LUCKY STAR 06,2025-05-18,2025-05-19,2,120.00,8.50,CPO,nan,Seaport Services,Emami Agrotech Ltd,Not Ready,ETA-19(11:00),NA,NA,"10,101",NA,NA,nan,nan,nan,nan,nan,nan,,,,,,,,,,,
HAL12500250::NEW EXCELLENCE,HAL12500250,NEW EXCELLENCE,2025-05-16,2025-05-19,3,229.00,8.20,Coking Coal,nan,Vocean Shipping,SAIL/ISPHL,BOT Berth,18(14:42),18(14:42),18(14:42),"30,080",NA,17(11:44),nan,nan,nan,nan,nan,nan,,,,,,,,,,,
HAL12500209::SITC RUIDE,HAL12500209,SITC RUIDE,2025-05-11,2025-05-19,8,171.90,8.50,Container,nan,Eastern Liner Shipping,Slot Charterers,17(15:42),19(05:00),19(05:00),NA,850 Boxes,"1,325 TUEs",17(11:23),nan,nan,nan,nan,nan,nan,Vessel called in AM tide on date,10,19/05/25 19:00,19/05/25 19:15,HOJ-II,20/05/25 20:55,21/05/25 00:42,,,,
HAL12500259::SMA,HAL12500259,SMA,2025-05-18,2025-05-19,2,109.03,5.70,Coal tar pitch,nan,J M Baxi Marine Services,Himadri Speciality Chemical,18(10:32),17(19:24),18(10:32),NA,"5,500",NA,17(15:09),nan,nan,nan,nan,nan,nan,Coastal | Coastal. Vessel called in AM tide on date,,,,,,,,,,
HAL12500242::AOM SVEVA,HAL12500242,AOM SVEVA,2025-05-15,2025-05-20,5,228.94,7.34,Manganese Ore,nan,Gac Shipping,Various/MHC,19(10:09),19(23:06),19(23:06),19(23:06),"25,450",NA,16(15:23),nan,nan,nan,nan,nan,nan,Vessel called in AM tide on date,13,20/05/25 17:48,20/05/25 19:15,5,21/05/25 17:00,22/05/25 02:45,,,,
HAL12500201::GLOBAL LIBERTY,HAL12500201,GLOBAL LIBERTY,2025-05-13,2025-05-20,7,226.00,8.10,nan,PROPANE-(I)-11200 BUTANE-(I)-11300,ATLANTIC GLOBAL,HPCL,nan,nan,nan,nan,nan,nan,nan,19(23:48),15(17:04),19(23:48),36,AEGIS,HOJ-I/HOJ-II B-16(O)/17(O),Ullage confirmation & Readiness Documents are awaited. | Vessel called at B/16(O),HOJ-I,20/05/25 16:18,20/05/25 18:12,8,21/05/25 18:30,22/05/25 03:12,,,,
HAL12500251::HAVEN,HAL12500251,HAVEN,2025-05-18,2025-05-20,3,127.90,8.20,CPO,nan,J M Baxi Marine Services,AWL Agri Business Ltd,17(11:24),19(10:00),19(10:00),24(10:00),"9,899",NA,17(13:13),nan,nan,nan,nan,nan,nan,Priority may not be accorded | Priority may not be accorded. Reporting time as per Agent | Prioritymaynotbeaccorded.Vesselwascalledin19(PM)tidebut couldnotsuppliedduetoMarineconstraint.VesselcalledinAM tide on date,HOJ-III,20/05/25 16:24,20/05/25 20:00,6,22/05/25 14:24,22/05/25 16:25,,,,
HAL12500263::LUCKY STAR 06,HAL12500263,LUCKY STAR 06,2025-05-20,2025-05-20,1,120.00,8.50,CPO,nan,Seaport Services,Emami Agrotech Ltd,Not Ready,19(11:30),NA,NA,"10,101",NA,NA,nan,nan,nan,nan,nan,nan,,4,21/05/25 07:06,21/05/25 10:48,4A,22/05/25 18:18,,,,,
HAL12500240::PADMANABH,HAL12500240,PADMANABH,2025-05-15,2025-05-20,5,112.10,6.60,Bitumen,nan,Marinelinks Shipping Agencies,Sapco Bitumen Company,17(16:00),19(22:26),19(22:26),NA,"4,917",NA,NA,nan,nan,nan,nan,nan,nan,Priority may not be accorded,7,21/05/25 06:12,21/05/25 09:12,,,,,,,
HAL12500236::SKY RUNNER,HAL12500236,SKY RUNNER,2025-05-15,2025-05-20,5,128.60,8.0,nan,PARAXYLENE-(I)9606.526,ATLANTIC GLOBAL,MCPI,nan,nan,nan,nan,nan,nan,nan,20(08:45),16(11:07),20(08:45),27,MCPI,HOJ-I & OT-II B-16(O)& OT-II,Ullage confirmation & Readiness Documents are awaited. | Vessel called at OT-II,TERMINAL,20/05/25 16:00,20/05/25 18:05,4B,21/05/25 11:45,21/05/25 13:36,,,,
HAL12500222::ANGLO RED,HAL12500222,ANGLO RED,2025-05-13,2025-05-21,8,229.00,8.50,Coking Coal,nan,TMILL,Tata Steel/MHC,19(10:26),20(21:36),20(21:36),20(21:36),"35,412",NA,20(11:16),nan,nan,nan,nan,nan,nan,Vessel neaped on 20(PM) tide | Vessel neaped on 20(PM) tide. Vessel called in AM tide on date,2,21/05/25 18:54,21/05/25 20:30,,,,,,,
HAL12500246::DM CONDOR,HAL12500246,DM CONDOR,2025-05-16,2025-05-21,5,134.16,7.90,nan,PARAXYLENE-(I)9531,SAMUDRA MARINE,MCPI,nan,nan,nan,nan,nan,nan,nan,21(02:36),16(11:09),21(02:36),27,MCPI,HOJ-I & OT-II B-16(O)& OT-II,Ullage confirmation & Readiness Documents are awaited. | Vessel called at OT-II,TERMINAL,21/05/25 17:36,21/05/25 20:12,5,22/05/25 13:42,22/05/25 14:54,,,,
HAL12500254::FORTUNE (COASTAL),HAL12500254,FORTUNE (COASTAL),2025-05-18,2025-05-21,4,127.90,5.90,nan,LUBE OIL-(E)9500,ATLANTIC GLOBAL,IOCL,nan,nan,nan,nan,nan,nan,nan,20(11:18),18(18:31),20(11:18),42,IOCL,HOJ-I B-16(O),Ullage confirmation & Readiness Documents are awaited.,,,,,,,,,,
HAL12500279::JAG VIRAAT,HAL12500279,JAG VIRAAT,2025-05-21,2025-05-21,1,230.00,8.30,nan,PROPANE-(I)-5506.5 BUTANE-(I)-16909.25,ATLANTIC GLOBAL,IOCL,nan,nan,nan,nan,nan,nan,nan,ETA-21(19:00),21(09:18),ETA-21(19:00),30,IOPPL,HOJ-I/HOJ-II B-16(O)/17(O),,HOJ-II,22/05/25 07:30,22/05/25 09:00,,,,,,,
HAL12500243::NAVIOS VICTORY,HAL12500243,NAVIOS VICTORY,2025-05-16,2025-05-21,5,224.98,8.20,Coking Coal,nan,Gac Shipping,SAIL/ISPHL,BOT Berth,ETA-21(23:00),NA,NA,"32,000",NA,NA,nan,nan,nan,nan,nan,nan,,12,22/05/25 10:30,22/05/25 21:24,4A,24/05/25 19:50,24/05/25 22:45,BERTH-12,BERTH-4A,22/05/25 17:48,
HAL12500257::ORANGE FRIENDSHIP,HAL12500257,ORANGE FRIENDSHIP,2025-05-18,2025-05-21,4,228.90,8.10,Coking Coal,nan,Wilhelmsen Port Services,SAIL/MHC,Not Ready,ETA-21(12:00),NA,NA,"33,897",NA,NA,nan,nan,nan,nan,nan,nan,,8,22/05/25 08:48,22/05/25 09:40,,,,,,,
HAL12500260::THERESA LEO,HAL12500260,THERESA LEO,2025-05-18,2025-05-21,4,144.71,6.30,CPO,nan,Seaport Services,Patanjali Foods Ltd,20(14:26),19(15:12),20(14:26),25(14:26),"4,000",NA,19(13:49),nan,nan,nan,nan,nan,nan,Prioritymaynotbeaccorded.PatanjaliFoodsLtddoesnotwantto work upon the vessel at OMB & B/18(O) | Prioritymaynotbeaccorded.PatanjaliFoodsLtddoesnotwantto workuponthevesselatOMB&B/18(O).Reportingtimeasper Agent | Prioritymaynotbeaccorded.PatanjaliFoodsLtddoesnotwantto workuponthevesselatOMB&B/18(O).VesselcalledinAMtideon date,5,21/05/25 20:12,21/05/25 22:42,HOJ-III,22/05/25 15:20,23/05/25 01:50,BERTH-5,BERTH-13,22/05/25 19:30,
HAL12500276::ASPHALT EXPRESS,HAL12500276,ASPHALT EXPRESS,2025-05-21,2025-05-22,2,117.63,7.10,Bitumen,nan,Atlantic Global Shipping,HPCL,20(15:20),21(16:48),21(16:48),NA,"5,983",NA,NA,nan,nan,nan,nan,nan,nan,Coastal. Priority may not be accorded | Coastal.Prioritymaynotbeaccorded.VesselcalledinPMtideon date,5,22/05/25 22:00,23/05/25 00:45,5,24/05/25 08:54,24/05/25 17:00,,,,
HAL12500229::CHEMTRANS MOBILE,HAL12500229,CHEMTRANS MOBILE,2025-05-14,2025-05-22,8,184.06,7.40,CDSBO,nan,J M Baxi Marine Services,Patanjali Foods Ltd,21(11:02),20(09:06),21(11:02),22(11:02),"15,000",NA,19(13:49),nan,nan,nan,nan,nan,nan,PatanjaliFoodsLtddoesnotwanttoworkuponthevesselatOMB & B/18(O) | PatanjaliFoodsLtddoesnotwanttoworkuponthevesselatOMB& B/18(O) | PatanjaliFoodsLtddoesnotwanttoworkuponthevesselatOMB & B/18(O). Reporting time as per Agent | PatanjaliFoodsLtddoesnotwanttoworkuponthevesselatOMB & B/18(O). Vessel called in PM tide on date,6,22/05/25 20:54,23/05/25 02:48,6,24/05/25 03:06,24/05/25 12:10,,,,
HAL12500262::EASTERLY EAGLE,HAL12500262,EASTERLY EAGLE,2025-05-20,2025-05-22,3,157.06,7.75,CDSBO,nan,Interocean Shipping,Various,Not Ready,ETA-24th,NA,NA,"13,350",NA,NA,nan,nan,nan,nan,nan,nan,,4,26/05/25 01:48,26/05/25 05:24,4,27/05/25 13:00,28/05/25 01:45,BERTH-4,BERTH-2,27/05/25 14:55,
HAL12500232::FUAT SEZGIN,HAL12500232,FUAT SEZGIN,2025-05-14,2025-05-22,8,179.97,7.20,Soda Ash,nan,Infinity Shipping,Sudarshan Silicate & Sudarshan Minchem,Not Ready,ETA-22(23:00),NA,NA,"15,000",NA,21(10:12),nan,nan,nan,nan,nan,nan,Vessel can work only at B/10,,,,9,28/05/25 08:50,29/05/25 08:20,,,,
HAL12500234::GREEN SANVI,HAL12500234,GREEN SANVI,2025-05-15,2025-05-22,7,225.28,8.40,nan,PROPANE-(I)-11800 BUTANE-(I)-10403,SAMSARA SHIPPING,BPCL,nan,nan,nan,nan,nan,nan,nan,18(12:12),22(07:50),22(07:50),36,BPCL,HOJ-III B-18(O),Ullage confirmation & Readiness Documents are awaited.,,,,HOJ-III,24/05/25 18:42,25/05/25 05:42,,,,
HAL12500162R::HONG DA XIN 89,HAL12500162R,HONG DA XIN 89,2025-05-15,2025-05-22,7,158.56,5.10,Container,nan,Far Shipping,Slot Charterers,Ready,Ex KDS-21st,20(02:05),NA,356 Boxes,397 TEUs,21(12:44),nan,nan,nan,nan,nan,nan,Only Export | Only Export. F/W at KDS on 20(02:05) | OnlyExport.F/WatKDSon20(02:05).ReportedatSandheadson 22(01:30). Late for Tide on 22(AM). Vessel called in PM tide on date,,,,,,,,,,
HAL12500249::PVT NEPTUNE,HAL12500249,PVT NEPTUNE,2025-05-16,2025-05-22,6,128.60,8.20,nan,PARAXYLENE- (I)10053.352,SAMUDRA MARINE,MCPI,nan,nan,nan,nan,nan,nan,nan,22(06:00),19(17:38),22(06:00),28,MCPI,HOJ-I & OT-II B-16(O)& OT-II,Ullage confirmation & Readiness Documents are awaited. | Vessel called at OT-II,TERMINAL,22/05/25 18:24,22/05/25 23:54,,,,,,,
HAL12500285::GLOBAL EOS,HAL12500285,GLOBAL EOS,2025-05-22,2025-05-23,2,133.77,8.15,CPO,nan,Seaport Services,Gokul Agro Resources &RMC Foods Pvt Ltd & Patanjali Foods,Not Ready,23(04:00),NA,NA,"15,003",NA,22(16:46),nan,nan,nan,nan,nan,nan,PatanjaliFoodsLtddoesnotwanttoworkuponthevesselatOMB & B/18(O) | PatanjaliFoodsLtddoesnotwanttoworkuponthevesselatOMB& B/18(O),7,24/05/25 12:30,24/05/25 16:10,7,26/05/25 22:10,27/05/25 07:05,,,,
HAL12500289::HELEN M (Coastal),HAL12500289,HELEN M (Coastal),2025-05-22,2025-05-23,2,179.90,8.25,nan,HSD-(I) 13682.82 MS-(I) 3253.58,ATLANTIC GLOBAL,Reliance Industries,nan,nan,nan,nan,nan,nan,nan,22(10:30),22(18:21),22(18:21),35,Reliance Industries,HOJ-III B-18(O),Ullage confirmation & Readiness Documents are awaited.,,,,,,,,,,
HAL12500216::MSC DIYA F,HAL12500216,MSC DIYA F,2025-05-11,2025-05-23,12,147.83,5.70,Container,nan,MSC Agency,Slot Charterers,Ready,Ex KDS-23rd,NA,NA,385 Boxes,465 TEUs,NA,nan,nan,nan,nan,nan,nan,Only Export,10,24/05/25 10:20,24/05/25 10:50,10,25/05/25 00:18,25/05/25 01:00,,,,
HAL12500188::MSC MANASA F,HAL12500188,MSC MANASA F,2025-05-06,2025-05-23,16,154.00,8.20,Container,nan,MSC Agency,Slot Charterers,Not Ready,ETA-28th,NA,NA,262 Boxes,NA,NA,nan,nan,nan,nan,nan,nan,"As intimated from the Agent, the vessel voyage may be cancelled",,,,,,,,,,
HAL12500256::OCIOS IOANNIS,HAL12500256,OCIOS IOANNIS,2025-05-18,2025-05-23,6,183.06,8.50,CDSBO,nan,Interocean Shipping,Various,23(08:26),23(08:30),23(08:30),28(08:30),"14,400",NA,22(12:36),nan,nan,nan,nan,nan,nan,Reporting time as per Agent. Vessel called in PM tide on date,6,25/05/25 10:42,25/05/25 15:36,6,27/05/25 00:30,27/05/25 00:48,,,,
HAL12500255::PERTAMINA GAS CASPIA,HAL12500255,PERTAMINA GAS CASPIA,2025-05-18,2025-05-23,6,229.9,7.75,nan,PROPANE-(I)-5900 BUTANE-(I)-5900,ATLANTIC GLOBAL,IOCL,nan,nan,nan,nan,nan,nan,nan,16(19:54),20(09:12),22(14:26),16,IOPPL,HOJ-I/HOJ-II B-16(O)/17(O),Ullage confirmation & Readiness Documents are awaited. | The Terminal withdrew Vessel readiness by mail at 20(11:23). | 1.The Terminal withdrew Vessel readiness by mail at 20(11:23). 2. Terminal again submitted Vessel rediness via mail at -22(14:26).,HOJ-I,24/05/25 09:00,24/05/25 13:00,HOJ-I,25/05/25 04:12,25/05/25 06:12,,,,
HAL12500267::PINE GAS,HAL12500267,PINE GAS,2025-05-20,2025-05-23,4,225.27,8.30,nan,PROPANE-(I)-11500 BUTANE-(I)-11500,ATLANTIC GLOBAL,HPCL,nan,nan,nan,nan,nan,nan,nan,23(01:48),22(10:31),23(01:48),36,AEGIS,HOJ-I/HOJ-II B-16(O)/17(O),Ullage confirmation & Readiness Documents are awaited.,HOJ-II,24/05/25 09:00,24/05/25 10:18,HOJ-II,25/05/25 14:18,25/05/25 18:24,,,,
HAL12500221::XIN TAI YUAN,HAL12500221,XIN TAI YUAN,2025-05-13,2025-05-23,10,224.88,7.80,PCI Coal,nan,Gac Shipping,Shyam Sel & Power/MHC,21(13:20),ETA-24(06:00),NA,NA,"25,700",NA,19(11:32),nan,nan,nan,nan,nan,nan,ETA subject to sailing from last Port Dhamra,4B,24/05/25 22:06,24/05/25 23:20,4B,26/05/25 02:10,26/05/25 12:50,,,,
HAL12500295::YANEE,HAL12500295,YANEE,2025-05-23,2025-05-23,1,128.72,8.90,CPO,nan,Seaport Services,Kanpur Edibles,Not Ready,ETA-24(00:30),NA,NA,"6,002",NA,NA,nan,nan,nan,nan,nan,nan,Priority may not be accorded. Vessel neaped in all Night Tides,4,24/05/25 12:30,24/05/25 14:54,4,25/05/25 15:18,25/05/25 16:40,,,,
HAL12500273::CS SARAFINA,HAL12500273,CS SARAFINA,2025-05-21,2025-05-25,4,179.90,7.15,Metallurgical Coke,nan,Sea Chhathmaa Shipping,India Coke & Power/MHC,23(13:07),25(09:00),25(09:00),25(09:00),"12,450",NA,23(16:51),nan,nan,nan,nan,nan,nan,Reporting time as per Agent. Vessel called in PM tide on date,2,25/05/25 22:30,25/05/25 23:45,2,26/05/25 15:30,26/05/25 16:45,,,,
HAL12500283::HISUI,HAL12500283,HISUI,2025-05-22,2025-05-25,3,226.00,8.30,nan,PROPANE-(I)-10699.970 BUTANE-(I)-10699.900,ATLANTIC GLOBAL,IOCL,nan,nan,nan,nan,nan,nan,nan,22(09:48),25(08:46),25(08:46),30.7,IOPPL,HOJ-I/HOJ-II B-16(O)/17(O),Ullage confirmation & Readiness Documents are awaited.,HOJ-I,26/05/25 10:24,26/05/25 11:42,5,27/05/25 16:00,29/05/25 09:10,,,,
HAL12500275::SC SHANGHAI,HAL12500275,SC SHANGHAI,2025-05-21,2025-05-25,4,128.60,8.30,nan,PARAXYLENE-(I)9725,ATLANTIC GLOBAL,MCPI,nan,nan,nan,nan,nan,nan,nan,ETA-25(10:00),24(14:11),ETA-25(10:00),28,MCPI,HOJ-I & OT-II B-16(O)& OT-II,Ullage confirmation & Readiness Documents are awaited.,TERMINAL,26/05/25 10:00,26/05/25 13:00,13,27/05/25 08:40,29/05/25 08:56,,,,
HAL12500245::SITC JUNDE,HAL12500245,SITC JUNDE,2025-05-16,2025-05-25,8,171.90,8.10,Container,nan,Eastern Liner Shipping,Slot Charterers,23(15:42),ETA-25(13:30),NA,NA,527 Boxes,951 TEUs,23(11:59),nan,nan,nan,nan,nan,nan,Vessel called in PM tide on date,10,26/05/25 00:50,26/05/25 01:05,10,26/05/25 17:30,26/05/25 18:40,,,,
HAL12500282::AVON TRADER,HAL12500282,AVON TRADER,2025-05-22,2025-05-26,4,229.00,8.30,Coking Coal,nan,Gac Shipping,SAIL/ISPHL,BOT Berth,25(20:00),25(20:00),25(20:00),"33,000",NA,25(10:54),nan,nan,nan,nan,nan,nan,Vessel called in AM tide on date,4A,26/05/25 11:25,26/05/25 12:30,4A,28/05/25 14:45,29/05/25 19:40,,,,
HAL12500302::FAIRWAY (COASTAL),HAL12500302,FAIRWAY (COASTAL),2025-05-25,2025-05-26,2,171.26,8.50,nan,REFORMATE-(I)14000 MS-(I)1000,ATLANTIC GLOBAL,IOCL,nan,nan,nan,nan,nan,nan,nan,25(08:24),24(09:36),25(08:24),42,IOCL,HOJ-I/HOJ-II B-16(O)/17(O),,,,,,,,,,,
HAL12500300::FLAG ZANNIS,HAL12500300,FLAG ZANNIS,2025-05-25,2025-05-26,2,229.00,8.40,Coking Coal,nan,Infinity Shipping,JSW Minerals Tradung/MHC,Not Ready,ETA-31st,NA,NA,"31,805",NA,NA,nan,nan,nan,nan,nan,nan,,,,,,,,,,,
HAL12500284::MARIGOLD,HAL12500284,MARIGOLD,2025-05-22,2025-05-26,4,131.00,7.20,LAB,nan,Atlantic Global Shipping,Sai Sulphonates Pvt Ltd & AR Stanchem Pvt Ltd,23(12:39),25(11:45),25(11:45),NA,"5,352",NA,NA,nan,nan,nan,nan,nan,nan,Priority may not be accorded,6,27/05/25 01:20,27/05/25 03:25,2,27/05/25 14:30,28/05/25 04:06,BERTH-6,BERTH-13,27/05/25 16:15,
HAL12500269::MSC CLEMENTINA F,HAL12500269,MSC CLEMENTINA F,2025-05-20,2025-05-26,6,147.80,7.30,Container,nan,MSC Agency,Slot Charterers,Ready,Ex KDS-25th,24(13:30),NA,135 Boxes,172 TEUs,25(12:51),nan,nan,nan,nan,nan,nan,Only Export | Only Export. F/W at KDS on 24(13:30) | OnlyExport.F/WatKDSon24(13:30).ReportedatSandheadson 26(00:01). Vessel called in AM tide on date,11,26/05/25 13:20,26/05/25 15:00,11,27/05/25 01:45,27/05/25 03:10,,,,
HAL12500286::CHEM STAR,HAL12500286,CHEM STAR,2025-05-22,2025-05-27,5,117.27,8.70,Phosphoric Acid,nan,Alap Carriers,Indorama India Pvt. Ltd,26(09:36),27(01:40),27(01:40),NA,"10,291",NA,26(11:03),nan,nan,nan,nan,nan,nan,Vessel neaped in all Night Tides,2,28/05/25 02:45,,10,29/05/25 19:54,,BERTH-2,BERTH-5,28/05/25 08:00,
HAL12500268::CHEMROAD ZENITH,HAL12500268,CHEMROAD ZENITH,2025-05-20,2025-05-27,7,172.98,7.92,Phosphoric Acid,nan,Atlantic Global Shipping,Indorama India Pvt Ltd,24(11:27),26(14:18),26(14:18),NA,"10,491",NA,26(13:00),nan,nan,nan,nan,nan,nan,Vessel called in AM tide on date,5,27/05/25 13:00,27/05/25 14:15,6,28/05/25 05:55,29/05/25 06:10,BERTH-5,BERTH-13,28/05/25 06:40,28/05/25 08:48
HAL12500277::HAI HONG,HAL12500277,HAI HONG,2025-05-26,2025-05-27,2,117.60,8.30,CPO,nan,Atlantic Global Shipping,Gokul Agro Resource,21(17:42),26(09:48),26(09:48),31(09:48),"8,464",NA,26(13:22),nan,nan,nan,nan,nan,nan,Priority may not be accorded,4,29/05/25 04:24,,4,30/05/25 21:06,31/05/25 10:15,,,,
HAL12500280::TORM BIRGITTE,HAL12500280,TORM BIRGITTE,2025-05-21,2025-05-27,3,183.00,8.20,CDSBO,nan,Interocean Shipping,AWL Agri Business,23(13:12),25(07:54),25(07:54),30(07:54),"21,000",NA,26(14:20),nan,nan,nan,nan,nan,nan,Vessel called in AM tide on date,7,27/05/25 15:00,27/05/25 18:18,4A,29/05/25 11:42,29/05/25 21:35,,,,
HAL12500296::AS ALEXANDRIA,HAL12500296,AS ALEXANDRIA,2025-05-23,2025-05-28,5,189.50,7.75,Container,nan,MSC Agency,Slot Charterers,27(14:06),ETA-28(23:00),NA,NA,727 Boxes,"1,259 TEUs",27(16:34),nan,nan,nan,nan,nan,nan,,11,29/05/25 15:00,29/05/25 15:15,11,31/05/25 06:30,31/05/25 07:00,,,,
HAL12500303::BERGE NINGBO,HAL12500303,BERGE NINGBO,2025-05-25,2025-05-28,4,225.30,8.40,nan,PROPANE-(I)-10907 BUTANE-(I)-10657,INTEROCEAN,IOCL,nan,nan,nan,nan,nan,nan,nan,ETA-28(19:00),28(08:10),ETA-28(19:00),29,IOPPL,HOJ-I/HOJ-II B-16(O)/17(O),Ullage confirmation & Readiness Documents are awaited.,HOJ-I,29/05/25 13:00,29/05/25 14:24,,,,,,,
HAL12500297::BW ELM,HAL12500297,BW ELM,2025-05-23,2025-05-28,5,225.48,8.60,nan,PROPANE-(I)-12500 BUTANE-(I)-11000,ATLANTIC GLOBAL,HPCL,nan,nan,nan,nan,nan,nan,nan,24(02:42),27(09:08),27(09:08),36,AEGIS,HOJ-I/HOJ-II B-16(O)/17(O),Ullage confirmation & Readiness Documents are awaited. | Vessel was called in 28th AM tide. However the vessel not supplied due to Marine constraint.,HOJ-II,29/05/25 12:54,29/05/25 14:18,HOJ-II,30/05/25 22:30,31/05/25 10:00,,,,
HAL12500287::BW TYR,HAL12500287,BW TYR,2025-05-22,2025-05-28,6,225.46,8.70,nan,PROPANE-(I)-12565 BUTANE-(I)-12565,SAMSARA SHIPPING,BPCL,nan,nan,nan,nan,nan,nan,nan,28(03:50),27(11:08),28(03:50),36,BPCL,HOJ-III B-18(O),Ullage confirmation & Readiness Documents are awaited. | Vessel was called in 28th AM tide. However the vessel not supplied due to Marine constraint.,HOJ-III,29/05/25 13:30,29/05/25 15:54,4A,31/05/25 01:48,31/05/25 10:24,,,,
HAL12500291::DAEHO SUNNY,HAL12500291,DAEHO SUNNY,2025-05-23,2025-05-28,5,113.98,6.60,Nitric Acid,nan,Atlantic Global Shipping,Lasons India,26(13:04),26(06:00),26(13:04),NA,"5,449",NA,NA,nan,nan,nan,nan,nan,nan,Vesselwascalledin27(Night)tidebutcouldnotbesupplieddueto Marine constraint,6,29/05/25 04:05,29/05/25 05:35,7,29/05/25 16:50,30/05/25 05:10,,,,
HAL12500292::DING HENG 21,HAL12500292,DING HENG 21,2025-05-23,2025-05-28,5,111.98,7.00,Acetic Acid,nan,Samudra Marine Services,MCPI & Goenka Chemical Industries,27(11:35),ETA-29(11:00),NA,NA,"5,700",NA,23(15:13),nan,nan,nan,nan,nan,nan,,,,,,,,,,,
HAL12500274::JIN HENG,HAL12500274,JIN HENG,2025-05-21,2025-05-28,7,199.90,8.24,Manganese Ore,nan,Gac Shipping,Various/MHC,27(10:33),ETA-28(23:00),NA,NA,"29,184",NA,26(11:28),nan,nan,nan,nan,nan,nan,,13,30/05/25 02:30,30/05/25 04:20,12,31/05/25 07:55,31/05/25 18:40,,,,
HAL12500316::MSC DIYA F,HAL12500316,MSC DIYA F,2025-05-28,2025-05-28,1,147.83,8.50,Container,nan,Msc Agency,Slot Charterers,Not Ready,ETA-07th,NA,NA,Nil,NA,NA,nan,nan,nan,nan,nan,nan,Only Import,,,,,,,,,,
HAL12500266::SAKIZAYA RESPECT,HAL12500266,SAKIZAYA RESPECT,2025-05-20,2025-05-28,8,228.99,7.52,Sulphur,nan,Benline Agencies,Indorama India/TMILL,26(10:00),ETA-28(20:00),NA,NA,"10,500",NA,26(12:20),nan,nan,nan,nan,nan,nan,,12,30/05/25 04:24,,HOJ-III,31/05/25 03:35,31/05/25 17:25,,,,
HAL12500278::SSL THAMIRABARANI,HAL12500278,SSL THAMIRABARANI,2025-05-21,2025-05-28,7,142.70,7.20,Container,nan,Unifeeder Agencies,Slot Charterers,26(16:44),27(12:12),27(12:12),NA,474 Boxes,605 TEUs,26(10:00),nan,nan,nan,nan,nan,nan,Vesselwascalledin27(Night)tidebutcouldnotbesupplieddueto Marine constraint,10,29/05/25 08:00,29/05/25 08:15,6,30/05/25 02:00,,,,,
HAL12500288::VISHVA MALHAR,HAL12500288,VISHVA MALHAR,2025-05-22,2025-05-28,6,189.99,8.30,Limestone,nan,Jyothi Marine Services,SAIL/MHC,Not Ready,27(19:42),NA,NA,"27,000",NA,25(15:55),nan,nan,nan,nan,nan,nan,Vesselwascalledin28(Day)tidebutcouldnotbesupplieddueto Marine constraint,8,29/05/25 02:30,29/05/25 04:00,,,,,,,
HAL12500294::ATLANTIC CROWN,HAL12500294,ATLANTIC CROWN,2025-05-29,2025-05-29,1,8.80,183.21,nan,Tanker,ETA-30(02:00),NA,nan,nan,nan,nan,nan,nan,nan,CDSBO & CSFO,Interocean Shipping,Various,Not Ready,NA,"27,042",NA,,,,6,01/06/25 15:30,01/06/25 23:10,,,,
HAL12500308::HULDA MAERSK,HAL12500308,HULDA MAERSK,2025-05-29,2025-05-29,1,7.90,180.00,nan,Tanker,26(19:48),28(12:51),nan,nan,nan,nan,nan,nan,nan,CDSBO,Interocean Shipping,Various,28(12:51),02(12:51),"22,500",NA,4,31/05/25 06:30,31/05/25 10:18,9,02/06/25 11:30,02/06/25 21:40,,,,
HAL12500304::BASIC ADVENTURER,HAL12500304,BASIC ADVENTURER,2025-05-25,2025-05-30,5,228.99,8.50,Coking Coal,nan,Kanoo Shipping,Tata Steel/MHC,27(10:38),ETA-31(02:00),NA,NA,"32,000",NA,NA,nan,nan,nan,nan,nan,nan,,8,31/05/25 17:18,31/05/25 18:30,8,02/06/25 10:40,02/06/25 19:30,BERTH-8,BERTH-9,02/06/25 11:50,
HAL12500264::BBG NANNING,HAL12500264,BBG NANNING,2025-05-20,2025-05-30,9,229.00,8.10,Steam Coal,nan,Alap Carriers,Narsingh Mercantile/MHC,29(15:34),30(06:00),30(06:00),30(06:00),"30,000",NA,29(11:59),nan,nan,nan,nan,nan,nan,Reporting time as per Agent,,,,4B,02/06/25 02:25,02/06/25 03:20,,,,
HAL12500307::FLAG ZANNIS,HAL12500307,FLAG ZANNIS,2025-05-27,2025-05-30,3,229.00,8.40,Coking Coal,nan,Infinity Shipping,JSW Minerals Tradung/MHC,28(10:40),ETA-30(20:00),NA,NA,"31,805",NA,28(17:13),nan,nan,nan,nan,nan,nan,,13,01/06/25 04:24,01/06/25 05:35,13,03/06/25 12:00,03/06/25 20:00,,,,
HAL12500299::LOURDES (COASTAL),HAL12500299,LOURDES (COASTAL),2025-05-25,2025-05-30,5,127.20,5.70,nan,LUBE OIL-(E)9500,ATLANTIC GLOBAL,IOCL,nan,nan,nan,nan,nan,nan,nan,28(12:42),29(11:05),29(11:05),42,IOCL,HOJ-I B-16(O),Ullage confirmation & Readiness Documents are awaited.,,,,,,,,,,
HAL12500293::MONDIAL SUCCESS,HAL12500293,MONDIAL SUCCESS,2025-05-23,2025-05-30,6,229.00,8.20,Coking Coal,nan,Deblines Pvt. Ltd,SAIL/ISPHL,BOT Berth,ETA-30(21:00),NA,NA,"33,000",NA,29(10:08),nan,nan,nan,nan,nan,nan,,4A,31/05/25 15:06,31/05/25 16:10,HOJ-I,03/06/25 00:25,03/06/25 01:00,,,,
HAL12500311::SKY JOY,HAL12500311,SKY JOY,2025-05-27,2025-05-30,3,116.50,8.40,nan,PARAXYLENE-(I)9548.827,ATLANTIC GLOBAL,MCPI,nan,nan,nan,nan,nan,nan,nan,ETA-31(06:00),29(09:14),ETA-31(06:00),27,MCPI,HOJ-I & OT-II B-16(O)& OT-II,Ullage confirmation & Readiness Documents are awaited.,TERMINAL,31/05/25 13:40,31/05/25 16:00,TERMINAL 2,01/06/25 10:15,01/06/25 11:15,,,,
HAL12500247::SOL FORTUNE,HAL12500247,SOL FORTUNE,2025-05-16,2025-05-30,12,149.60,8.50,Container,nan,Transworld Global Logistics Solutions,Slot Charterers,27(18:24),29(16:00),29(16:00),NA,140 Boxes,189 TEUs,28(15:15),nan,nan,nan,nan,nan,nan,Only Import | Only Import. Vessel called in Day tide on date,,,,10,31/05/25 02:30,31/05/25 08:40,,,,
HAL12500271::STALO,HAL12500271,STALO,2025-05-21,2025-05-30,8,228.99,8.70,Limestone & Dolomite,nan,TMILL,Tata Steel/MHC,23(10:35),27(16:24),27(16:24),27(16:24),"38,522",NA,NA,nan,nan,nan,nan,nan,nan,Vessel neaped in all Night Tides | VesselneapedinallNightTides.Vesselwascalledin28(Day)tide but could not be supplied due to Marine constraint | VesselneapedinallNightTides.Vesselwascalledin28(Day)tidebut could not be supplied due to Marine constraint | VesselneapedinallNightTides.Vesselcouldnotbesuppliedon 28(Day)&29(Day)tideduetoMarineconstraint.Vesselagaincalled in Day tide on date | VesselneapedinallNightTides.Vesselcouldnotbesuppliedon 28(Day)&29(Day)tideduetoMarineconstraint.VesselcalledinDay tide on date,,,,2,01/06/25 12:45,01/06/25 17:25,,,,
HAL12500305::BBG KUANTAN,HAL12500305,BBG KUANTAN,2025-05-25,2025-06-01,6,228.90,8.50,Coking Coal,nan,Benline Agencies,Tata Steel/MHC,29(11:47),01(04:30),01(04:30),01(04:30),"34,370",NA,31(12:06),nan,nan,nan,nan,nan,nan,Vessel called in Day tide on date,2,01/06/25 18:18,,2,03/06/25 14:30,03/06/25 18:30,,,,
HAL12500318::DIAMOND QUEEN,HAL12500318,DIAMOND QUEEN,2025-05-28,2025-06-01,3,199.98,8.41,Manganese Ore,nan,Atlantic Global Shipping,Various/MHC,30(12:52),31(00:06),31(00:06),31(00:06),"29,900",NA,31(13:22),nan,nan,nan,nan,nan,nan,Vessel called in Day tide on date,9,01/06/25 16:06,01/06/25 19:30,4B,04/06/25 04:00,,BERTH-9,BERTH-4B,02/06/25 05:48,
HAL12500301::GRAND TAJIMA ONE,HAL12500301,GRAND TAJIMA ONE,2025-05-25,2025-06-01,6,119.99,8.50,"HR Coil,Equipment & Machinary",nan,J M Baxi Marine Services,Various/TMILL,30(17:00),ETA-01(12:30),NA,NA,"10,472",NA,27(12:05),nan,nan,nan,nan,nan,nan,Vessel neaped in all Night Tides,12,02/06/25 03:56,,12,03/06/25 23:30,,,,,
HAL12500315::ORIENTAL JASMINE,HAL12500315,ORIENTAL JASMINE,2025-05-28,2025-06-01,3,134.03,8.40,nan,PARAXYLENE-(I)12005,ISS SHIPPING,MCPI,nan,nan,nan,nan,nan,nan,nan,01(05:30),31(09:48),01(05:30),33,MCPI,HOJ-I & OT-II B-16(O)& OT-II,Ullage confirmation & Readiness Documents are awaited. | Vessel called in Day tide in date at B/16(O),HOJ-I,01/06/25 14:18,01/06/25 17:48,4,02/06/25 15:52,02/06/25 23:40,,,,
HAL12500335::SANMAR SONNET (COASTAL),HAL12500335,SANMAR SONNET (COASTAL),2025-05-30,2025-06-01,2,240.99,7.80,nan,HSD-(I)25978.0157 MS-(I)12005.769,ATLANTIC GLOBAL,BPCL,nan,nan,nan,nan,nan,nan,nan,31(16:42),30(12:43),31(16:42),HOJ-II=38 HOJ-III-43,BPCL,HOJ-II/HOJ-III B-17(O)/B-18(O),Ullage confirmation & Readiness Documents are awaited. | Vessel called in Day tide in date at B/17(O),,,,,,,,,,
HAL12500314::AP ARGOSY,HAL12500314,AP ARGOSY,2025-05-28,2025-06-02,4,229.00,8.14,PCI Coal,nan,Cross Ocean Enterprises,SAIL/ISPHL,BOT Berth,01(17:50),01(17:50),01(17:50),"30,670",NA,31(13:28),nan,nan,nan,nan,nan,nan,,4A,03/06/25 05:24,,,,,,,,
HAL12500321::ENJOY HARMONY,HAL12500321,ENJOY HARMONY,2025-05-30,2025-06-02,3,225.00,8.10,Coking Coal,nan,Spartans Marine Services,SAIL/ISPHL,BOT Berth,02(07:48),02(07:48),02(07:48),"31,300",NA,NA,nan,nan,nan,nan,nan,nan,Reporting time as per Agent,4,03/06/25 07:00,03/06/25 09:30,,,,BERTH-4,BERTH-2,03/06/25 19:12,03/06/25 19:50
HAL12500309::GREEN SANVI,HAL12500309,GREEN SANVI,2025-05-27,2025-06-02,5,225.28,8.40,nan,PROPANE-(I)-11054 BUTANE-(I)-10542,SAMSARA SHIPPING,BPCL,nan,nan,nan,nan,nan,nan,nan,27(23:18),02(09:53),02(09:53),36,BPCL,HOJ-III B-18(O),Ullage confirmation & Readiness Documents are awaited.,HOJ-III,03/06/25 16:54,03/06/25 19:06,,,,,,,
HAL12500265::LA STELLA,HAL12500265,LA STELLA,2025-05-20,2025-06-02,11,199.98,7.10,Manganese Ore,nan,Gac Shipping,Various/MHC,26(14:46),02(08:00),02(08:00),02(08:00),"21,100",NA,26(17:01),nan,nan,nan,nan,nan,nan,Reporting time as per Agent. Vessel called in Day tide on date,6,02/06/25 20:30,,,,,BERTH-6,BERTH-13,03/06/25 21:52,03/06/25 22:30
HAL12500258::MSC TIGER F,HAL12500258,MSC TIGER F,2025-05-18,2025-06-02,13,154.51,6.60,Container,nan,MSC Agency,Slot Charterers,Ready,Ex KDS-01st,31(14:10),NA,177 Boxes,205 TEUs,01(13:01),nan,nan,nan,nan,nan,nan,Only Export | Only Export. F/W at KDS on 31(14:10) | OnlyExport.F/WatKDSon31(14:10).ReportedatSandheadson 02(02:00). Vessel called in Day tide on date,11,02/06/25 18:10,02/06/25 19:30,11,03/06/25 08:20,03/06/25 09:30,,,,
HAL12500312::OCEAN GAS,HAL12500312,OCEAN GAS,2025-05-27,2025-06-02,5,225.28,8.30,nan,PROPANE-(I)-5561.13 BUTANE-(I)-16676.81,ATLANTIC GLOBAL,IOCL,nan,nan,nan,nan,nan,nan,nan,28(19:06),01(08:51),01(08:51),29.7,IOPPL,HOJ-I/HOJ-II B-16(O)/17(O),"Ullage confirmation & Readiness Documents are awaited. | 1. Ullage confirmation & Readiness Documents are awaited. 2. As intimated from Terminal, the required ullage may be available on 2nd June'2025.",HOJ-I,03/06/25 16:24,03/06/25 20:18,,,,,,,
HAL12500334::PINAR GAS,HAL12500334,PINAR GAS,2025-05-30,2025-06-02,3,225.49,8.30,nan,PROPANE-(I)-7950 BUTANE-(I)-15100,ATLANTIC GLOBAL,HPCL,nan,nan,nan,nan,nan,nan,nan,ETA-02(22:00),30(15:45),ETA-02(22:00),36,AEGIS,HOJ-I/HOJ-II B-16(O)/17(O),Ullage confirmation & Readiness Documents are awaited.,HOJ-II,03/06/25 17:18,,,,,,,,
HAL12500290::SITC SHUNDE,HAL12500290,SITC SHUNDE,2025-05-23,2025-06-02,8,171.90,8.30,Container,nan,Eastern Liner Shipping,Slot Charterers,30(17:15),ETA-02(19:00),NA,NA,695 Boxes,"1,441 TEUs",31(11:31),nan,nan,nan,nan,nan,nan,,10,03/06/25 09:15,03/06/25 18:48,,,,,,,
HAL12500323::STAR TRADER,HAL12500323,STAR TRADER,2025-05-30,2025-06-02,3,228.99,7.85,Coking Coal,nan,J M Baxi Marine Services,SAIL/MHC,Not Ready,01(15:00),NA,NA,"33,000",NA,01(07:49),nan,nan,nan,nan,nan,nan,Vessel swapped from BOT Berth to Port Berth on 31(16:04) | VesselswappedfromBOTBerthtoPortBerthon31(16:04).Vessel called in Day tide on date,8,02/06/25 16:24,02/06/25 17:40,,,,,,,
HAL12500333::MICK,HAL12500333,MICK,2025-05-30,2025-06-03,4,147.00,6.65,Project Cargo,nan,Parekh Marine Services,Haldia Petrochamicals,Not Ready,ETA-02(19:00),NA,NA,226,NA,NA,nan,nan,nan,nan,nan,nan,Coastal,,,,,,,,,,
HAL12500313::PHC GLORY,HAL12500313,PHC GLORY,2025-05-27,2025-06-03,6,103.64,7.50,Wood Pulp,nan,Pharos Shipping,Emami Paper Mill,30(12:31),ETA-03(16:00),NA,NA,"4,545",NA,02(11:01),nan,nan,nan,nan,nan,nan,,,,,,,,,,,
HAL12500298::STENA IMPRESSION,HAL12500298,STENA IMPRESSION,2025-05-29,2025-06-03,3,183.13,8.00,CDSBO,nan,Interocean Shipping,AWL Agri Business,02(15:30),03(06:06),03(06:06),08(06:06),"20,000",NA,02(12:46),nan,nan,nan,nan,nan,nan,NA,,,,,,,,,,
HAL12500342::ABRAHAM M,HAL12500342,ABRAHAM M,2025-06-03,2025-06-04,2,200.00,8.05,Rock Phosphate,nan,Alap Carriers Shipping And Logistic,Sai Fertilizers & Jatia Chemicals/MHC,Not Ready,03(22:30),NA,NA,"19,545",NA,03(11:18),nan,nan,nan,nan,nan,nan,,,,,,,,,,,
HAL12500328::AM JYOTI,HAL12500328,AM JYOTI,2025-05-30,2025-06-04,5,228.99,8.20,Limestone,nan,TMILL,Tata Steel/MHC,Not Ready,ETA-09(06:00),NA,NA,"30,000",NA,NA,nan,nan,nan,nan,nan,nan,,2,10/06/25 11:54,10/06/25 13:20,6,12/06/25 03:55,12/06/25 16:35,BERTH-2,BERTH-7,12/06/25 04:55,
HAL12500350::AM UMANG,HAL12500350,AM UMANG,2025-06-04,2025-06-04,1,228.99,8.00,Dolomite & Pyroxenite,nan,TMILL,Tata Steel/MHC,Not Ready,ETA-12(14:00),NA,NA,"30,000",NA,NA,nan,nan,nan,nan,nan,nan,,,,,,,,,,,
HAL12500336::ASIAN LILAC,HAL12500336,ASIAN LILAC,2025-06-01,2025-06-04,3,127.68,8.00,nan,PARAXYLENE-(I)9564,SAMUDRA MARINE,MCPI,nan,nan,nan,nan,nan,nan,nan,ETA-07(22:00),Not Ready,Not Ready,N/A,MCPI,HOJ-I & OT-II B-16(O)& OT-II,Ullage confirmation & Readiness Documents are awaited.,,,,,,,,,,
HAL12500346::BAHRI ARASCO,HAL12500346,BAHRI ARASCO,2025-06-03,2025-06-04,2,228.99,8.40,Limestone,nan,Alap Carriers,Parag Vinimay/MHC,Not Ready,ETA-11(AM),NA,NA,"35,000",NA,NA,nan,nan,nan,nan,nan,nan,,8,11/06/25 01:05,11/06/25 02:25,7,12/06/25 20:45,13/06/25 01:35,,,,
HAL12500345::BW PINE,HAL12500345,BW PINE,2025-06-04,2025-06-04,1,226.00,8.30,nan,PROPANE-(I)-10717 BUTANE-(I)-12503,ATLANTIC GLOBAL,IOCL,nan,nan,nan,nan,nan,nan,nan,ETA-05(18:00),Not Ready,Not Ready,N/A,IOPPL,HOJ-I/HOJ-II B-16(O)/17(O),Ullage confirmation & Readiness Documents are awaited.,,,,,,,,,,
HAL12500340::EIHWAZ,HAL12500340,EIHWAZ,2025-06-01,2025-06-04,4,199.99,8.27,Manganese Ore,nan,Gac Shipping,Carbon Resources & Shyam Sel And Power/MHC,Not Ready,ETA-07(PM),NA,NA,"29,500",NA,31(10:57),nan,nan,nan,nan,nan,nan,,,,,8,10/06/25 19:50,12/06/25 00:55,BERTH-8,BERTH-4B,11/06/25 00:10,
HAL12500270::ESCADA,HAL12500270,ESCADA,2025-05-21,2025-06-04,12,154.00,6.40,Container,nan,Samsara Shipping,Slot Charterers,Ready,Ex KDS-03rd,02(03:40),NA,230 Boxes,321 TEUs,03(13:12),nan,nan,nan,nan,nan,nan,Only Export | Only Export. F/W at KDS on 02(03:40) | OnlyExport.F/WatKDSon02(03:40).ReportedatSandheadson 04(04:00). Vessel called in Day tide on date,,,,,,,,,,
HAL12500281::FUTURE ID,HAL12500281,FUTURE ID,2025-05-22,2025-06-04,11,176.62,8.20,Rock Phosphate,nan,Alap Carriers,Various/TMILL,Not Ready,29(03:30),NA,NA,"20,500",NA,27(16:55),nan,nan,nan,nan,nan,nan,"Vesselwascalledin30(Night)tidebutcouldnotsupplieddueto disputebetweenOwner'sandCharterer's.AsconfimedbyMaster, vessel not ready to pick up Pilot till further instruction",,,,12,11/06/25 02:10,11/06/25 02:55,,,,
HAL12500306::GEORGITSI,HAL12500306,GEORGITSI,2025-05-27,2025-06-04,7,229.00,7.95,Coke Fines,nan,Liberty Highrise,Rashmi Metaliks & Orissa Metaliks/MHC,26(17:27),04(03:00),04(03:00),04(03:00),"22,000",NA,26(18:30),nan,nan,nan,nan,nan,nan,Vessel called in Day tide on date,,,,,,,,,,
HAL12500347::GLOBAL APOLLON,HAL12500347,GLOBAL APOLLON,2025-06-04,2025-06-04,1,141.31,8.16,CPO,nan,Seaport Services,Gokul Agro Resources & Patanjali Foods Ltd,Not Ready,ETA-05(09:00),NA,NA,"3,570",NA,NA,nan,nan,nan,nan,nan,nan,Prioritymaynotbeaccorded.PatanjaliFoodsLtddoesnotwantto work upon the vessel at OMB & B/18(O),,,,,,,,,,
HAL12500310::HONG DA XIN 89,HAL12500310,HONG DA XIN 89,2025-05-27,2025-06-04,7,158.56,7.70,Container,nan,Far Shipping,Slot Charterers,04(10:10),ETA-05(18:00),NA,NA,386 Boxes,641 TEUs,NA,nan,nan,nan,nan,nan,nan,Only Import,,,,,,,,,,
HAL12500329::IONIAN MARINER,HAL12500329,IONIAN MARINER,2025-05-30,2025-06-04,5,229.00,8.40,Hard Coal,nan,Seatrans Shipmanagement,Carbon Resources/MHC,Not Ready,ETA-07(PM),NA,NA,"36,300",NA,NA,nan,nan,nan,nan,nan,nan,,,,,4B,10/06/25 03:00,10/06/25 11:15,,,,
HAL12500325::MARIANNA GOLDEN,HAL12500325,MARIANNA GOLDEN,2025-05-30,2025-06-04,4,155.00,8.50,nan,AMMONIA ANHYDROUS- (I)11501.542,EMINENCE SHIPPING,INDORAMA,nan,nan,nan,nan,nan,nan,nan,ETA-04(20:00),29(16:40),ETA-04(20:00),22,INDORAMA,HOJ-I B-16(O),,,,,,,,,,,
HAL12500348::MARINA NEPTUNE,HAL12500348,MARINA NEPTUNE,2025-06-04,2025-06-04,1,113.98,7.40,LAB,nan,Atlantic Global Shipping,Various,Not Ready,04(04:30),NA,NA,"5,119",NA,NA,nan,nan,nan,nan,nan,nan,Priority may not be accorded,,,,,,,,,,
HAL12500339::NANXIN ANGELA,HAL12500339,NANXIN ANGELA,2025-06-01,2025-06-04,4,225.00,7.92,PCI Coal,nan,Gac Shipping,Rungta Mines/MHC,31(12:52),ETA-04(13:00),NA,NA,"31,000",NA,02(10:53),nan,nan,nan,nan,nan,nan,,,,,,,,,,,
HAL12500337::PENDULUM,HAL12500337,PENDULUM,2025-06-01,2025-06-04,4,228.99,8.13,Limestone,nan,Seatrans Shipmanagement,SAIL/MHC,Not Ready,04(08:00),NA,NA,"33,000",NA,03(13:18),nan,nan,nan,nan,nan,nan,Reporting time as per Agent. Vessel called in Day tide on date,,,,,,,,,,
HAL12500331::PVT ORIANA,HAL12500331,PVT ORIANA,2025-05-30,2025-06-04,4,128.60,7.30,nan,FURNACE OIL-(I) 8245.30,INTEROCEAN SHIPPING,BPCL,nan,nan,nan,nan,nan,nan,nan,02(23:00),03(11:30),03(11:30),32,BPCL,HOJ-I B-16(O),Ullage confirmation & Readiness Documents are awaited.,,,,,,,,,,
HAL12500341::PVT PERIDOT,HAL12500341,PVT PERIDOT,2025-06-01,2025-06-04,4,190.00,7.60,Manganese Ore,nan,Interocean Shipping,Various/MHC,Not Ready,ETA-09th,NA,NA,"25,000",NA,NA,nan,nan,nan,nan,nan,nan,,,,,13,11/06/25 01:20,11/06/25 04:30,,,,
HAL12500344::RUDRA,HAL12500344,RUDRA,2025-06-03,2025-06-04,2,105.50,6.00,Bitumen,nan,Preetika Shipping Agency,Various,Not Ready,04(04:20),NA,NA,"4,943",NA,03(16:35),nan,nan,nan,nan,nan,nan,Priority may not be accorded,,,,,,,,,,
HAL12500343::SAEHAN KOSTAR,HAL12500343,SAEHAN KOSTAR,2025-06-03,2025-06-04,2,144.09,8.50,MEG,nan,Wilhelmsen Port Services,IVL Dhunseri Petrochem Industries,Not Ready,ETA-07(PM),NA,NA,"9,165",NA,NA,nan,nan,nan,nan,nan,nan,Priority may not be accorded,,,,,,,,,,
HAL12500332::SANMAR SWARA (COASTAL),HAL12500332,SANMAR SWARA (COASTAL),2025-05-30,2025-06-04,4,228.49,7.90,nan,NAPHTHA-(I)27000,BEN LINE,HPL,nan,nan,nan,nan,nan,nan,nan,03(14:00),03(19:51),03(19:51),HOJ-I=36 HOJ-II&III=28,HPL,HOJ-I/HOJ-II/HOJ-III B-16(O)/B-17(O)/B-18(O),Ullage confirmation & Readiness Documents are awaited.,,,,,,,,,,
HAL12500330::SHAHRASTANI,HAL12500330,SHAHRASTANI,2025-05-30,2025-06-04,4,225.00,8.20,nan,PROPANE-(I)-10684.470 BUTANE-(I)-9837.160,INTEROCEAN,IOCL,nan,nan,nan,nan,nan,nan,nan,02(14:42),Not Ready,Not Ready,N/A,IOPPL,HOJ-I/HOJ-II B-16(O)/17(O),"Ullage confirmation & Readiness Documents are awaited. | 1. As intimated from Terminal, the required ullage may be available on 6th June'2025. 2. Ullage confirmation & Readiness Documents are awaited.",,,,HOJ-II,10/06/25 15:30,10/06/25 20:20,,,,
HAL12500324::SITC ZHENGDE,HAL12500324,SITC ZHENGDE,2025-05-30,2025-06-04,5,171.90,8.10,Container,nan,Eastern Liner Shipping,Slot Charterers,Not Ready,ETA-07th,NA,NA,14 Boxes,NA,NA,nan,nan,nan,nan,nan,nan,,,,,10,11/06/25 02:15,11/06/25 06:45,,,,
HAL12500326::SWARNA PUSHP (COASTAL),HAL12500326,SWARNA PUSHP (COASTAL),2025-05-30,2025-06-04,4,184.95,8.50,nan,HSD-(I)14491.150 MS-(I)4034.411,ATLANTIC GLOBAL,RELIANCE,nan,nan,nan,nan,nan,nan,nan,31(23:48),31(12:39),02(23:48),37,RELIANCE,HOJ-III B-18(O),"Ullage confirmation & Readiness Documents are awaited. | 1. Ullage confirmation & Readiness Documents are awaited. 2. As intimated from Terminal, the required ullage may be available on 03rd June 2025. | 1. Revised Seniority as par with category 4 vessels. (Vessel waiting for more than 48 Hrs) 2. Vessel neaped on 5th & 6th June'2025.",,,,,,,,,,
HAL12500220::TRADER,HAL12500220,TRADER,2025-05-13,2025-06-04,19,166.15,7.60,Container,nan,MSC Agency,Slot Charterers,31(09:11),ETA-04(13:00),NA,NA,665 Boxes,820 TEUs,NA,nan,nan,nan,nan,nan,nan,,,,,,,,,,,
HAL12500373::ALPHA HERO,HAL12500373,ALPHA HERO,2025-06-11,2025-06-11,1,229.00,8.30,Coking Coal,nan,Gac Shipping,SAIL/MHC,Not Ready,11(03:00),NA,NA,"33,000",NA,10(11:11),nan,nan,nan,nan,nan,nan,Vessel swapped from BOT Berth to Port Berth on 10(10:10),12,12/06/25 01:42,,2,13/06/25 16:00,13/06/25 16:15,BERTH-12,BERTH-2,12/06/25 06:30,12/06/25 07:55
HAL12500367::GREEN SANVI,HAL12500367,GREEN SANVI,2025-06-11,2025-06-11,1,225.28,8.50,nan,PROPANE-(I)-10500 BUTANE-(I)-10800,SAMSARA SHIPPING,BPCL,nan,nan,nan,nan,nan,nan,nan,ETA-11(11:00),09(10:52),ETA-11(11:00),36,BPCL,HOJ-III B-18(O),,HOJ-III,12/06/25 11:36,12/06/25 14:00,13,13/06/25 19:00,14/06/25 02:36,,,,
HAL12500369::JAG PRAKASH,HAL12500369,JAG PRAKASH,2025-06-11,2025-06-11,1,183.00,8.00,nan,HSD-(I)14659 MS-(I)2289.71,ATLANTIC GLOBAL,RELIANCE,nan,nan,nan,nan,nan,nan,nan,ETA-13(14:00),Not Ready,Not Ready,N/A,RELIANCE,HOJ-III B-18(O),Ullage confirmation & Readiness Documents are awaited.,HOJ-III,14/06/25 13:00,14/06/25 15:36,HOJ-III,15/06/25 15:00,15/06/25 22:18,,,,
HAL12500365::OCEANIA GRAECA,HAL12500365,OCEANIA GRAECA,2025-06-11,2025-06-11,1,229.00,8.23,Coking Coal,nan,TMILL,SAIL/ISPHL,BOT Berth,11(00:05),11(00:05),11(00:05),"33,000",NA,10(11:03),nan,nan,nan,nan,nan,nan,Vessel called in Day tide on date,4A,11/06/25 13:36,11/06/25 14:30,,,,,,,
HAL12500363::ROYAL PERIDOT,HAL12500363,ROYAL PERIDOT,2025-06-11,2025-06-11,1,128.60,8.10,nan,PARAXYLENE-(I)10450,ISS SHIPPING,MCPI,nan,nan,nan,nan,nan,nan,nan,11(02:00),10(09:31),11(02:00),29,MCPI,HOJ-I & OT-II B-16(O)& OT-II,,TERMINAL,12/06/25 11:00,12/06/25 14:18,HOJ-I,13/06/25 18:00,13/06/25 20:48,,,,
HAL12500338::SSL THAMIRABARANI,HAL12500338,SSL THAMIRABARANI,2025-06-01,2025-06-11,5,142.70,8.10,Container,nan,Unifeeder Agencies,Slot Charterers,09(14:34),ETA-11(11:00),NA,NA,734 Boxes,944 TEUs,09(12:34),nan,nan,nan,nan,nan,nan,,10,12/06/25 00:45,12/06/25 01:00,8,13/06/25 04:15,13/06/25 08:00,,,,
HAL12500376::BBG YONGJIANG,HAL12500376,BBG YONGJIANG,2025-06-11,2025-06-12,2,228.90,7.40,Coking Coal,nan,Atlantic Global Shipping,Visa Minmetal/MHC,10(13:19),11(18:10),11(18:10),11(18:10),"27,000",NA,NA,nan,nan,nan,nan,nan,nan,Late for tide on 11(Night). Vessel called in Day tide on date,4B,12/06/25 15:54,12/06/25 17:15,4B,15/06/25 09:20,15/06/25 21:55,,,,
HAL12500349::CSK UNITY,HAL12500349,CSK UNITY,2025-06-04,2025-06-12,3,224.98,8.50,Coking Coal,nan,TMILL,Tata Steel/MHC,09(16:54),12(00:30),12(00:30),12(00:30),"31,576",NA,09(11:06),nan,nan,nan,nan,nan,nan,Vessel called in Day tide on date,13,12/06/25 12:54,12/06/25 14:20,TERMINAL 2,13/06/25 11:48,13/06/25 20:54,,,,
HAL12500310R::HONG DA XIN 89,HAL12500310R,HONG DA XIN 89,2025-06-11,2025-06-12,2,158.52,5.20,Container,nan,Far Shipping,Slot Charterers,Ready,Ex KDS-11th,10(05:55),NA,302 Boxes,483 TEUs,11(15:20),nan,nan,nan,nan,nan,nan,Only Export. F/W at KDS on 10(05:55). ETA at Sandheads on 11(22:00) | OnlyExport.F/WatKDSon10(05:55).RatSandheadson11(20:00). Vessel called in Day tide on date,,,,,,,,,,
HAL12500375::MINOAN SEA,HAL12500375,MINOAN SEA,2025-06-11,2025-06-12,2,229.00,8.45,Limestone,nan,Seatrans Shipmanagement,SAIL/MHC,Not Ready,ETA-12(17:00),NA,NA,"33,000",NA,NA,nan,nan,nan,nan,nan,nan,,4,13/06/25 00:45,13/06/25 02:45,8,15/06/25 11:10,16/06/25 02:50,,,,
HAL12500382::APOLLO OCEAN,HAL12500382,APOLLO OCEAN,2025-06-11,2025-06-13,3,230.00,7.20,nan,PROPANE-(I)-5447 BUTANE-(I)-5438,ATLANTIC GLOBAL,IOCL,nan,nan,nan,nan,nan,nan,nan,11(09:20),12(04:55),12(04:55),15,IOPPL,HOJ-I/HOJ-II B-16(O)/17(O),Ullage confirmation & Readiness Documents are awaited. | Vessel called at B/17(O),HOJ-II,13/06/25 12:00,13/06/25 13:48,HOJ-III,13/06/25 22:00,14/06/25 09:15,,,,
HAL12500371::BW BALDER,HAL12500371,BW BALDER,2025-06-11,2025-06-13,3,225.21,8.30,nan,PROPANE-(I)-11050 BUTANE-(I)-12000,ISS SHIPPING,HPCL,nan,nan,nan,nan,nan,nan,nan,09(16:54),13(09:52),13(09:52),36,AEGIS,HOJ-I/HOJ-II B-16(O)/17(O),Ullage confirmation & Readiness Documents are awaited.,HOJ-II,14/06/25 12:36,14/06/25 15:12,HOJ-II,15/06/25 21:06,15/06/25 22:50,,,,
HAL12500387::DARYA RUCHI,HAL12500387,DARYA RUCHI,2025-06-11,2025-06-13,3,228.99,8.20,Coking Coal,nan,Infinity Shipping,SAIL/ISPHL,BOT Berth,13(00:30),13(00:30),13(00:30),"33,000",NA,11(17:51),nan,nan,nan,nan,nan,nan,VesselswappedfromPortBerthtoBOTBerthon12(13:54).Vessel called in Day tide on date,9,13/06/25 13:15,13/06/25 20:00,4A,15/06/25 23:45,16/06/25 18:30,BERTH-9,BERTH-4A,13/06/25 23:06,13/06/25 23:42
HAL12500396::FORTUNE ARK,HAL12500396,FORTUNE ARK,2025-06-11,2025-06-13,3,189.94,7.70,Manganese Ore,nan,Interocean Shipping,Various/MHC,Not Ready,ETA-13(13:30),NA,NA,"24,000",NA,11(17:10),nan,nan,nan,nan,nan,nan,,13,14/06/25 03:24,,13,15/06/25 07:30,15/06/25 16:05,,,,
HAL12500369::JAG PRAKASH (Coastal),HAL12500369,JAG PRAKASH (Coastal),2025-06-12,2025-06-13,2,183.00,8.00,nan,HSD-(I)14659 MS-(I)2289.71,ATLANTIC GLOBAL,RELIANCE,nan,nan,nan,nan,nan,nan,nan,ETA-13(16:00),12(09:16),ETA-13(16:00),35,RELIANCE,HOJ-III B-18(O),,,,,,,,,,,
HAL12500405::NO.2HEUNG-A PIONEER,HAL12500405,NO.2HEUNG-A PIONEER,2025-06-13,2025-06-13,1,124.50,8.30,nan,PARAXYLENE-(I)10330,SAMUDRA MARINE,MCPI,nan,nan,nan,nan,nan,nan,nan,ETA-21.06.2025,Not Ready,Not Ready,N/A,MCPI,HOJ-I & OT-II B-16(O)& OT-II,Ullage confirmation & Readiness Documents are awaited.,,,,,,,,,,
HAL12500409::PEBBLES (Coastal),HAL12500409,PEBBLES (Coastal),2025-06-13,2025-06-13,1,129.20,6.00,nan,LUBE OIL -(E) 9500,ATLANTIC GLOBAL,IOCL,nan,nan,nan,nan,nan,nan,nan,12(21:18),12(12:48),12(21:18),36,IOPPL,HOJ-I B-16(O),Vessel declared on 12(12:48),,,,,,,,,,
HAL12500359::TONG YING,HAL12500359,TONG YING,2025-06-11,2025-06-13,3,229.00,8.50,Coking Coal,nan,TMILL,Tata Steel/MHC,11(09:56),12(21:09),12(21:09),12(21:09),"34,967",NA,NA,nan,nan,nan,nan,nan,nan,Vessel called in Day tide on date,2,13/06/25 17:24,14/06/25 01:42,9,15/06/25 04:45,15/06/25 07:15,,,,
HAL12500319::MSC DIYA F,HAL12500319,MSC DIYA F,2025-05-30,2025-06-14,9,147.83,8.20,Container,nan,Msc Agency,Slot Charterers,13(13:59),ETA-14(14:00),NA,NA,122 Boxes,217 TEUs,12(10:56),nan,nan,nan,nan,nan,nan,Only Import,10,15/06/25 02:45,15/06/25 03:00,10,15/06/25 07:30,15/06/25 18:10,,,,
HAL12500394::VISHVA ANAND,HAL12500394,VISHVA ANAND,2025-06-11,2025-06-14,4,229.00,8.15,Coking Coal,nan,The Shipping Corporation,SAIL/MHC,Not Ready,ETA-14(13:00),NA,NA,"33,000",NA,NA,nan,nan,nan,nan,nan,nan,Vessel swapped from BOT Berth to Port Berth on 12(12:25),2,15/06/25 08:24,15/06/25 09:40,4A,16/06/25 18:10,16/06/25 22:45,,,,
HAL12500374::HANYU CAMELLIA,HAL12500374,HANYU CAMELLIA,2025-06-11,2025-06-15,4,146.19,7.80,nan,PARAXYLENE-(I)9530,SAMUDRA MARINE,MCPI,nan,nan,nan,nan,nan,nan,nan,15(01:18),14(09:13),15(01:18),27,MCPI,HOJ-I & OT-II B-16(O)& OT-II,Ullage confirmation & Readiness Documents are awaited. | Vessel called in Day tide on date at OT-II,TERMINAL,15/06/25 13:15,15/06/25 14:48,TERMINAL 2,16/06/25 09:10,16/06/25 09:45,,,,
HAL12500403::NANDA DEVI,HAL12500403,NANDA DEVI,2025-06-12,2025-06-15,3,227.00,8.50,nan,PROPANE-(I)-11740 BUTANE-(I)-11037,ATLANTIC GLOBAL,IOCL,nan,nan,nan,nan,nan,nan,nan,12(17:54),14(10:34),14(10:34),30,IOPPL,HOJ-I/HOJ-II B-16(O)/17(O),Ullage confirmation & Readiness Documents are awaited. | Vessel called in Day tide on date at B/16(O),HOJ-I,15/06/25 15:00,15/06/25 16:00,2,16/06/25 20:42,16/06/25 23:36,,,,
HAL12500391::NAVE ATROPOS,HAL12500391,NAVE ATROPOS,2025-06-11,2025-06-15,4,228.00,7.30,nan,NAPHTHA-(I)-19415,INTEROCEAN SHIPPING,HPL,nan,nan,nan,nan,nan,nan,nan,14(19:00),13(18:34),14(19:00),HOJ-I = 25 HOJ-II & III = 20,HPL,HOJ-I/HOJ-II/HOJ-III B-16(O)/B-17(O)/B-18(O),Ullage confirmation & Readiness Documents are awaited.,HOJ-II,16/06/25 13:48,16/06/25 16:00,,,,OIL JETTY,OIL JETTY -,17/06/25 13:00,17/06/25 15:48
HAL12500385::VIMC MIGHTY,HAL12500385,VIMC MIGHTY,2025-06-12,2025-06-15,3,153.20,8.00,HR Coils,nan,Seahorse Ship Agencies,Various/TMILL,13(10:15),15(06:00),15(06:00),23(06:00),"10,804",NA,NA,nan,nan,nan,nan,nan,nan,Vessel called in Day tide on date,12,15/06/25 15:00,15/06/25 16:15,HOJ-I,17/06/25 00:30,17/06/25 10:45,,,,
HAL12500399::DORIC LIBERTY,HAL12500399,DORIC LIBERTY,2025-06-12,2025-06-16,5,229.02,8.35,Coking Coal,nan,Infinity Shipping,SAIL/ISPHL,BOT Berth,ETA-16(14:00),NA,NA,"33,000",NA,NA,nan,nan,nan,nan,nan,nan,,4A,17/06/25 06:05,17/06/25 07:30,2 OFF,19/06/25 12:30,20/06/25 01:20,,,,
HAL12500370::EVER EXCELLENT,HAL12500370,EVER EXCELLENT,2025-06-11,2025-06-16,6,228.90,8.40,PCI Coal,nan,TMILL,Tata Steel/MHC,Not Ready,ETA-20th,NA,NA,"30,000",NA,NA,nan,nan,nan,nan,nan,nan,Vessel voyage may be cancelled as intimated by the Agent,,,,,,,,,,
HAL12500392::F SPIRIT,HAL12500392,F SPIRIT,2025-06-11,2025-06-16,6,189.99,8.34,Manganese Ore,nan,Bharat Marine Services,Various/MHC,16(10:06),16(05:30),16(10:06),16(10:06),"24,831",NA,15(12:11),nan,nan,nan,nan,nan,nan,Vessel called in Day tide on date,8,16/06/25 15:42,16/06/25 17:00,8,19/06/25 00:40,19/06/25 06:10,,,,
HAL12500360::KAYA OLDENDORFF,HAL12500360,KAYA OLDENDORFF,2025-06-11,2025-06-16,6,229.00,7.48,Coking Coal,nan,Gac Shipping,Trafigura India/MHC,11(16:34),ETA-16(17:00),NA,NA,"27,558",NA,11(19:48),nan,nan,nan,nan,nan,nan,,4B,17/06/25 04:24,,11,19/06/25 16:00,20/06/25 13:12,BERTH-4B,BERTH-4,19/06/25 20:30,
HAL12500408::KIRAN BOSPHORUS,HAL12500408,KIRAN BOSPHORUS,2025-06-14,2025-06-16,3,199.90,9.20,"HR Coils,WR Coils & Semicoke in Bags",nan,Seahorse Ship Agencies,Various/TMILL,Not Ready,ETA-16(13:30),NA,NA,"32,639",NA,14(17:38),nan,nan,nan,nan,nan,nan,"To lighten 3,000 MT HR Coil at Sagar",12,19/06/25 20:10,19/06/25 21:05,13,25/06/25 16:54,25/06/25 19:36,,,,
HAL12500390::TUO FU 6,HAL12500390,TUO FU 6,2025-06-11,2025-06-16,6,229.00,7.94,PCI Coal,nan,V Ocean Shipping,Rawmet Resources/MHC,14(12:12),16(00:12),16(00:12),16(00:12),"31,000",NA,14(13:11),nan,nan,nan,nan,nan,nan,Vessel called in Day tide on date,13,16/06/25 17:18,16/06/25 18:45,13,18/06/25 03:40,,,,,
HAL12500393::BEREKET M,HAL12500393,BEREKET M,2025-06-11,2025-06-17,7,154.38,6.70,Sulphur,nan,Alap Carriers,Various/TMILL,16(10:00),17(07:00),17(07:00),21(07:00),"11,000",NA,14(16:27),nan,nan,nan,nan,nan,nan,Reporting time as per Agent. Late for tode on 17(Day) Tide,12,18/06/25 05:00,,12,19/06/25 02:00,19/06/25 08:35,,,,
HAL12500379::JAG VASANT,HAL12500379,JAG VASANT,2025-06-11,2025-06-17,5,230.00,8.70,nan,PROPANE-(I)-13091 BUTANE-(I)-12667,SAMSARA SHIPPING,BPCL,nan,nan,nan,nan,nan,nan,nan,11(11:30),16(08:12),16(08:12),36,BPCL,HOJ-III B-18(O),Ullage confirmation & Readiness Documents are awaited. | Vessel called at B/18(O),HOJ-III,17/06/25 15:00,17/06/25 16:30,HOJ-III,19/06/25 01:30,19/06/25 13:00,,,,
HAL12500406::NORD BERING,HAL12500406,NORD BERING,2025-06-13,2025-06-17,5,199.98,8.15,Coking Coal,nan,Eveready Shipping,Jai Balaji Industries/MHC,14(12:49),17(02:24),17(02:24),17(02:24),"29,780",NA,14(13:11),nan,nan,nan,nan,nan,nan,Vessel called in Day tide on date,2,17/06/25 15:25,17/06/25 16:50,4B,20/06/25 00:55,20/06/25 07:20,,,,
HAL12500377::SITC ZHI,HAL12500377,SITC ZHI,2025-06-11,2025-06-17,7,171.90,8.90,Container,nan,Eastern Liner Shipping,Slot Charterers,14(11:46),17(05:30),17(05:30),NA,"1,008 Boxes","1,573 TEUs",15(12:10),nan,nan,nan,nan,nan,nan,Vessel neaped in all Night Tides | VesselneapedinallNightTides.ReportingtimeasperAgent.Vessel called in Day tide on date,10,17/06/25 17:30,17/06/25 19:20,10,19/06/25 07:50,19/06/25 13:00,,,,
HAL12500361::SOL FORTUNE,HAL12500361,SOL FORTUNE,2025-06-11,2025-06-17,7,149.60,7.80,Container,nan,Transworld Global Logistics Solutions,Slot Charterers,13(16:34),ETA-17(17:00),NA,NA,123 Boxes,163 TEUs,14(12:16),nan,nan,nan,nan,nan,nan,Only Import,,,,,,,,,,
HAL12500378::XIN HAI TONG 805,HAL12500378,XIN HAI TONG 805,2025-06-11,2025-06-17,7,229.00,7.37,PCI Coal,nan,Sea Chhathmaa Shipping,Parent Mont/MHC,13(13:20),15(01:12),15(01:12),15(01:12),"24,000",NA,12(16:11),nan,nan,nan,nan,nan,nan,"Vessel called in Day tide on date | InsideDock.AsconfimedbyAgent,disputebetweenOwner'sand Charterer's regarding commercial issue",13,15/06/25 17:24,,13,19/06/25 04:30,19/06/25 23:50,BERTH-13,BERTH-9 | BERTH-2 OF,16/06/25 16:10 | 19/06/25 07:45,19/06/25 10:10
HAL12500412::BW LORD,HAL12500412,BW LORD,2025-06-13,2025-06-18,4,226.00,8.30,nan,PROPANE-(I)-10698 BUTANE-(I)-10117,ATLANTIC GLOBAL,IOCL,nan,nan,nan,nan,nan,nan,nan,13(17:00),18(09:25),18(09:25),31,IOPPL,HOJ-I/HOJ-II B-16(O)/17(O),"Ullage confirmation & Readiness Documents are awaited. | 1. As intimated from Terminal, the required ullage may be available on 19th June'2025. 2. Ullage confirmation & Readiness Documents are awaited.",HOJ-I,19/06/25 17:12,19/06/25 18:18,4B,20/06/25 20:30,21/06/25 15:54,,,,
HAL12500397::GAZ IMPERIAL,HAL12500397,GAZ IMPERIAL,2025-06-11,2025-06-18,6,229.98,8.33,nan,PROPANE-(I)-11050 BUTANE-(I)-12000,ATLANTIC GLOBAL,HPCL,nan,nan,nan,nan,nan,nan,nan,12(11:42),17(09:43),17(09:43),36,AEGIS,HOJ-I/HOJ-II B-16(O)/17(O),Ullage confirmation & Readiness Documents are awaited. | Vessel called at B/17(O),,,,7,20/06/25 19:12,21/06/25 03:24,,,,
HAL12500400::HUI FENG HAI 16,HAL12500400,HUI FENG HAI 16,2025-06-12,2025-06-18,7,139.80,6.30,Raw Petroleum Coke,nan,Sea Chhathmaa Shipping,Petro Carbon & Chemicals/MHC,14(11:35),17(08:00),17(08:00),17(08:00),"9,471",NA,14(12:30),nan,nan,nan,nan,nan,nan,Reporting time as per Agent,4B,19/06/25 21:54,19/06/25 23:45,9,20/06/25 18:10,21/06/25 13:00,BERTH-4B,BERTH-10,20/06/25 20:25,
HAL12500395::MIRELA,HAL12500395,MIRELA,2025-06-11,2025-06-18,8,189.90,8.26,Manganese Ore,nan,Bharat Marine Services,Various/MHC,14(15:39),17(20:15),17(20:15),17(20:15),"22,905",NA,15(13:47),nan,nan,nan,nan,nan,nan,Vessel called in Day tide on date,,,,HOJ-III,20/06/25 21:00,21/06/25 14:50,,,,
HAL12500383::MSC DHANTIA F,HAL12500383,MSC DHANTIA F,2025-06-11,2025-06-18,8,149.00,8.60,Container,nan,MSC Agency,Slot Charterers,Not Ready,ETA-26th,NA,NA,Nil,NA,NA,nan,nan,nan,nan,nan,nan,,,,,,,,,,,
HAL12500320::MSC MANASA F,HAL12500320,MSC MANASA F,2025-05-30,2025-06-18,13,154.00,8.50,Container,nan,MSC Agency,Slot Charterers,16(13:09),17(15:24),17(15:24),NA,660 Boxes,966 TEUs,16(13:33),nan,nan,nan,nan,nan,nan,Vessel called in Day tide on date,,,,4A,20/06/25 02:40,23/06/25 04:55,OFF,BERTH-4 OF,22/06/25 02:05,
HAL12500364::NEW VENTURE,HAL12500364,NEW VENTURE,2025-06-11,2025-06-18,8,229.02,7.24,Coking Coal,nan,Gac Shipping,Rungta Mines/MHC,10(12:32),17(03:00),17(03:00),17(03:00),"27,378",NA,11(14:43),nan,nan,nan,nan,nan,nan,,,,,4,20/06/25 12:35,20/06/25 23:15,BERTH-4,BERTH-13,19/06/25 09:36,
HAL12500439::PROPEL WISDOM,HAL12500439,PROPEL WISDOM,2025-06-18,2025-06-18,1,199.98,7.90,Limestone,nan,Seatrans Shipmanagement,SAIL/MHC,Not Ready,ETA-18(23:00),NA,NA,"27,000",NA,NA,nan,nan,nan,nan,nan,nan,,2,20/06/25 08:00,20/06/25 09:00,HOJ-I,21/06/25 21:35,22/06/25 00:05,,,,
HAL12500404::SANMAR SWARA,HAL12500404,SANMAR SWARA,2025-06-12,2025-06-18,5,228.49,8.60,nan,NAPHTHA-(I)-33000,ATLANTIC GLOBAL,HPL,nan,nan,nan,nan,nan,nan,nan,14(18:42),18(09:45),18(09:45),HOJ-I=42 HOJ-II&III=32,HPL,HOJ-I/HOJ-II/HOJ-III B-16(O)/B-17(O)/B-18(O),Ullage confirmation & Readiness Documents are awaited.,HOJ-III,19/06/25 16:42,19/06/25 18:24,HOJ-II,20/06/25 21:54,21/06/25 03:30,,,,
HAL12500411::THUNDERBIRD,HAL12500411,THUNDERBIRD,2025-06-13,2025-06-18,6,229.00,8.48,Limestone,nan,Seatrans Shipmanagement,SAIL/MHC,Not Ready,17(10:12),NA,NA,"33,000",NA,NA,nan,nan,nan,nan,nan,nan,Reporting time as per Agent,8,19/06/25 07:24,19/06/25 08:30,2,22/06/25 03:00,22/06/25 14:05,BERTH-8,BERTH-13 O,22/06/25 10:00,
HAL12500460::FAIRWAY (COASTAL),HAL12500460,FAIRWAY (COASTAL),2025-06-20,2025-06-20,1,171.26,8.50,nan,REFORMATE-(I) 14000 MS-(I) 1000,ATLANTIC GLOBAL,IOCL,nan,nan,nan,nan,nan,nan,nan,20(06:00),Not Ready,Not Ready,60,IOCL,HOJ-I B-16(O),,,,,,,,,,,
HAL12500432::HONOR DIVA,HAL12500432,HONOR DIVA,2025-06-17,2025-06-20,3,229.00,8.20,Coking Coal,nan,Deblines Pvt Ltd,SAIL/ISPHL,BOT Berth,19(19:18),19(19:18),19(19:18),"33,000",NA,NA,nan,nan,nan,nan,nan,nan,Vessel swapped from Port Berth to BOT Berth on 19(11:42). Vessel called in Day tide on date,4A,20/06/25 19:18,20/06/25 20:00,7,22/06/25 19:30,23/06/25 02:40,BERTH-4A,BERTH-2 OF,22/06/25 21:55,
HAL12500415::KAZAHAYA,HAL12500415,KAZAHAYA,2025-06-13,2025-06-20,7,228.99,8.50,Coking Coal,nan,TMILL,Tata Steel/MHC,18(12:12),ETA-20(19:00),NA,NA,"30,105",NA,19(10:39),nan,nan,nan,nan,nan,nan,,13,21/06/25 08:42,21/06/25 10:10,4 OFF,22/06/25 23:55,23/06/25 17:10,BERTH-13,BERTH-4A O,23/06/25 02:10,
HAL12500447::SANMAR SONNET (COASTAL),HAL12500447,SANMAR SONNET (COASTAL),2025-06-20,2025-06-20,1,240.99,8.00,nan,HSD-(I) 27146 MS-(I) 13034,ATLANTIC GLOBAL,BPCL,nan,nan,nan,nan,nan,nan,nan,20(03:48),18(18:27),20(03:48),HOJ-II=40 HOJ-III-48,BPCL,HOJ-II/HOJ-III B-17(O)/B-18(O),"Vessel was called at HOJ-II during the 20.06.2025 AM tide, But could not arrive due to non sailing of M.T. GAZ IMPERAL.",,,,,,,,,,
HAL12500429::YASA TEAM,HAL12500429,YASA TEAM,2025-06-17,2025-06-20,3,225.00,7.52,Steam Coal,nan,Infinity Shipping,Various/MHC,18(12:06),20(08:00),20(08:00),20(08:00),"30,000",NA,18(15:10),nan,nan,nan,nan,nan,nan,Reporting time as per Agent. Vessel called in Day tide on date,4B,20/06/25 21:05,20/06/25 22:45,7,23/06/25 11:40,24/06/25 12:35,BERTH-4B,BERTH-13 O,23/06/25 13:50,
HAL12500388::JACOB H,HAL12500388,JACOB H,2025-06-11,2025-06-21,10,189.99,8.05,Manganese Ore,nan,Seavision Shipping,Various/MHC,16(16:44),19(00:15),19(00:15),19(00:15),"27,000",NA,11(19:08),nan,nan,nan,nan,nan,nan,"To lighten 6,000 MT at Sagar | Lightening6,000MTatSagar(BOB-4,270MT).Aftercompletionof lighterage opertaion expected draft would be 8.30 | Lightened 6,000 MT at Sagar. F/W at Sagar on 21(05:30). Vessel called in Night tide on date",9,21/06/25 20:30,21/06/25 22:30,12,25/06/25 21:15,27/06/25 04:15,OFF,BERTH-4 OF,26/06/25 05:50,
HAL12500467::MSC MAKOTO II,HAL12500467,MSC MAKOTO II,2025-06-21,2025-06-21,1,175.49,8.20,Container,nan,MSC Agency,Slot Charterers,Not Ready,20(17:30),NA,NA,02 Boxes,NA,NA,nan,nan,nan,nan,nan,nan,"As confirmed by Agent, they will take the vessel on 22(Day) Tide",11,22/06/25 10:25,22/06/25 10:40,4B,23/06/25 23:45,25/06/25 03:50,,,,
HAL12500405::NO.2 HEUNG-A PIONEER,HAL12500405,NO.2 HEUNG-A PIONEER,2025-06-15,2025-06-21,5,124.50,8.30,nan,PARAXYLENE-(I)10330,SAMUDRA MARINE,MCPI,nan,nan,nan,nan,nan,nan,nan,ETA-21(18:00),20(17:46),ETA-21(18:00),29,MCPI,HOJ-I & OT-II B-16(O)& OT-II,Ullage confirmation & Readiness Documents are awaited.,,,,,,,,,,
HAL12500441::PROPEL SUCCESS,HAL12500441,PROPEL SUCCESS,2025-06-18,2025-06-21,3,197.00,7.71,Limestone,nan,Seatrans Shipmanagement,SAIL/MHC,20(16:26),20(22:00),20(22:00),20(22:00),"27,000",NA,20(18:38),nan,nan,nan,nan,nan,nan,Vessel called in Night tide on date,13 OFF,21/06/25 22:20,22/06/25 01:05,12 OFF,23/06/25 16:50,24/06/25 16:20,BERTH-13 | BERTH-2,BERTH-2 | BERTH-4 OF,22/06/25 01:36 | 23/06/25 18:40,22/06/25 02:40
HAL12500420::SSL THAMIRABARANI,HAL12500420,SSL THAMIRABARANI,2025-06-15,2025-06-21,6,142.70,8.20,Container,nan,Unfeeder Agencies,Slot Charterers,19(18:46),21(01:24),21(01:24),NA,357 Boxes,435 TEUs,19(18:08),nan,nan,nan,nan,nan,nan,Only Import | Vessel called in Night tide on date,10,22/06/25 00:50,,13 OFF,22/06/25 13:15,22/06/25 16:20,,,,
HAL12500424::Y L W' (COASTAL),HAL12500424,Y L W' (COASTAL),2025-06-21,2025-06-21,1,106.84,6.47,nan,BITUMEN-(E) 5500,EMINENCE SHIPPING,IOCL,nan,nan,nan,nan,nan,nan,nan,20(18:54),20(13:01),Not Ready,36,IOCL,HOJ-I B-16(O),1. Vessel declared on 20(13:01) 2. NOR yet to be tendered.,,,,,,,,,,
HAL12500463::HARI AKASH (COASTAL),HAL12500463,HARI AKASH (COASTAL),2025-06-21,2025-06-22,2,117.27,5.70,nan,HSD-(E) 5300 MS-(E) 1500 ATF-(E) 1150,ATLANTIC GLOBAL,IOCL,nan,nan,nan,nan,nan,nan,nan,21(14:00),20(11:25),21(14:00),36,IOCL,HOJ-I B-16(O),Vessel declared on 20(11:25),,,,,,,,,,
HAL12500421::MORPHOU,HAL12500421,MORPHOU,2025-06-15,2025-06-22,7,229.00,8.36,Coking Coal,nan,TMILL,Tata Steel/MHC,19(10:52),21(03:54),21(03:54),21(03:54),"35,730",NA,20(11:05),nan,nan,nan,nan,nan,nan,Vessel called in Day tide on date,8,22/06/25 11:24,22/06/25 12:40,10,24/06/25 03:50,25/06/25 06:50,BERTH-8,BERTH-12 O,24/06/25 12:00,
HAL12500422::PERTAMINA GASDAHLIA,HAL12500422,PERTAMINA GASDAHLIA,2025-06-15,2025-06-22,6,229.90,8.1,nan,PROPANE-(I)-11260.83 BUTANE-(I)-11283.27,ATLANTIC GLOBAL,IOCL,nan,nan,nan,nan,nan,nan,nan,15(18:00),22(09:22),22(09:22),30,IOPPL,HOJ-I/HOJ-II B-16(O)/17(O),"Ullage confirmation & Readiness Documents are awaited. | 1. As intimated from Terminal, the required ullage may be available on 23rd June'2025. 2. Ullage confirmation & Readiness Documents are awaited.",,,,,,,,,,
HAL12500442::SKYROS,HAL12500442,SKYROS,2025-06-18,2025-06-22,4,229.00,8.50,Coking Coal,nan,TMILL,SAIL/ISPHL,BOT Berth,21(09:54),21(09:54),21(09:54),"33,000",NA,NA,nan,nan,nan,nan,nan,nan,Reporting time as per Agent | Vessel called in Night tide on date,4A,22/06/25 23:54,23/06/25 00:40,4,25/06/25 21:50,26/06/25 01:35,BERTH-4A,BERTH-13 O,25/06/25 15:50,26/06/25 04:40
HAL12500410::TRADER,HAL12500410,TRADER,2025-06-13,2025-06-22,9,166.15,8.40,Container,nan,MSC Agency,Slot Charterers,21(14:54),22(04:42),22(04:42),NA,171 Boxes,227 TEUs,21(16:28),nan,nan,nan,nan,nan,nan,"OnlyImport.AsconfirmedbyAgent,theywilltakethevesselon 22(Night) Tide | OnlyImport.AsconfirmedbyAgent,theywilltakethevesselon 22(Night) Tide. Vessel called in Night tide on date",10,22/06/25 21:55,22/06/25 22:10,10,23/06/25 09:50,23/06/25 14:35,,,,
HAL12500416::AM SHRADDHA,HAL12500416,AM SHRADDHA,2025-06-13,2025-06-23,10,229.00,8.40,Limestone,nan,TMILL,Tata Steel/MHC,19(10:48),21(04:20),21(04:20),21(04:20),"36,085",NA,20(10:42),nan,nan,nan,nan,nan,nan,Vessel called in Day tide on date,13,23/06/25 10:35,23/06/25 11:50,,,,BERTH-13,BERTH-4,25/06/25 12:50,25/06/25 18:00
HAL 12500437::AQUAVITA SEA,HAL 12500437,AQUAVITA SEA,2025-06-17,2025-06-23,6,229.00,8.50,Coking Coal,nan,TMILL,Tata Steel/MHC,17(12:47),22(12:00),22(12:00),22(12:00),"35,111",NA,18(10:26),nan,nan,nan,nan,nan,nan,Vessel called in Night tide on date,,,,,,,,,,
HAL12500440::ASIAN HONOR,HAL12500440,ASIAN HONOR,2025-06-21,2025-06-23,2,110.67,8.20,Wood Pulp,nan,Pharos Shipping,Emami Paper Mills Ltd,20(16:05),22(15:40),22(15:40),30(15:40),"8,090",NA,20(16:37),nan,nan,nan,nan,nan,nan,Late for tide on 22(Night). Vessel called in Night tide on date,5,24/06/25 00:15,24/06/25 04:24,5,28/06/25 09:00,28/06/25 17:50,OFF,BERTH-11,28/06/25 11:25,
HAL12500425::JAG VASANT,HAL12500425,JAG VASANT,2025-06-17,2025-06-23,6,230.00,8.3,nan,PROPANE-(I)-11550 BUTANE-(I)-11550,SAMSARA SHIPPING,BPCL,nan,nan,nan,nan,nan,nan,nan,21(21:36),23(08:37),23(08:37),36,BPCL,HOJ-III B-18(O),Ullage confirmation & Readiness Documents are awaited.,HOJ-III,24/06/25 09:42,24/06/25 11:12,10,25/06/25 06:45,25/06/25 19:24,,,,
HAL12500438::MARCO,HAL12500438,MARCO,2025-06-18,2025-06-23,5,224.90,7.98,Coking Coal,nan,J M Baxi Marine Services,SAIL/MHC,Not Ready,21(18:30),NA,NA,"33,000",NA,22(14:32),nan,nan,nan,nan,nan,nan,Vessel swapped from BOT Berth to Port Berth on 21(10:27) | VesselswappedfromBOTBerthtoPortBerthon21(10:27).Vessel called in Day tide on date,12 OFF,23/06/25 12:36,23/06/25 17:12,13 OFF,26/06/25 00:30,26/06/25 15:15,BERTH-12 | BERTH-9,BERTH-2 | BERTH-13 O,23/06/25 20:35 | 26/06/25 05:00,
HAL12500455::MSC DHANTIA F,HAL12500455,MSC DHANTIA F,2025-06-20,2025-06-23,4,149.00,6.70,Container,nan,MSC Agency,Slot Charterers,22(15:06),21(06:54),22(15:06),NA,91 Boxes,NA,22(07:08),nan,nan,nan,nan,nan,nan,"ReportingtimeasperAgent.AsconfirmedbyAgent,theywilltake the vessel on 23(Day) Tide | As confirmed by Agent, they will take the vessel on 23(Day) Tide | As confirmed by Agent, they will take the vessel on 23(Day) Tide. Vessel called in Day tide on date",10,23/06/25 16:00,24/06/25 00:05,4,24/06/25 00:15,24/06/25 04:50,,,,
HAL12500448::NYLEX 1,HAL12500448,NYLEX 1,2025-06-20,2025-06-23,4,107.35,6.80,nan,METHANOL -(I) 4818,ISS SHIPPING,ADVANCED PERFORMANCE,nan,nan,nan,nan,nan,nan,nan,21(14:12),20(10:14),22(13:00),35,ADVANCED PERFORMANCE,HOJ-I B-16(O),"1. Vessel called at B/16(O) 2. No latest update received from the agent. | Vessel was called at B/16(O) on 21(Night) tide. However, vessel is having Engine break-down. | 1. Vessel was called at B/16(O) on 21(Night) tide. However, vessel is having Engine break-down. 2. Vessel tendered Re-Readiness at 22(13:00).",,,,,,,,,,
HAL12500424::Y L W (COASTAL),HAL12500424,Y L W (COASTAL),2025-06-22,2025-06-23,2,106.84,6.47,nan,BITUMEN-(E) 5500,EMINENCE SHIPPING,IOCL,nan,nan,nan,nan,nan,nan,nan,20(18:54),20(13:01),Not Ready,36,IOCL,HOJ-I B-16(O),1. Vessel declared on 20(13:01) 2. NOR yet to be tendered. | 1. Vessel declared on 20(13:01) 2. Vessel presently discharging Bitumen inside dock. 2. NOR yet to be tendered.,,,,,,,,,,
HAL12500479::ASPHALT EXPRESS,HAL12500479,ASPHALT EXPRESS,2025-06-24,2025-06-24,1,117.63,6.95,Bitumen,nan,Atlantic Global Shipping,HPCL,23(15:22),23(16:24),23(16:24),NA,"6,003",NA,NA,nan,nan,nan,nan,nan,nan,Coastal. Priority may not be accorded.,2 OFF,24/06/25 22:30,,6,26/06/25 14:54,26/06/25 18:00,,,,
HAL12500457::BISON,HAL12500457,BISON,2025-06-20,2025-06-24,5,228.99,8.30,PCI Coal,nan,Cross Ocean Enterprises,SAIL/MHC,Not Ready,22(16:00),NA,NA,"35,500",NA,23(12:45),nan,nan,nan,nan,nan,nan,Vessel swapped from BOT Berth to Port Berth on 22(13:57) | Vessel swapped from BOT Berth to Port Berth on 22(13:57). Vessel called in Day tide on date,,,,TERMINAL 2,26/06/25 02:36,26/06/25 19:48,,,,
HAL12500446::GLOBAL LIBERTY,HAL12500446,GLOBAL LIBERTY,2025-06-20,2025-06-24,5,226.00,7.9,nan,PROPANE-(I)-11030 BUTANE-(I)-11531,ATLANTIC GLOBAL,HPCL,nan,nan,nan,nan,nan,nan,nan,21(00:24),24(09:06),24(09:06),34,AEGIS,HOJ-I/HOJ-II B-16(O)/17(O),"Ullage confirmation & Readiness Documents are awaited. | 1. As intimated from Terminal, the required ullage may be available on 25th/26th June'2025. 2. Ullage confirmation & Readiness Documents are awaited.",HOJ-II,25/06/25 10:42,25/06/25 14:24,,,,,,,
HAL12500458::GOLDEN VIOLET,HAL12500458,GOLDEN VIOLET,2025-06-24,2025-06-24,1,160.50,6.70,CPO,nan,Seaport Services,Patanjali Foods Ltd,21(17:23),22(07:48),22(07:48),27(07:48),"7,000",NA,20(16:55),nan,nan,nan,nan,nan,nan,Prioritymaynotbeaccorded.PatanjaliFoodsLtddoesnotwantto workuponthevesselatOMB&B/18(O).VesselcalledinNighttide on date,4,26/06/25 02:20,,,,,,,,
HAL12500319R::MSC DIYA F,HAL12500319R,MSC DIYA F,2025-06-17,2025-06-24,7,147.83,6.80,Container,nan,MSC Agency,Slot Charterers,Ready,Ex KDS-23rd,18(19:15),NA,190 Boxes,245 TEUs,NA,nan,nan,nan,nan,nan,nan,Only Export | Only Export. F/W at KDS on 18(19:15) | Only Export. F/W at KDS on 18(19:15). ETA at Sandheads on 23(20:00) | OnlyExport.F/WatKDSon 18(19:15).ReportedatSandheadson 23(18:12). Vessel called in Day tide on date,,,,,,,,,,
HAL12500386::AFRICAN PUFFIN,HAL12500386,AFRICAN PUFFIN,2025-06-11,2025-06-25,13,189.99,8.40,Soda Ash,nan,J M Baxi Marine Services,Libra Alkalischemie,21(12:30),23(00:12),23(00:12),23(00:12),"22,000",NA,20(12:03),nan,nan,nan,nan,nan,nan,Vessel can work only B/10 | Vessel can work only at B/10,4A OFF,26/06/25 00:36,,13,05/07/25 15:50,06/07/25 01:30,BERTH-4A | BERTH-9,BERTH-9 | BERTH-2 OF,26/06/25 17:06 | 06/07/25 09:00,06/07/25 15:30
HAL12500449::FORTUNE (COASTAL),HAL12500449,FORTUNE (COASTAL),2025-06-20,2025-06-25,6,127.90,5.90,nan,LUBE OIL -(I) 9500,ATLANTIC GLOBAL,IOCL,nan,nan,nan,nan,nan,nan,nan,22(03:18),19(16:04),22(03:18),42,IOCL,HOJ-I B-16(O),,,,,,,,,,,
HAL12500428::HONG DA XIN 89,HAL12500428,HONG DA XIN 89,2025-06-17,2025-06-25,8,158.56,6.20,Container,nan,Far Shipping,Slot Charterers,24(17:31),ETA-26(14:00),NA,NA,249 Boxes,364 TEUs,NA,nan,nan,nan,nan,nan,nan,Only Import,10,27/06/25 04:35,,,,,,,,
HAL12500407::JIN TONG,HAL12500407,JIN TONG,2025-06-13,2025-06-25,12,189.99,8.59,Manganese Ore,nan,Gac Shipping,Various/MHC,17(12:54),20(14:36),20(14:36),20(14:36),"29,150",NA,18(13:26),nan,nan,nan,nan,nan,nan,Vessel neaped in all Night Tides | VesselneapedinallNightTides.Vesselwascalledin23(Night)tide but could not supplied due to non reduction of draft | VesselneapedinallNightTides.Vesselwascalledin23(Night)tide butcouldnotsuppliedduetononreductionofdraft.Vesselcalled in Day tide on date,13,25/06/25 15:00,25/06/25 20:37,9,27/06/25 05:55,,,,,
HAL12500431::KONKAR ORMI,HAL12500431,KONKAR ORMI,2025-06-17,2025-06-25,7,199.98,8.46,Manganese Ore,nan,Gac Shipping,Various/MHC,23(11:38),24(11:00),24(11:00),24(11:00),"28,700",NA,21(10:24),nan,nan,nan,nan,nan,nan,,2 OFF,27/06/25 03:00,27/06/25 05:35,11,28/06/25 12:30,28/06/25 21:55,,,,
HAL12500317::MSC CLEMENTINA F,HAL12500317,MSC CLEMENTINA F,2025-05-28,2025-06-25,20,147.80,7.20,Container,nan,MSC Agency,Slot Charterers,Ready,Ex KDS-24th,23(23:30),NA,137 Boxes,192 TEUs,24(16:29),nan,nan,nan,nan,nan,nan,Only Import | Only Export | Only Export. F/W at KDS on 23(23:30). ETA at Sandheads on 24(21:00) | OnlyExport.F/WatKDSon 23(23:30).ReportedatSandheadson 25(02:00). Vessel called in Day tide on date,11,25/06/25 13:20,25/06/25 16:50,HOJ-III,25/06/25 07:00,26/06/25 03:25,BERTH-11,BERTH-12 O,26/06/25 13:30,26/06/25 20:50
HAL12500459::PICTOR,HAL12500459,PICTOR,2025-06-20,2025-06-25,6,225.00,6.22,Metallurgical Coke,nan,Seatrans Shipmanagement,India Coke & Power/MHC,21(13:43),ETA-25(22:00),NA,NA,"10,000",NA,23(13:05),nan,nan,nan,nan,nan,nan,Priority may not be accorded,8,27/06/25 01:30,27/06/25 03:10,,,,,,,
HAL12500445::QUEEN CORAL,HAL12500445,QUEEN CORAL,2025-06-21,2025-06-25,5,119.52,8.69,Iron & Steel Products,nan,J M Baxi Marine Services,Various/TMILL,20(17:00),22(05:00),22(05:00),30(05:00),"11,102",NA,24(15:26),nan,nan,nan,nan,nan,nan,Vessel neaped in all Night Tides | Vessel neaped in all Night Tides. Vessel called in Day tide on date,9 OFF,25/06/25 13:00,25/06/25 16:00,5,30/06/25 11:36,30/06/25 17:35,OFF,BERTH-12 | BERTH-9 OF,26/06/25 02:36 | 30/06/25 16:15,30/06/25 22:12
HAL12500468::SEAGLASS II,HAL12500468,SEAGLASS II,2025-06-23,2025-06-25,3,169.99,6.30,Coal Tar Pitch,nan,J M Baxi Marine Services,Himadri Speciality Chemical Ltd,24(19:32),23(00:24),24(19:32),02(19:32),"5,000",NA,22(13:31),nan,nan,nan,nan,nan,nan,Vessel called in Day tide on date,9(S),25/06/25 17:55,26/06/25 05:00,4 OFF,27/06/25 02:00,01/07/25 12:00,OFF,BERTH-7,27/06/25 03:36,
HAL12500414::SITC JUNDE,HAL12500414,SITC JUNDE,2025-06-13,2025-06-25,12,171.90,9.00,Container,nan,Eastern Liner Shipping,Slot Charterers,24(16:25),ETA-26(03:00),NA,NA,871 Boxes,"1,637 TEUs",24(12:15),nan,nan,nan,nan,nan,nan,Vessel neaped in all Night Tides,11,26/06/25 16:15,26/06/25 16:30,11,28/06/25 02:00,28/06/25 06:30,,,,
HAL12500484::SOPRANO SERENE (COASTAL),HAL12500484,SOPRANO SERENE (COASTAL),2025-06-25,2025-06-25,1,179.88,7.90,nan,HSD-(I)10706 MS-(I)7964,ATLANTIC GLOBAL,BPCL,nan,nan,nan,nan,nan,nan,nan,23(10:18),25(10:53),25(10:53),36,BPCL,HOJ-I/HOJ-II/HOJ-III B-16(O)/B-17(O)/B-18(O),,,,,,,,,,,
HAL12500430::UNITY MARIA,HAL12500430,UNITY MARIA,2025-06-17,2025-06-25,7,187.88,8.70,Manganese Ore,nan,Interocean Shipping,Various/MHC,20(10:29),23(23:00),23(23:00),23(23:00),"29,500",NA,20(15:50),nan,nan,nan,nan,nan,nan,"To Lighted on 2,000 MT at Sagar | ToLightenon2,000MTatSagar.VesselcalledinDaytideondateat Sagar | Lightened 2,000 MT at Sagar. F/W at Sagar on 25(08:35). Vessel neaped in all Night Tides",2,26/06/25 13:55,26/06/25 15:30,2,28/06/25 08:00,28/06/25 16:20,,,,
HAL12500452::VISHVA VIJAY,HAL12500452,VISHVA VIJAY,2025-06-20,2025-06-25,6,229.00,8.00,Coking Coal,nan,The Shipping Corporation,SAIL/ISPHL,BOT Berth,22(20:06),22(20:06),22(20:06),"33,000",NA,22(12:05),nan,nan,nan,nan,nan,nan,Vessel swapped from Port Berth to BOT Berth | VesselswappedfromPortBerthtoBOTBerth.VesselcalledinNight tide on date | Inside Dock,8,24/06/25 13:24,24/06/25 14:05,4A,28/06/25 01:40,28/06/25 09:20,BERTH-2,BERTH-4A,25/06/25 16:42,
HAL12500495::BUNUN DYNASTY,HAL12500495,BUNUN DYNASTY,2025-06-27,2025-06-27,1,179.97,10.02,HR Coils,nan,J M Baxi Marine Services,Various/TMILL,Not Ready,ETA-30(19:00),NA,NA,"32,563",NA,NA,nan,nan,nan,nan,nan,nan,"To Lighten 9,500 MT at Sagar",,,,,,,,,,
HAL12500487::CHAILEASE VIRTUE,HAL12500487,CHAILEASE VIRTUE,2025-06-25,2025-06-27,2,225.00,7.92,Coking Coal,nan,TMILL,SAIL/ISPHL,BOT Berth,27(02:30),27(02:30),27(02:30),"33,000",NA,NA,nan,nan,nan,nan,nan,nan,,,,,HOJ-II,01/07/25 03:25,01/07/25 04:05,BERTH-13,BERTH-4A,28/06/25 10:54,28/06/25 12:10
HAL12500444::CHS COLOMBO,HAL12500444,CHS COLOMBO,2025-06-18,2025-06-27,8,150.70,7.30,Container,nan,MSC Agency,Slot Charterers,Not Ready,ETA-28(04:00),NA,NA,Nil,NA,NA,nan,nan,nan,nan,nan,nan,Only Export | Only Import,10,28/06/25 14:45,28/06/25 15:05,10,28/06/25 19:30,29/06/25 06:35,,,,
HAL12500492::D10S,HAL12500492,D10S,2025-06-25,2025-06-27,2,199.95,7.45,Coking Coal,nan,Interocean Shipping,Trafigura India/MHC,Not Ready,27(10:00),NA,NA,"16,000",NA,NA,nan,nan,nan,nan,nan,nan,Priority may not be accorded | Reporting time as per Agent. Priority may not be accorded,,,,4B,28/06/25 19:30,29/06/25 09:45,,,,
HAL125004565::GAS ZENITH,HAL125004565,GAS ZENITH,2025-06-21,2025-06-27,6,225.16,8.3,nan,PROPANE-(I)-11121 BUTANE-(I)-11032,ATLANTIC GLOBAL,IOCL,nan,nan,nan,nan,nan,nan,nan,23(18:30),26(09:22),26(09:22),32,IOPPL,HOJ-I/HOJ-II B-16(O)/17(O),"Ullage confirmation & Readiness Documents are awaited. | 1. As intimated from Terminal, the required ullage may be available on 27th June'2025. 2. Ullage confirmation & Readiness Documents are awaited. | Vessel called at B/17(O)",,,,,,,,,,
HAL12500456::GLORIA G,HAL12500456,GLORIA G,2025-06-20,2025-06-27,7,229.00,7.40,Steam Coal,nan,Seatrans Shipmanagement,OFB Tech/MHC,23(16:25),26(11:45),26(11:45),26(11:45),"27,500",NA,26(15:16),nan,nan,nan,nan,nan,nan,,2,28/06/25 17:06,28/06/25 18:15,,,,,,,
HAL12500497::HELEN M (COASTAL),HAL12500497,HELEN M (COASTAL),2025-06-27,2025-06-27,1,179.90,7.75,nan,HSD-(I)12210 MS-(I)3741,ATLANTIC GLOBAL,RELIANCE INDUSTRIES,nan,nan,nan,nan,nan,nan,nan,26(17:00),25(17:32),26(17:00),35,RELIANCE INDUSTRIES,HOJ-III B-18(O),,,,,,,,,,,
HAL12500464::HUANG SHAN 16,HAL12500464,HUANG SHAN 16,2025-06-24,2025-06-27,2,152.78,8.90,RBD Palm Olein,nan,Atlantic Global Shipping,Gokul Agro Resources Ltd,21(15:17),22(21:40),22(21:40),27(21:40),"16,941",NA,26(11:52),nan,nan,nan,nan,nan,nan,Vessel neaped in all Night Tides. Reporting time as per Agent | Vessel neaped in all Night Tides. Vessel called in Day tide on date,,,,,,,,,,
HAL12500443::NAVA SOCRATES,HAL12500443,NAVA SOCRATES,2025-06-20,2025-06-27,7,177.40,7.15,Coking Coal,nan,Bothra Shipping Services,Electrosteel Castings/MHC,21(15:34),26(03:00),26(03:00),26(03:00),"14,200",NA,23(11:47),nan,nan,nan,nan,nan,nan,Priority may not be accorded | Priority may not be accorded. Vessel called in Day tide on date,,,,13,29/06/25 00:35,29/06/25 02:25,,,,
HAL12500461::THERESA AQUARIUS,HAL12500461,THERESA AQUARIUS,2025-06-27,2025-06-27,1,120.00,8.80,CPO,nan,J M Baxi Marine Services,AWL Agri Business,21(11:28),26(03:00),26(03:00),01(03:00),"11,793",NA,26(12:57),nan,nan,nan,nan,nan,nan,Vessel neaped in all Night Tides,5,28/06/25 14:24,28/06/25 17:48,HOJ-I,30/06/25 03:42,30/06/25 10:30,,,,
HAL12500424R::Y L W (COASTAL),HAL12500424R,Y L W (COASTAL),2025-06-25,2025-06-27,2,106.84,5.40,nan,BITUMEN-(E) 5500,EMINENCE SHIPPING,IOCL,nan,nan,nan,nan,nan,nan,nan,20(18:54),24(12:02),24(12:02),36,IOCL,HOJ-I B-16(O),Vessel declared on 24(12:02),,,,,,,,,,
HAL12500460R::FAIRWAY (COASTAL),HAL12500460R,FAIRWAY (COASTAL),2025-06-24,2025-06-29,4,171.26,7.00,nan,NAPHTHA-(E) 8000,ATLANTIC GLOBAL,IOCL,nan,nan,nan,nan,nan,nan,nan,20(11:54),28(08:36),28(08:36),32,IOCL,HOJ-I/HOJ-II B-16(O)/17(O),Readiness Documents are awaited. | Vessel called in AM tide on date at B/17(O),,,,,,,,,,
HAL12500485::GLORY LOONG,HAL12500485,GLORY LOONG,2025-06-25,2025-06-29,3,224.95,8.30,Coking Coal,nan,Spartans Marine Services,SAIL/MHC,Not Ready,ETA-29(17:00),NA,NA,"34,500",NA,26(10:34),nan,nan,nan,nan,nan,nan,Vessel neaped in all Night Tides,,,,9(S),27/06/25 02:00,01/07/25 17:05,,,,
HAL12500481::HATNYANAWATI,HAL12500481,HATNYANAWATI,2025-06-29,2025-06-29,1,123.50,8.50,CPO,nan,Marinelinks Shipping Agencies,Emami Agrotech,26(17:38),26(10:25),26(17:38),01(17:38),"11,000",NA,26(10:03),nan,nan,nan,nan,nan,nan,Vessel called in 28(Night) tide on Distress Priority,4B,29/06/25 03:24,,8,27/06/25 02:00,01/07/25 23:30,BERTH-4B,BERTH-4,30/06/25 00:54,
HAL12500352::MSC TIGER F,HAL12500352,MSC TIGER F,2025-06-11,2025-06-29,16,154.51,8.80,Container,nan,MSC Agency,Slot Charterers,27(12:47),28(17:00),28(17:00),NA,921 Boxes,"1,212 TEUs",28(13:55),nan,nan,nan,nan,nan,nan,Vessel neaped in all Night Tides | Vessel neaped in all Night Tides. Vessel called in Day tide on date,13,29/06/25 14:06,29/06/25 15:55,,,,,,,
HAL12500435::OLYMPIA ROAD,HAL12500435,OLYMPIA ROAD,2025-06-17,2025-06-29,10,99.98,4.45,nan,BUTADIENE-(E)3150,SAMUDRA MARINE,HPL,nan,nan,nan,nan,nan,nan,nan,18(10:06),26(14:44),24(12:19),21,HPL,HOJ-I B-16(O),"Readiness Documents are awaited. | Ullage confirmation & Readiness Documents are awaited. | 1. As requested fro Terminal, vessel swapped with NO.2 HEUNG-A PIONEER vide email dated 28(11:03) 2. Vessel called in AM tide on date at B/16(O)",HOJ-I,29/06/25 12:30,29/06/25 14:00,6,30/06/25 06:36,30/06/25 10:20,,,,
HAL12500420R::SSL THAMIRABARANI,HAL12500420R,SSL THAMIRABARANI,2025-06-24,2025-06-29,4,142.70,6.80,Container,nan,Unfeeder Agencies,Slot Charterers,Ready,Ex KDS-28th,27(11:45),NA,183 Boxes,183 TEUs,28(19:56),nan,nan,nan,nan,nan,nan,Only Export | OnlyExport.F/WatKDSon27(11:45).ReportedatSandheadson 28(22:54). Vessel called in Day tide on date,,,,,,,,,,
HAL12500489::YASA ILHAN,HAL12500489,YASA ILHAN,2025-06-25,2025-06-29,3,189.99,7.47,Metallurgical Coke,nan,Seatrans Shipmanagement,Various/MHC,28(13:28),29(05:00),29(05:00),29(05:00),"16,500",NA,28(14:17),nan,nan,nan,nan,nan,nan,Reporting time as per Agent. Vessel called in Day tide on date,,,,12,30/06/25 09:45,30/06/25 19:20,,,,
HAL12500494::ALAHAS,HAL12500494,ALAHAS,2025-06-27,2025-06-30,3,116.99,8.30,Wood Pulp,nan,J M Baxi Marine Services,ITC Limited,28(10:48),28(00:05),28(10:48),06(10:48),"8,850",NA,25(17:32),nan,nan,nan,nan,nan,nan,,,,,5,02/07/25 22:50,08/07/25 05:20,BERTH-5(S,BERTH-5,03/07/25 02:20,
HAL12500480::BW ELM,HAL12500480,BW ELM,2025-06-24,2025-06-30,5,225.48,8.4,nan,PROPANE-(I)-6500 BUTANE-(I)-15451,ATLANTIC GLOBAL,HPCL,nan,nan,nan,nan,nan,nan,nan,28(00:01),29(05:52),29(05:52),34,AEGIS,HOJ-I/HOJ-II B-16(O)/17(O),Ullage confirmation & Readiness Documents are awaited. | Vessel called at B/16(O),HOJ-I,30/06/25 14:06,30/06/25 16:18,7,01/07/25 11:00,01/07/25 20:10,,,,
HAL12500454::GREEN SARITA,HAL12500454,GREEN SARITA,2025-06-20,2025-06-30,9,225.27,8.5,nan,PROPANE-(I)-12039 BUTANE-(I)-11343,SAMSARA SHIPPING,BPCL,nan,nan,nan,nan,nan,nan,nan,21(21:18),28(09:55),28(09:55),36,BPCL,HOJ-III B-18(O),Ullage confirmation & Readiness Documents are awaited. | Vessel called at B/18(O),HOJ-III,30/06/25 14:36,30/06/25 15:48,HOJ-I,01/07/25 17:40,01/07/25 23:55,,,,
HAL12500499::JEIL CRYSTAL,HAL12500499,JEIL CRYSTAL,2025-06-27,2025-06-30,3,117.27,7.23,LAB,nan,Atlantic Global Shipping,Various,28(11:53),29(09:20),29(09:20),NA,"5,320",NA,NA,nan,nan,nan,nan,nan,nan,Inside Dock,10,29/06/25 18:00,29/06/25 18:15,11,01/07/25 05:15,01/07/25 06:20,BERTH-9,BERTH-6,30/06/25 11:00,30/06/25 13:12
HAL12500482::PHILIPPA MALEE,HAL12500482,PHILIPPA MALEE,2025-06-29,2025-06-30,2,132.00,7.70,CPO,nan,Seaport Services,Emami Agrotech,27(10:50),27(21:00),27(21:00),02(21:00),"10,000",NA,26(12:44),nan,nan,nan,nan,nan,nan,Inside Dock,8,30/06/25 03:18,30/06/25 04:10,6,03/07/25 05:54,,BERTH-12 | BERTH-5,BERTH-5 | BERTH-4A,30/06/25 19:12 | 03/07/25 01:36,03/07/25 02:50
HAL12500469::SEA JOURNEY,HAL12500469,SEA JOURNEY,2025-06-22,2025-06-30,7,228.99,8.30,Limestone & Dolomite,nan,TMILL,Tata Steel/MHC,27(15:07),29(21:30),29(21:30),29(21:30),"35,583",NA,26(11:06),nan,nan,nan,nan,nan,nan,Vessel called in Day tide on date,,,,,,,,,,
HAL12500473::SPAR CORVUS,HAL12500473,SPAR CORVUS,2025-06-22,2025-06-30,7,189.99,7.50,Rock Phosphate,nan,Interocean Shipping,Indorama India & The Phosphate Company/TMILL,26(10:00),28(08:18),28(08:18),02(08:18),"21,317",NA,27(11:53),nan,nan,nan,nan,nan,nan,Vessel called in Day tide on date,12,30/06/25 17:30,30/06/25 19:40,12,02/07/25 18:10,03/07/25 00:10,,,,
HAL12500410R::TRADER,HAL12500410R,TRADER,2025-06-25,2025-06-30,4,166.15,6.80,Container,nan,MSC Agency,Slot Charterers,Ready,Ex KDS-29th,29(00:40),NA,164 Boxes,300 TEUs,29(19:46),nan,nan,nan,nan,nan,nan,Only Export | Only Export. F/W at KDS on 29(00:40). | OnlyExport.F/WatKDSon29(00:40).ReportedatSandheadson 29(22:18). Vessel called in Day tide on date,,,,,,,,,,
HAL12500501::BD PIONEER 1,HAL12500501,BD PIONEER 1,2025-06-29,2025-07-01,3,148.70,7.20,Iron & Steel Products,nan,Sakura Logistics,Various/TMILL,Not Ready,ETA-02(22:00),NA,NA,"9,557",NA,30(11:23),nan,nan,nan,nan,nan,nan,,12,07/07/25 01:00,,12,09/07/25 00:45,09/07/25 02:15,,,,
HAL12500475::CHEMROAD HAYA,HAL12500475,CHEMROAD HAYA,2025-06-30,2025-07-01,2,174.38,8.00,CDSBO,nan,Interocean Shipping,"Patanjali Foods, Janakpur Refineries & Kwality Oil Refinery",29(15:56),28(15:00),29(15:56),04(15:56),"16,000",NA,30(12:03),nan,nan,nan,nan,nan,nan,PatanjaliFoodsLtddoesnotwanttoworkuponthevesselatOMB & B/18(O) | PatanjaliFoodsLtddoesnotwanttoworkuponthevesselatOMB & B/18(O). Vessel called in Day tide on date,6,01/07/25 15:48,01/07/25 19:30,11,03/07/25 01:20,03/07/25 11:45,,,,
HAL12500503::GREEN SACHI,HAL12500503,GREEN SACHI,2025-06-27,2025-07-01,4,225.28,7.4,nan,PROPANE-(I)-8303 BUTANE-(I)-7677,ATLANTIC GLOBAL,IOCL,nan,nan,nan,nan,nan,nan,nan,29(07:30),29(04:54),29(07:30),21,IOPPL,HOJ-I/HOJ-II B-16(O)/17(O),Ullage confirmation & Readiness Documents are awaited. | Vessel called at B/17(O),HOJ-II,01/07/25 14:48,01/07/25 16:30,HOJ-II,02/07/25 15:36,02/07/25 23:50,,,,
HAL12500512::MIHO PRACAT,HAL12500512,MIHO PRACAT,2025-06-29,2025-07-01,3,228.99,8.45,Steam Coal,nan,Alap Carriers,Mahesh Suppliers/MHC,30(11:55),ETA-01(18:00),NA,NA,"34,000",NA,NA,nan,nan,nan,nan,nan,nan,,,,,TERMINAL 2,03/07/25 15:30,04/07/25 00:01,,,,
HAL12500405R::NO.2 HEUNG-A PIONEER,HAL12500405R,NO.2 HEUNG-A PIONEER,2025-06-18,2025-07-01,11,124.50,5.40,nan,BENZENE-(E)6300,SAMUDRA MARINE,HPL,nan,nan,nan,nan,nan,nan,nan,21(16:12),24(12:19),26(14:44),21,HPL,HOJ-I B-16(O),"Readiness Documents are awaited. | 1. Vessel is presently discharging Paraxylene at B/16(O). 2. NOR yet to be tendered | 1. Readiness Documents are awaited. 2. NOR Estimated at 1900 hrs on 23.06.2025. | As requested fro Terminal, vessel swapped with M.T. OLYMPIA ROAD vide email dated 28(11:03)",,,,,,,,,,
HAL12500510::SEAGULL 19,HAL12500510,SEAGULL 19,2025-06-30,2025-07-01,2,139.98,7.80,CPO,nan,Seaport Services,Emami Agrotech,30(17:34),01(08:30),01(08:30),06(08:30),"11,300",NA,30(13:37),nan,nan,nan,nan,nan,nan,Reporting time as per Agent,4,02/07/25 07:00,02/07/25 10:54,4,04/07/25 08:48,04/07/25 10:54,,,,
HAL12500488::WOOJIN ELVIS,HAL12500488,WOOJIN ELVIS,2025-06-25,2025-07-01,5,124.00,8.50,nan,PARAXYLENE-(I)10422,SAMUDRA MARINE,MCPI,nan,nan,nan,nan,nan,nan,nan,30(11:20),29(16:06),30(11:20),29,MCPI,HOJ-I & OT-II B-16(O)& OT-II,Ullage confirmation & Readiness Documents are awaited.,2,02/07/25 10:00,02/07/25 11:18,,,,,,,
HAL12500514::AKIJ STAR,HAL12500514,AKIJ STAR,2025-06-30,2025-07-02,3,189.99,6.70,Steam Coal,nan,Alap Carriers,SS Minmet Pvt Ltd/MHC,01(15:08),02(05:30),02(05:30),02(05:30),"22,000",NA,01(17:18),nan,nan,nan,nan,nan,nan,Reporting time as per Agent,4B,03/07/25 07:00,03/07/25 08:50,9,06/07/25 03:30,06/07/25 12:50,,,,
HAL12500472::CPT GEORGIOS S,HAL12500472,CPT GEORGIOS S,2025-06-22,2025-07-02,9,224.89,7.46,PCI Coal,nan,V ocean Shipping,ESL Steel/MHC,01(18:01),02(00:18),02(00:18),02(00:18),"30,000",NA,01(14:55),nan,nan,nan,nan,nan,nan,Vessel called in Day tide on date,8,02/07/25 17:42,02/07/25 19:05,13,03/07/25 16:35,04/07/25 01:12,,,,
HAL12500462::DA YU XIA,HAL12500462,DA YU XIA,2025-06-23,2025-07-02,8,166.50,6.80,Project Cargo,nan,Liberty Highrise,"Elixir Carbo,Himadri Speciality Chemical & Guwahati International Airport",30(12:08),28(16:50),30(12:08),08(12:08),732,NA,28(16:05),nan,nan,nan,nan,nan,nan,,7,03/07/25 18:24,03/07/25 21:52,7,05/07/25 19:36,05/07/25 21:15,,,,
HAL12500483::DARYA GANGA,HAL12500483,DARYA GANGA,2025-06-25,2025-07-02,6,186.40,8.34,Urea In Bags,nan,Atlantic Global Shipping,Salt Trading Corporation,30(12:45),29(23:24),30(12:45),08(12:45),"22,088",NA,NA,nan,nan,nan,nan,nan,nan,,4A,04/07/25 19:50,04/07/25 22:45,,,,BERTH-4A,BERTH-9,06/07/25 12:00,
HAL12500428R::HONG DA XIN 89,HAL12500428R,HONG DA XIN 89,2025-06-29,2025-07-02,4,158.56,5.80,Container,nan,Far Shipping,Slot Charterers,Ready,Ex KDS-01st,01(04:20),NA,281 Boxes,375 TEUs,01(14:55),nan,nan,nan,nan,nan,nan,Only Export | Only Export. F/W at KDS on 01(04:20) | Only Export. F/W at KDS on 01(04:20). ETA at Sandheads on 02(00:12). Vessel called in Day tide on date,,,,,,,,,,
HAL12500470::OCEAN TACT,HAL12500470,OCEAN TACT,2025-06-23,2025-07-02,8,179.80,8.20,HR Coils,nan,Parekh Marine Services,Manaksia Steels/TMILL,27(15:00),28(10:00),28(10:00),06(10:00),"19,635",NA,29(21:33),nan,nan,nan,nan,nan,nan,,,,,4A,04/07/25 12:40,04/07/25 20:30,,,,
HAL12500478::ROYAL PERIDOT,HAL12500478,ROYAL PERIDOT,2025-06-24,2025-07-02,7,128.60,8.40,nan,PARAXYLENE-(I)11003,ISS SHIPPING,MCPI,nan,nan,nan,nan,nan,nan,nan,28(09:54),27(09:34),30(19:00),31,MCPI,HOJ-I & OT-II B-16(O)& OT-II,Ullage confirmation & Readiness Documents are awaited. | Revised Seniority as par with category 4 vessels. (Vessel waiting for more than 24 Hrs) | 1. Revised Seniority as par with category 4 vessels. (Vessel waiting for more than 24 Hrs) 2. Vessel called at B/1 during 29th night tide but could not be supplied due to vessel's technical issue. 3.Technical issue rectified at 29(19:00) 4. Revised Seniority as par with category 4 vessels. (Vessel waiting for more than 24 Hrs) | 1. Revised Seniority as par with category 4 vessels. (Vessel waiting for more than 24 Hrs) 2. Vessel called at B/1 during 29th night tide but could not be supplied due to vessel's technical issue. 3.Technical issue rectified at 29(19:00) 4. Revised Seniority as par with category 4 vessels. (Vessel waiting for more than 24 Hrs) 5. Vessel called at OT-II,TERMINAL,02/07/25 14:48,02/07/25 17:42,2,03/07/25 09:00,03/07/25 20:30,,,,
HAL12500436::SITC SHUNDE,HAL12500436,SITC SHUNDE,2025-06-17,2025-07-02,13,171.90,8.50,Container,nan,Eastern Liner Shipping,Slot Charterers,01(12:35),ETA-02(18:30),NA,NA,766 Boxes,"1,278 TEUs",30(13:10),nan,nan,nan,nan,nan,nan,,11,03/07/25 09:00,03/07/25 09:15,5,02/07/25 22:50,04/07/25 13:10,,,,
HAL12500453::SOL PIONEER,HAL12500453,SOL PIONEER,2025-06-20,2025-07-02,11,149.60,6.50,Container,nan,Transworld Global Logistics,Slot Charterers,Ready,Ex KDS-01st,30(20:45),NA,161 Boxes,241 TEUs,30(18:26),nan,nan,nan,nan,nan,nan,Only Export | Only Export. F/W at KDS on 30(20:45). ETA at Sandheads on 02(01:00) | Only Export. F/W at KDS on 30(20:45). ETA at Sandheads on 01(22:36). Vessel called in Day tide on date,11,02/07/25 16:00,02/07/25 16:15,11,03/07/25 01:20,03/07/25 07:25,,,,
HAL12500491::UOG HARRIET G,HAL12500491,UOG HARRIET G,2025-06-25,2025-07-02,6,228.60,7.9,nan,NAPHTHA-(I) 21180,INTEROCEAN SHIPPING,HPL,nan,nan,nan,nan,nan,nan,nan,01(07:00),30(10:29),01(07:00),HOJ-I=27 HOJ-II&III=21,HPL,HOJ-I/HOJ-II/HOJ-III B-16(O)/B-17(O)/B-18(O),Ullage confirmation & Readiness Documents are awaited. | Vessel called at B/18(O),HOJ-III,02/07/25 15:42,02/07/25 16:48,HOJ-III,03/07/25 11:30,03/07/25 12:48,,,,
HAL12500476::AERIKO,HAL12500476,AERIKO,2025-06-24,2025-07-03,8,199.99,8.10,Manganese Ore,nan,Interocean Shipping,Various/MHC,30(14:54),ETA-03(17:30),NA,NA,"29,500",NA,28(21:11),nan,nan,nan,nan,nan,nan,Vessel neaped on 02(Night) & 03(Night),13,04/07/25 07:54,04/07/25 09:45,9(S),05/07/25 11:20,05/07/25 22:30,,,,
HAL12500518::BW OAK,HAL12500518,BW OAK,2025-07-01,2025-07-03,3,225.48,8.2,nan,PROPANE-(I)-7000 BUTANE-(I)-16500,ATLANTIC GLOBAL,HPCL,nan,nan,nan,nan,nan,nan,nan,30(21:00),Not Ready,Not Ready,N/A,AEGIS,HOJ-I/HOJ-II B-16(O)/17(O),"Ullage confirmation & Readiness Documents are awaited. | 1. As intimated from Terminal, the required ullage may be available on 5th/6th July'2025. 2. Ullage confirmation & Readiness Documents are awaited.",HOJ-II,05/07/25 06:36,05/07/25 08:00,8,06/07/25 17:18,07/07/25 04:15,,,,
HAL12500507::BW TYR,HAL12500507,BW TYR,2025-06-27,2025-07-03,6,225.46,8.5,nan,PROPANE-(I)-12691 BUTANE-(I)-11450,SAMSARA SHIPPING,BPCL,nan,nan,nan,nan,nan,nan,nan,ETA-03(18:00),Not Ready,Not Ready,N/A,BPCL,HOJ-III B-18(O),Ullage confirmation & Readiness Documents are awaited.,HOJ-III,05/07/25 06:48,05/07/25 08:54,2 OFF,06/07/25 13:54,06/07/25 15:54,,,,
HAL12500524::CANOPUS,HAL12500524,CANOPUS,2025-07-01,2025-07-03,3,229.00,8.40,Coking Coal,nan,TMILL,SAIL/MHC,Not Ready,ETA-03(16:00),NA,NA,"33,000",NA,01(14:56),nan,nan,nan,nan,nan,nan,VesselswappedfromBOTBerthtoPortBerth.Latefortideon03(Day) Tide | VesselswappedfromBOTBerthtoPortBerth.Latefortideon 03(Day) Tide,9(S),03/07/25 19:20,03/07/25 22:40,,,,,,,
HAL12500522::CONSTELLATION,HAL12500522,CONSTELLATION,2025-07-01,2025-07-03,3,225.13,8.2,nan,PROPANE-(I)-10394 BUTANE-(I)-9142,ATLANTIC GLOBAL,IOCL,nan,nan,nan,nan,nan,nan,nan,02(16:06),02(09:38),02(16:06),31,IOPPL,HOJ-I/HOJ-II B-16(O)/17(O),"1. As intimated from Terminal, the required ullage may be available on 3rd July'2025. 2. Ullage confirmation & Readiness Documents are awaited. | Vessel called at B/17(O)",,,,11,04/07/25 19:30,04/07/25 23:50,,,,
HAL12500537::FLORA,HAL12500537,FLORA,2025-07-03,2025-07-03,1,228.99,7.90,Coking Coal,nan,Infinity Shipping,SAIL/ISPHL,Not Ready,ETA-08th,NA,NA,"33,000",NA,NA,nan,nan,nan,nan,nan,nan,,,,,,,,,,,
HAL12500448R::NYLEX 1,HAL12500448R,NYLEX 1,2025-06-20,2025-07-03,12,107.35,5.50,nan,MS-(E) 5500,ISS SHIPPING,HPL,nan,nan,nan,nan,nan,nan,nan,21(14:12),20(12:35),27(20:00),31,HPL,HOJ-I B-16(O),Ullage confirmation & Readiness Documents are awaited. | 1. No latest update received from the agent. 2. NOR yet to be tendered. | NOR yet to be tendered. | NOR tendered on 27(20:00) | 1. NOR tendered on 27(20:00) 2. Vessel called at B/16(O),,,,,,,,,,
HAL12500444R::CHS COLOMBO,HAL12500444R,CHS COLOMBO,2025-06-29,2025-07-04,6,150.70,6.60,Container,nan,MSC Agency,Slot Charterers,Ready,Ex KDS-03rd,02(20:35),NA,142 Boxes,170 TEUs,27(12:11),nan,nan,nan,nan,nan,nan,Only Export | Only Export. F/W at KDS on 02(20:35). ETA at Sandheads on 03(23:00) | OnlyExport.F/WatKDSon02(20:35).ReportingatSandheadson 04(00:30). Vessel called in Day tide on date,,,,,,,,,,
HAL12500505::ZHONG CHANG ZHOU SHAN,HAL12500505,ZHONG CHANG ZHOU SHAN,2025-06-27,2025-07-04,7,225.00,8.20,Metallurgical Coke,nan,Sea Chhathmaa Shipping,Rashmi Metaliks/MHC,28(10:18),04(06:30),04(06:30),04(06:30),"26,000",NA,28(11:37),nan,nan,nan,nan,nan,nan,Vessel called in Day tide on date,8,04/07/25 18:24,04/07/25 19:45,12,06/07/25 15:10,07/07/25 03:12,BERTH-8,BERTH-4B,06/07/25 19:45,
HAL12500506::IVY ALLIANCE,HAL12500506,IVY ALLIANCE,2025-06-27,2025-07-05,8,190.00,8.27,Manganese Ore,nan,Gac Shipping,Various/MHC,27(15:14),03(07:30),03(07:30),03(07:30),"26,800",NA,28(23:18),nan,nan,nan,nan,nan,nan,"To lighten 3,200 MT at Sagar | Tolighten3,200MTatSagar.ReportingtimeasperAgent.Vessel called in Day tide on date at Sagar | Lightening3,200MTatSagar.(BOB-923MT).Aftercompletionof lighterage opertaion expected draft would be 8.3 | Lightened3,200MTatSagar.F/WatSagaron04(13:00).Vessel called in Night tide on date",2,05/07/25 20:30,05/07/25 21:45,4B,07/07/25 03:15,07/07/25 13:55,,,,
HAL12500526::MARIANNA GOLDEN,HAL12500526,MARIANNA GOLDEN,2025-07-02,2025-07-05,3,155.00,8.5,nan,AMMONIA-(I) 11501,EMINENCE SHIPPING,INDORAMA INDIA,nan,nan,nan,nan,nan,nan,nan,05(09:30),01(18:55),05(09:30),22,INDORAMA INDIA,HOJ-I B-16(O),Reporting time as per agent.,HOJ-I,06/07/25 07:54,06/07/25 09:18,HOJ-I,07/07/25 07:30,07/07/25 16:36,,,,
HAL12500486::NORD KITAN,HAL12500486,NORD KITAN,2025-06-25,2025-07-05,9,199.99,8.39,Manganese Ore,nan,S2 Shipping LLP,Various/MHC,27(16:15),03(19:00),03(19:00),03(19:00),"30,793",NA,30(15:13),nan,nan,nan,nan,nan,nan,"To Lighten 2,600 MT at Sagar | To lighten 2,600 MT at Sagar | To lighten 2,600 MT at Sagar. After completion of lighterage opertaion expected draft would be 8.39 | Lightened2,600MTatSagar.F/WatSagaron05(08:30).Vessel calledinNighttideondatebutnotsuppliedduetolatecompletion at Sagar",13,06/07/25 10:10,06/07/25 11:30,5,07/07/25 15:20,08/07/25 15:00,,,,
HAL12500509::PIONEER ELITE,HAL12500509,PIONEER ELITE,2025-06-29,2025-07-05,7,115.33,8.38,Calcite Chips,nan,TMILL,Artemyn (India) Pvt Ltd/TMILL,30(17:00),04(13:10),04(13:10),08(13:10),"10,000",NA,01(10:58),nan,nan,nan,nan,nan,nan,Vessel called in Day tide on date,12,05/07/25 11:00,05/07/25 18:20,HOJ-III,06/07/25 16:15,07/07/25 00:36,,,,
HAL12500514::WILLOWS (COASTAL),HAL12500514,WILLOWS (COASTAL),2025-07-03,2025-07-05,2,179.88,8.70,nan,HSD-(I) 10187 MS-(I) 10049,ATLANTIC GLOBAL,BPCL,nan,nan,nan,nan,nan,nan,nan,03(09:06),Not Ready,Not Ready,N/A,BPCL,HOJ-I/HOJ-II/HOJ-III B-16(O)/B-17(O)/B-18(O),Ullage confirmation & Readiness Documents are awaited.,,,,,,,,,,
HAL12500508::WOOJIN FRANK,HAL12500508,WOOJIN FRANK,2025-06-29,2025-07-05,6,124.00,8.50,nan,PARAXYLENE-(I)10445,SAMUDRA MARINE,MCPI,nan,nan,nan,nan,nan,nan,nan,ETA-05(20:00),04(11:51),ETA-05(20:00),29,MCPI,HOJ-I & OT-II B-16(O)& OT-II,Ullage confirmation & Readiness Documents are awaited.,TERMINAL,06/07/25 08:40,06/07/25 11:24,TERMINAL 2,07/07/25 13:00,07/07/25 17:36,,,,
HAL12500471::CONTTSHIP ANA II,HAL12500471,CONTTSHIP ANA II,2025-06-22,2025-07-06,13,189.50,8.25,Container,nan,MSC Agency,Slot Charterers,05(16:20),06(05:24),06(05:24),NA,886 Boxes,"1,237 TEUs",03(15:27),nan,nan,nan,nan,nan,nan,Vessel neaped in all Night Tides from 06th to 08th | Vessel called in Night tide on date,,,,,,,,,,
HAL12500517::HISUI,HAL12500517,HISUI,2025-07-01,2025-07-06,5,226.00,8.2,nan,PROPANE-(I)-10745 BUTANE-(I)-11970,ATLANTIC GLOBAL,IOCL,nan,nan,nan,nan,nan,nan,nan,03(12:36),06(08:49),06(08:49),HOJ-I & II = 30.3,IOPPL,HOJ-I/HOJ-II B-16(O)/17(O),"Ullage confirmation & Readiness Documents are awaited. | 1. As intimated from Terminal, the required ullage may be available on 7th July'2025. 2. Ullage confirmation & Readiness Documents are awaited.",HOJ-II,07/07/25 09:06,07/07/25 10:36,HOJ-II,08/07/25 15:18,08/07/25 17:54,,,,
HAL12500515::MSC FALCON III,HAL12500515,MSC FALCON III,2025-06-30,2025-07-06,7,207.40,7.80,Container,nan,MSC Agency,Slot Charterers,04(13:34),04(09:30),04(13:34),NA,608 Boxes,909 TEUs,03(12:32),nan,nan,nan,nan,nan,nan,"ReportingtimeasperAgent.AsconfirmedbyAgent,theywilltake the vessel on 06(Day) Tide. | ReportingtimeasperAgent.AsconfirmedbyAgent,theywilltake the vessel on 06(Day) Tide. Vessel called in Day tide on date",,,,,,,,,,
HAL12500490::SANMAR SWARA,HAL12500490,SANMAR SWARA,2025-06-25,2025-07-06,9,228.49,8.5,nan,NAPHTHA-(I) 32500,BENLINE AGENCIES,HPL,nan,nan,nan,nan,nan,nan,nan,01(06:48),05(09:19),05(09:19),HOJ-I=40 HOJ-II&III=31,HPL,HOJ-I/HOJ-II/HOJ-III B-16(O)/B-17(O)/B-18(O),"Ullage confirmation & Readiness Documents are awaited. | Vessel's readiness withdrawn by HPL through mail at 02(11:41). | 1. Vessel's readiness withdrawn by HPL through mail at 02(11:41). 2. Vessel's Re-readiness received from HPL through mail at -05(09:19). | 1. Vessel's readiness withdrawn by HPL through mail at 02(11:41). 2. Vessel's Re-readiness received from HPL through mail at - 05(09:19). 3. As requested from Terminal (HPL), they want to take the vessel at HOJ-3 only",HOJ-III,07/07/25 09:18,07/07/25 11:06,HOJ-III,08/07/25 15:12,08/07/25 18:00,,,,
HAL12500513::STAR EMERALD,HAL12500513,STAR EMERALD,2025-06-29,2025-07-06,8,229.00,8.27,Coking Coal,nan,Eveready Shipping,Rungta Mines/MHC,01(10:11),06(03:30),06(03:30),06(03:30),"31,698",NA,02(09:17),nan,nan,nan,nan,nan,nan,Vessel called in Night tide on date,8,06/07/25 22:06,06/07/25 23:20,8,08/07/25 10:05,08/07/25 17:30,,,,
HAL12500500::CAPTAIN GEORGE,HAL12500500,CAPTAIN GEORGE,2025-06-27,2025-07-07,10,228.99,7.80,Coking Coal,nan,Gac Shipping,SAIL/ISPHL,BOT Berth,07(03:00),07(03:00),07(03:00),"33,000",NA,26(16:17),nan,nan,nan,nan,nan,nan,Vessel neaped in all Night Tides from 05th to 08th | Vessel called in Day tide on date,4A,07/07/25 12:30,07/07/25 23:05,4A,09/07/25 17:15,10/07/25 03:15,BERTH-4A,BERTH-4,10/07/25 00:12,
HAL12500527::ISMENE,HAL12500527,ISMENE,2025-07-02,2025-07-07,6,225.00,8.38,Coking Coal,nan,Infinity Shipping,Tata Steel/MHC,03(10:40),ETA-07(15:00),NA,NA,"33,000",NA,05(10:55),nan,nan,nan,nan,nan,nan,Vessel called in Night tide on date,2,07/07/25 21:54,08/07/25 03:36,2,09/07/25 11:15,09/07/25 14:20,,,,
HAL12500531::SC XIAMEN,HAL12500531,SC XIAMEN,2025-07-02,2025-07-07,5,128.60,8.30,nan,PARAXYLENE-(I)10470,SAMUDRA MARINE,MCPI,nan,nan,nan,nan,nan,nan,nan,ETA-07(13:00),06(16:07),ETA-07(13:00),29,MCPI,HOJ-I & OT-II B-16(O)& OT-II,Ullage confirmation & Readiness Documents are awaited.,TERMINAL,08/07/25 09:18,08/07/25 12:24,TERMINAL 2,09/07/25 11:12,09/07/25 18:30,,,,
HAL12500541::WILLOWS (COASTAL),HAL12500541,WILLOWS (COASTAL),2025-07-06,2025-07-07,2,179.88,8.70,nan,HSD-(I) 10187 MS-(I) 10049,ATLANTIC GLOBAL,BPCL,nan,nan,nan,nan,nan,nan,nan,03(09:06),05(12:32),05(12:32),HOJ-I & II = 24 HOJ-III = 32,BPCL,HOJ-I/HOJ-II/HOJ-III B-16(O)/B-17(O)/B-18(O),"As per Terminal (BPCL), vessel is ready to cargo discharge at HOJ-1 & 2 from 06th and at HOJ-3 from 08th onwards",,,,,,,,,,
HAL12500544::FLORA,HAL12500544,FLORA,2025-07-04,2025-07-08,5,228.99,7.85,Coking Coal,nan,Infinity Shipping,SAIL/MHC,Not Ready,ETA-08(15:00),NA,NA,"33,000",NA,NA,nan,nan,nan,nan,nan,nan,Vessel swapped from BOT Berth to Port Berth on 07(11:12),8,08/07/25 23:12,09/07/25 03:45,8,10/07/25 16:55,10/07/25 19:10,,,,
HAL12500560::SAKIZAYA STAR,HAL12500560,SAKIZAYA STAR,2025-07-08,2025-07-08,1,229.00,8.00,Steam Coal,nan,Gac Shipping,Haldia Petrochemicals/MHC,07(16:46),ETA-08(15:50),NA,NA,"33,000",NA,NA,nan,nan,nan,nan,nan,nan,Vessel declared on 07(11:24). Vessel called in Night tide on date,13,09/07/25 01:18,09/07/25 03:30,13,10/07/25 12:30,10/07/25 14:30,,,,
HAL12500523::SSL THAMIRABARANI,HAL12500523,SSL THAMIRABARANI,2025-07-01,2025-07-08,8,142.70,8.20,Container,nan,Unifeeder Agencies,Slot Charterers,07(09:42),08(01:10),08(01:10),NA,741 Boxes,900 TEUs,06(09:52),nan,nan,nan,nan,nan,nan,Vessel called in Day tide on date,11,08/07/25 12:00,08/07/25 12:15,11,09/07/25 15:20,09/07/25 18:20,,,,
HAL12500519::YU LONG LING,HAL12500519,YU LONG LING,2025-07-01,2025-07-08,3,177.50,8.35,HR Coils,nan,Seahorse Ship Agencies,Aarti Strips/TMILL,04(18:00),ETA-08(20:00),NA,NA,"20,823",NA,05(15:10),nan,nan,nan,nan,nan,nan,,12,09/07/25 13:15,09/07/25 14:50,12,11/07/25 05:45,11/07/25 19:36,,,,
HAL12500504::EXPLORER EUROPE,HAL12500504,EXPLORER EUROPE,2025-06-27,2025-07-09,12,199.98,7.80,Manganese Ore,nan,Gac Shipping,Various/MHC,04(11:23),08(18:30),08(18:30),08(18:30),"26,500",NA,04(12:45),nan,nan,nan,nan,nan,nan,Vessel called in Night tide on date | Vessel called in Day tide on date,4B,09/07/25 11:36,09/07/25 13:10,4B,12/07/25 10:00,12/07/25 20:50,,,,
HAL12500563::HARI AKASH (COASTAL),HAL12500563,HARI AKASH (COASTAL),2025-07-08,2025-07-09,2,117.27,5.90,nan,HSD-(E) 3800 ATF-(E) 800,ATLANTIC GLOBAL,IOCL,nan,nan,nan,nan,nan,nan,nan,06(12:54),07(13:23),07(13:23),24,IOCL,HOJ-I B-16(O),Vessel declared on 07(13:23),,,,,,,,,,
HAL12500551::KYRA THALEIA,HAL12500551,KYRA THALEIA,2025-07-04,2025-07-09,6,224.90,8.00,PCI Coal,nan,Cross Ocean Enterprises,SAIL/ISPHL,BOT Berth,08(11:16),08(11:16),08(11:16),"34,205",NA,09(00:17),nan,nan,nan,nan,nan,nan,,4A,10/07/25 01:50,10/07/25 02:40,4A,12/07/25 09:50,12/07/25 15:30,,,,
HAL12500568::SARV SHAKTI,HAL12500568,SARV SHAKTI,2025-07-08,2025-07-09,2,226.00,8.7,nan,PROPANE-(I)-10800 BUTANE-(I)-10800,ATLANTIC GLOBAL,IOCL,nan,nan,nan,nan,nan,nan,nan,07(17:30),09(10:34),09(10:34),29,IOPPL,HOJ-I/HOJ-II B-16(O)/17(O),"1. As intimated from Terminal, the required ullage may be available on 10th / 11th July'2025. 2. Ullage confirmation & Readiness Documents are awaited.",HOJ-II,10/07/25 10:48,10/07/25 12:36,HOJ-II,11/07/25 16:48,11/07/25 20:24,,,,
HAL12500520::SITC ZHENGDE,HAL12500520,SITC ZHENGDE,2025-07-01,2025-07-09,9,171.90,8.50,Container,nan,Eastern Liner Shipping,Slot Charterers,08(11:31),ETA-09(14:00),NA,NA,762 Boxes,1536 TEUs,07(15:13),nan,nan,nan,nan,nan,nan,,10,10/07/25 04:15,10/07/25 04:30,10,11/07/25 05:00,11/07/25 07:30,,,,
HAL12500549::TIGER LILY,HAL12500549,TIGER LILY,2025-07-04,2025-07-09,6,228.99,8.05,Coking Coal,nan,J M Baxi Marine Services,SAIL/MHC,Not Ready,09(08:18),NA,NA,"33,000",NA,08(15:04),nan,nan,nan,nan,nan,nan,"VesselswappedfromBOTBerthtoPortBerthon08th.Reporting timeasperAgent.VesselcalledinDaytideondate.However,vessel late for tide | VesselswappedfromBOTBerthtoPortBerthon08th.Reportingtime as per Agent. Vessel called in Day tide on date",2,09/07/25 23:36,10/07/25 00:20,2,11/07/25 09:40,11/07/25 11:35,,,,
HAL12500558::BW LOYALTY,HAL12500558,BW LOYALTY,2025-07-06,2025-07-10,5,226.00,8.4,nan,PROPANE-(I)-6515 BUTANE-(I)-15447,ATLANTIC GLOBAL,HPCL,nan,nan,nan,nan,nan,nan,nan,08(22:30),10(04:44),10(04:44),34,AEGIS,HOJ-I/HOJ-II B-16(O)/17(O),"Ullage confirmation & Readiness Documents are awaited. | 1. As intimated from Terminal, the required ullage may be available on 11th / 12th July'2025. 2. Ullage confirmation & Readiness Documents are awaited.",HOJ-I,11/07/25 11:36,11/07/25 13:18,HOJ-I,12/07/25 14:30,12/07/25 21:15,,,,
HAL12500535::DONATELLO,HAL12500535,DONATELLO,2025-07-03,2025-07-10,8,229.00,8.36,Coking Coal,nan,V Ocean Shipping,SAIL/MHC,Not Ready,10(09:30),NA,NA,"33,000",NA,NA,nan,nan,nan,nan,nan,nan,VesselswappedfromBOTBerthtoPortBerthon09(16:41).Reporting time as per Agent | Vessel swapped from BOT Berth to Port Berth on 09(16:41). Reporting time as per Agent,8,11/07/25 01:12,11/07/25 02:20,8,12/07/25 16:50,12/07/25 17:50,,,,
HAL12500547::REIMEI,HAL12500547,REIMEI,2025-07-05,2025-07-10,6,226.00,8.6,nan,PROPANE-(I)-11100 BUTANE-(I)-12815,SAMSARA SHIPPING,BPCL,nan,nan,nan,nan,nan,nan,nan,09(06:00),10(06:54),10(06:54),36,BPCL,HOJ-III B-18(O),"Ullage confirmation & Readiness Documents are awaited. | 1. As intimated from Terminal, the required ullage may be available on 11th July'2025. 2. Ullage confirmation & Readiness Documents are awaited.",HOJ-III,11/07/25 11:48,11/07/25 13:00,HOJ-III,12/07/25 17:00,12/07/25 21:24,,,,
HAL12500521::SOL FORTUNE,HAL12500521,SOL FORTUNE,2025-07-01,2025-07-10,10,149.60,8.70,Container,nan,Transworld Global Logistics,Slot Charterers,07(17:52),10(03:30),10(03:30),NA,123 Boxes,163 TEUs,07(18:14),nan,nan,nan,nan,nan,nan,Only Import | Only Import. Vessel called in Day tide on date,11,10/07/25 12:30,10/07/25 13:30,11,10/07/25 20:00,10/07/25 23:45,,,,
HAL12500529::SOL PROGRESS,HAL12500529,SOL PROGRESS,2025-07-02,2025-07-10,9,149.60,6.50,Container,nan,Transworld Global Logistics,Slot Charterers,Ready,Ex KDS-12th,NA,NA,Nil,NA,NA,nan,nan,nan,nan,nan,nan,Only Export | Only Export. Vessel voyage may be cancelled as intimated by Agent,,,,,,,,,,
HAL12500528::SUBRA,HAL12500528,SUBRA,2025-07-02,2025-07-10,9,199.90,8.20,Manganese Ore,nan,J M Baxi Marine Services,Various/MHC,04(14:11),09(13:30),09(13:30),09(13:30),"27,500",NA,05(11:25),nan,nan,nan,nan,nan,nan,Vessel called in Day tide on date,13,10/07/25 15:24,10/07/25 17:00,13,12/07/25 02:20,12/07/25 05:45,,,,
HAL12500569::SAITA I,HAL12500569,SAITA I,2025-07-09,2025-07-11,3,228.99,7.95,Coking Coal,nan,J M Baxi Marine Services,SAIL/MHC,Not Ready,11(03:30),NA,NA,"33,000",NA,09(17:00),nan,nan,nan,nan,nan,nan,Vessel swapped from BOT Berth to Port Berth on 09(12:33) | VesselswappedfromBOTBerthtoPortBerthon09(12:33).Reporting time as per Agent. Vessel called in Day tide on date | Vessel swapped from BOT Berth to Port Berth on 09(12:33). Reporting time as per Agent. Vessel called in Day tide on date,2,11/07/25 14:24,11/07/25 17:10,2,13/07/25 03:15,13/07/25 04:10,,,,
HAL12500577::ZAGREB,HAL12500577,ZAGREB,2025-07-10,2025-07-11,2,228.99,8.30,PCI Coal,nan,Seatrans Shipmanagement,Rawmet Resources/MHC,10(10:32),11(09:30),11(09:30),11(09:30),"32,000",NA,10(17:23),nan,nan,nan,nan,nan,nan,Reporting time as per Agent,13,12/07/25 06:30,12/07/25 08:35,13,13/07/25 12:50,13/07/25 18:00,,,,
HAL12500557::(COASTAL),HAL12500557,(COASTAL),2025-07-11,2025-07-12,2,171.26,8.50,nan,HSD-(E) 5000 MS-(E)1200,ATLANTIC GLOBAL,IOCL,nan,nan,nan,nan,nan,nan,nan,,,,48,IOCL,,2. Revised Checklist Received at -10(14:19),,,,,,,,,,
HAL12500552::COMMON HORIZON,HAL12500552,COMMON HORIZON,2025-07-05,2025-07-12,8,199.90,8.15,Limestone,nan,Seatrans Shipmanagement,SAIL/MHC,Not Ready,11(11:00),NA,NA,"27,000",NA,10(15:56),nan,nan,nan,nan,nan,nan,Reporting time as per Agent | Vessel called in Day tide on date,12,12/07/25 15:05,13/07/25 01:24,8,14/07/25 08:00,14/07/25 09:05,BERTH-12,BERTH-8,12/07/25 19:00,12/07/25 23:20
HAL12500532::DUBAI GOLD,HAL12500532,DUBAI GOLD,2025-07-10,2025-07-12,3,228.00,7.20,CBFS,nan,Interocean Shipping,PCBL Chemical Ltd,09(16:46),11(20:36),11(20:36),NA,"10,000",NA,11(10:02),nan,nan,nan,nan,nan,nan,Priority may not be accorded | Priority may not be accorded. Vessel called in Day tide on date,7,12/07/25 13:48,12/07/25 16:18,7,13/07/25 03:30,13/07/25 08:15,,,,
HAL12500538::FLAG LAMA,HAL12500538,FLAG LAMA,2025-07-03,2025-07-12,10,229.00,8.50,Coking Coal,nan,TMILL,Tata Steel/MHC,10(12:48),12(04:15),12(04:15),12(04:15),"34,639",NA,08(10:41),nan,nan,nan,nan,nan,nan,Reporting time as per Agent,2,13/07/25 05:00,,2,14/07/25 18:50,14/07/25 20:40,,,,
HAL12500571::PROSPER (COASTAL),HAL12500571,PROSPER (COASTAL),2025-07-09,2025-07-12,4,128.60,5.40,nan,LUBE OIL-(E) 9500,ATLANTIC GLOBAL,IOCL,nan,nan,nan,nan,nan,nan,nan,09(12:00),08(13:45),09(12:00),48,IOCL,HOJ-I B-16(O),"Vessel declared on 08(13:45) | 1. Vessel declared on 08(13:45) 2. As informed by IOCL over telecommunication, the Export cargo quantity may increase.",,,,,,,,,,
HAL12500564::SANMAR SONNET (COASTAL),HAL12500564,SANMAR SONNET (COASTAL),2025-07-08,2025-07-12,5,240.99,7.70,nan,HSD-(I) 27218 MS-(I) 8007,ATLANTIC GLOBAL,BPCL,nan,nan,nan,nan,nan,nan,nan,09(06:30),11(10:18),11(10:18),HOJ-II=36 HOJ-III=44,BPCL,HOJ-II/HOJ-III B-17(O)/B-18(O),Ullage confirmation & Readiness Documents are awaited. | Vessel called at B/17(O),,,,,,,,,,
HAL12500590::ASPHALT EXPRESS,HAL12500590,ASPHALT EXPRESS,2025-07-12,2025-07-13,2,117.63,7.10,Bitumen,nan,Atlantic Global Shipping,HPCL,11(15:33),13(00:12),13(00:12),NA,"5,756",NA,NA,nan,nan,nan,nan,nan,nan,Coastal Vessel. Priority may not be accorded | CoastalVessel.Prioritymaynotbeaccorded.VesselcalledinDaytide on date,5,13/07/25 14:18,13/07/25 19:30,5,14/07/25 23:18,15/07/25 01:54,,,,
HAL12500536::BLPL FAITH,HAL12500536,BLPL FAITH,2025-07-03,2025-07-13,11,140.00,7.00,Container,nan,Transworld Global Logistics,Slot Charterers,09(17:04),13(02:30),13(02:30),NA,128 Boxes,220 TEUs,11(16:03),nan,nan,nan,nan,nan,nan,Only Import | Only Import. Vessel called in Day tide on date,11,13/07/25 19:05,13/07/25 19:20,11,13/07/25 23:30,14/07/25 03:30,,,,
HAL12500559::FIRST LION,HAL12500559,FIRST LION,2025-07-08,2025-07-13,6,126.50,5.50,nan,MS-(E) 6100,SAMUDRA MARINE,HPL,nan,nan,nan,nan,nan,nan,nan,ETA-13(17:00),12(21:43),ETA-13(17:00),31,HPL,HOJ-I/HOJ-III B-16(O)/18(O),Readiness Documents are awaited.,HOJ-III,14/07/25 00:40,14/07/25 02:24,HOJ-III,15/07/25 04:40,15/07/25 10:12,,,,
HAL12500554::GINGA LIGER,HAL12500554,GINGA LIGER,2025-07-10,2025-07-13,3,158.93,7.70,Phosphoric Acid,nan,J M Baxi Marine Services,Indorama India Pvt Ltd,10(17:52),13(04:30),13(04:30),NA,"10,500",NA,06(12:14),nan,nan,nan,nan,nan,nan,Vessel called in Day tide on date,6,13/07/25 16:30,13/07/25 18:54,6,14/07/25 14:24,14/07/25 17:35,,,,
HAL12500548::MONA LISA,HAL12500548,MONA LISA,2025-07-04,2025-07-13,10,199.98,8.00,Limestone,nan,Seatrans Shipmanagement,SAIL/MHC,Not Ready,12(14:54),NA,NA,"27,000",NA,12(11:50),nan,nan,nan,nan,nan,nan,,4A,14/07/25 03:36,,8,15/07/25 19:50,15/07/25 22:15,BERTH-4A,BERTH-8,14/07/25 10:36,14/07/25 11:35
HAL12500525::PALAIS,HAL12500525,PALAIS,2025-07-02,2025-07-13,12,224.90,8.23,Hard Coal,nan,Atlantic Global Shipping,Carbon Resources/MHC,05(10:40),12(21:15),12(21:15),12(21:15),"28,940",NA,NA,nan,nan,nan,nan,nan,nan,,13,14/07/25 01:42,,13,15/07/25 14:20,15/07/25 17:50,,,,
HAL12500570::ANASTASIA,HAL12500570,ANASTASIA,2025-07-09,2025-07-14,6,225.00,8.13,Coking Coal,nan,J M Baxi Marine Services,SAIL/MHC,Not Ready,13(12:00),NA,NA,"33,000",NA,12(10:01),nan,nan,nan,nan,nan,nan,Vessel swapped from BOT Berth to Port Berth on 12(10:51) | Vessel swapped from BOT Berth to Port Berth on 12(10:51). Vessel called in Day tide on date,4A,14/07/25 16:12,15/07/25 05:36,2,16/07/25 08:35,16/07/25 16:50,BERTH-4A,BERTH-2,14/07/25 21:54,15/07/25 00:30
HAL12500511::BUNUN DYNASTY,HAL12500511,BUNUN DYNASTY,2025-06-29,2025-07-14,11,179.97,8.50,HR Coils,nan,J M Baxi Marine Services,Various/TMILL,30(18:54),01(05:36),01(05:36),09(05:36),"25,563",NA,02(14:17),nan,nan,nan,nan,nan,nan,"To Lighten 9,500 MT at Sagar | To Lighten 9,500 MT at Sagar. Reporting time as per Agent | To Lighten 9,500 MT at NX-Point | To lighten 9,500 MT at Sagar | Tolighten9,500MTatSagar.VesselcalledinDaytideondate at Sagar | Lightening7,000MTatSagar.(BOB-4,240MT).Aftercompletionof lighterage opertaion expected draft would be 8.50 | Lightened 7,000 MT at Sagar. F/W at Sagar on13(04:00) | Lightened7,000MTatSagar.F/WatSagaron13(04:00).Vesselcalled in Day tide on date",12,14/07/25 14:00,14/07/25 15:50,12,16/07/25 10:50,16/07/25 19:15,,,,
HAL12500582::CAMELIA,HAL12500582,CAMELIA,2025-07-14,2025-07-14,1,126.50,8.50,CPO,nan,Seaport Services,Patanjali Foods Ltd,14(10:20),ETA-14(16:00),NA,NA,"4,021",NA,12(13:19),nan,nan,nan,nan,nan,nan,Prioritymaynotbeaccorded.PatanjaliFoodsLtddoesnotwantto work upon the vessel at OMB & B/18(O).,7,15/07/25 02:30,,7,15/07/25 20:54,16/07/25 04:45,,,,
HAL12500533::DORIC ARMOUR,HAL12500533,DORIC ARMOUR,2025-07-02,2025-07-14,10,228.99,7.50,Coking Coal,nan,Infinity Shipping,Tata International/MHC,08(16:50),ETA-15(08:00),NA,NA,"30,000",NA,13(12:35),nan,nan,nan,nan,nan,nan,,8,16/07/25 05:45,,13,17/07/25 17:50,17/07/25 23:25,,,,
HAL12500550::ENEOS GUNJO,HAL12500550,ENEOS GUNJO,2025-07-05,2025-07-14,10,229.90,8.0,nan,PROPANE-(I)-11552 BUTANE-(I)-11663,ATLANTIC GLOBAL,IOCL,nan,nan,nan,nan,nan,nan,nan,06(11:00),13(07:05),13(07:05),31,IOPPL,HOJ-I/HOJ-II B-16(O)/17(O),"Ullage confirmation & Readiness Documents are awaited. | 1. As intimated from Terminal, the required ullage may be available on 14th July'2025. 2. Ullage confirmation & Readiness Documents are awaited. | Vessel called at B/17(O)",HOJ-II,14/07/25 13:30,14/07/25 15:06,HOJ-II,15/07/25 17:12,15/07/25 22:45,,,,
HAL12500557::FAIRWAY (COASTAL),HAL12500557,FAIRWAY (COASTAL),2025-07-06,2025-07-14,7,171.26,8.50,nan,REFORMATE-(I) 10000 MS-(I) 6000,ATLANTIC GLOBAL,IOCL,nan,nan,nan,nan,nan,nan,nan,10(06:42),10(14:19),10(14:19),48,IOCL,HOJ-I B-16(O),Ullage confirmation & Readiness Documents are awaited. | Vessel declared on 05(11:37) | 1. Vessel declared on 05(11:37) 2. Revised Checklist Received on 10(14:19) | 1. Vessel declared on 05(11:37) 2. Revised Checklist Received on 10(14:19) 3. Vessel called at B/16(O),,,,,,,,,,
HAL12500584::KONTANTINOS II,HAL12500584,KONTANTINOS II,2025-07-11,2025-07-14,4,229.00,8.50,Coking Coal,nan,Seatrans Shipmanagement,Shyam Sel And Power/MHC,Not Ready,ETA-23rd,NA,NA,"32,498",NA,NA,nan,nan,nan,nan,nan,nan,,,,,,,,,,,
HAL12500539::MSC TIGER F,HAL12500539,MSC TIGER F,2025-07-03,2025-07-14,12,154.51,8.80,Container,nan,MSC Agency,Slot Charterers,12(10:56),ETA-14(23:30),NA,NA,870 Boxes,"1,376 TEUs",NA,nan,nan,nan,nan,nan,nan,Vessel neaped in all Night Tides,11,15/07/25 17:30,15/07/25 17:45,11,17/07/25 04:18,17/07/25 07:00,,,,
HAL12500555::SITC ZHI,HAL12500555,SITC ZHI,2025-07-06,2025-07-14,9,171.90,9.00,Container,nan,Eastern Liner Shipping,Slot Charterers,Not Ready,ETA-15(05:00),NA,NA,247 Boxes,NA,12(21:25),nan,nan,nan,nan,nan,nan,Vessel neaped in all Night Tides,10,15/07/25 15:15,15/07/25 15:30,10,17/07/25 09:30,17/07/25 11:25,,,,
HAL12500574::STI DUCHESSA (COASTAL),HAL12500574,STI DUCHESSA (COASTAL),2025-07-09,2025-07-14,6,183.12,8.15,nan,HSD-(I) 14520 MS-(I) 2917,ATLANTIC GLOBAL,RELIANCE INDUSTRIES,nan,nan,nan,nan,nan,nan,nan,13(23:42),10(14:09),13(23:42),35,RELIANCE INDUSTRIES,HOJ-III B-18(O),Ullage confirmation & Readiness Documents are awaited.,,,,,,,,,,
HAL12500546::ZHONG CHANG XIN SHENG,HAL12500546,ZHONG CHANG XIN SHENG,2025-07-04,2025-07-14,11,189.99,8.30,Manganese Ore,nan,Seavision Shipping,Various/MHC,08(11:09),12(01:42),12(01:42),12(01:42),"27,700",NA,05(12:35),nan,nan,nan,nan,nan,nan,"To lighten 5,500 MT at Sagar | Tolighten5,500MTatSagar.VesselcalledinDaytideondate at Sagar | Lightening5,500MTatSagar.(BOB-1,400MT).Aftercompletionof lighterage opertaion expected draft would be 8.30 | Lightened 5,500 MT at Sagar. F/W at Sagar on13(13:25)",13,16/07/25 03:45,16/07/25 05:40,4B,17/07/25 10:40,17/07/25 21:15,,,,
HAL12500593::BANTRY BAY,HAL12500593,BANTRY BAY,2025-07-14,2025-07-15,2,8.50,183.30,nan,Tanker,ETA-24th,NA,nan,nan,nan,nan,nan,nan,nan,CDSBO,Interocean Shipping,Various,Not Ready,NA,"9,750",Priority may not be accorded | NA,10,27/07/25 15:15,27/07/25 15:30,HOJ-II,26/07/25 11:05,28/07/25 22:12,,,,
HAL12500587::ANDONIS,HAL12500587,ANDONIS,2025-07-11,2025-07-16,5,229.00,8.29,Coking Coal,nan,Gac Shipping,SAIL/ISPHL,BOT Berth,ETA-16(12:30),NA,NA,"33,000",NA,NA,nan,nan,nan,nan,nan,nan,,4A,17/07/25 04:36,17/07/25 05:30,HOJ-I,19/07/25 03:45,19/07/25 06:20,,,,
HAL12500588::DENSA SEAL,HAL12500588,DENSA SEAL,2025-07-12,2025-07-16,4,186.40,8.25,Rock Phosphate,nan,Seatrans Shipmanagement,Various/TMILL,14(10:30),15(18:42),15(18:42),19(18:42),"20,000",NA,14(12:15),nan,nan,nan,nan,nan,nan,,12,17/07/25 05:42,,12,19/07/25 18:15,20/07/25 10:00,BERTH-12,BERTH-4B,19/07/25 20:55,
HAL12500586::G SILVER,HAL12500586,G SILVER,2025-07-11,2025-07-16,4,145.53,8.50,MEG & DEG,nan,Atlantic Global Shipping,IVL Dhunseri Petrochem,14(18:48),16(03:00),16(03:00),NA,"9,936",NA,15(13:06),nan,nan,nan,nan,nan,nan,Priority may not be accorded | Priority may not be accorded. Vessel called in Day tide on date,7,16/07/25 15:18,16/07/25 19:00,11,17/07/25 23:36,18/07/25 09:30,,,,
HAL12500562::HONG DA XIN 89,HAL12500562,HONG DA XIN 89,2025-07-08,2025-07-16,8,158.56,6.20,Container,nan,Far Shipping,Slot Charterers,14(15:33),15(13:00),15(13:00),NA,132 Boxes,198 TEUs,14(17:48),nan,nan,nan,nan,nan,nan,Only Import,11,17/07/25 08:00,17/07/25 08:15,11,17/07/25 12:15,17/07/25 19:30,BERTH-11,BERTH-4B,17/07/25 17:15,
HAL12500561::MORNING KATE,HAL12500561,MORNING KATE,2025-07-08,2025-07-16,8,99.98,4.80,nan,BUTADIENE-(E) 3150,SAMUDRA MARINE,HPL,nan,nan,nan,nan,nan,nan,nan,11(19:42),11(14:34),13(19:42),21,HPL,HOJ-I B-16(O),Readiness Documents are awaited. | 1. Revised Seniority as par with category 4 vessels. (Vessel waiting for more than 48 Hrs) | 1. Revised Seniority as par with category 4 vessels. (Vessel waiting for more than 48 Hrs) 2. Vessel called at B/16(O),HOJ-I,16/07/25 13:12,16/07/25 15:18,HOJ-I,17/07/25 09:00,17/07/25 11:20,,,,
HAL12500581::NV AQUAMARINE,HAL12500581,NV AQUAMARINE,2025-07-11,2025-07-16,5,230.00,7.0,nan,PROPANE-(I)-3700 BUTANE-(I)-3700,ATLANTIC GLOBAL,IOCL,nan,nan,nan,nan,nan,nan,nan,14(07:30),14(10:02),14(10:02),20,IOPPL,HOJ-I/HOJ-II B-16(O)/17(O),Ullage confirmation & Readiness Documents are awaited. | Vessel called at B/17(O),HOJ-II,16/07/25 14:00,16/07/25 15:12,HOJ-II,17/07/25 09:12,17/07/25 11:24,,,,
HAL12500556::RAPHAEL,HAL12500556,RAPHAEL,2025-07-06,2025-07-16,10,229.00,8.30,PCI Coal,nan,V Ocean Shipping,Shyam Sel & Power & Rungta Mines/MHC,09(12:35),16(04:48),16(04:48),16(04:48),"33,000",NA,11(17:55),nan,nan,nan,nan,nan,nan,Vessel called in Day tide on date,2,16/07/25 17:30,16/07/25 18:45,8,18/07/25 05:10,18/07/25 22:45,BERTH-2,BERTH-4,18/07/25 05:40,
HAL12500553::TAKAO GALAXY,HAL12500553,TAKAO GALAXY,2025-07-14,2025-07-16,2,157.03,8.00,Phosphoric Acid,nan,J M Baxi Marine Services,Indorama India Pvt Ltd,10(14:14),ETA-17(07:00),NA,NA,"10,500",NA,15(18:32),nan,nan,nan,nan,nan,nan,,5,17/07/25 20:54,17/07/25 22:36,5,18/07/25 15:00,18/07/25 16:15,,,,
HAL12500591::BW BREEZE,HAL12500591,BW BREEZE,2025-07-12,2025-07-17,5,226.00,8.55,nan,PROPANE-(I)-12340 BUTANE-(I)-10350,ATLANTIC GLOBAL,BPCL,nan,nan,nan,nan,nan,nan,nan,13(15:18),16(10:37),16(10:37),36,BPCL,HOJ-III B-18(O),Ullage confirmation & Readiness Documents are awaited. | Vessel called at B/18(O),HOJ-III,17/07/25 16:00,17/07/25 18:54,4A,19/07/25 01:36,19/07/25 13:42,,,,
HAL12500595::CHS COLOMBO,HAL12500595,CHS COLOMBO,2025-07-13,2025-07-17,4,150.73,7.95,Container,nan,MSC Agency,Slot Charterers,16(17:29),ETA-17(18:00),NA,NA,200 Boxes,292 TEUs,16(14:15),nan,nan,nan,nan,nan,nan,Only Import,10,18/07/25 09:15,18/07/25 09:30,10,18/07/25 17:10,18/07/25 18:45,,,,
HAL12500576::ESCADA,HAL12500576,ESCADA,2025-07-10,2025-07-17,7,154.00,8.20,Container,nan,Samsara Shipping,Slot Charterers,16(10:09),16(13:24),16(13:24),NA,93 Boxes,176 TEUs,16(13:01),nan,nan,nan,nan,nan,nan,Only Import | Only Import. Vessel called in Day tide on date,10,17/07/25 18:15,17/07/25 18:30,2,17/07/25 23:00,18/07/25 08:00,,,,
HAL12500578::GREEN SHAKTI,HAL12500578,GREEN SHAKTI,2025-07-10,2025-07-17,7,225.28,8.5,nan,PROPANE-(I)-6500 BUTANE-(I)-15500,ATLANTIC GLOBAL,HPCL,nan,nan,nan,nan,nan,nan,nan,12(11:12),14(11:49),14(11:49),34,AEGIS,HOJ-I/HOJ-II B-16(O)/17(O),"Ullage confirmation & Readiness Documents are awaited. | 1. As intimated from Terminal, the required ullage may be available on 16th July'2025. 2. Ullage confirmation & Readiness Documents are awaited. | Vessel called at B/16(O)",HOJ-I,17/07/25 15:00,17/07/25 17:18,4,18/07/25 20:00,19/07/25 01:06,,,,
HAL12500607::PROPEL GLORY,HAL12500607,PROPEL GLORY,2025-07-16,2025-07-17,2,197.00,7.98,Limestone,nan,Seatrans Shipmanagement,SAIL/MHC,Not Ready,17(06:18),NA,NA,"27,000",NA,NA,nan,nan,nan,nan,nan,nan,,8,18/07/25 05:00,,8,19/07/25 13:35,19/07/25 22:10,,,,
HAL12500583::SSL THAMIRABARANI,HAL12500583,SSL THAMIRABARANI,2025-07-11,2025-07-17,6,142.70,8.10,Container,nan,Unifeeder Agencies,Slot Charterers,16(13:08),16(23:42),16(23:42),NA,94 Boxes,320 TEUs,16(07:30),nan,nan,nan,nan,nan,nan,Only Import | Only Import. Vessel called in Day tide on date,11,17/07/25 19:30,17/07/25 19:45,10,18/07/25 04:15,18/07/25 10:20,,,,
HAL12500598::VEGA SAGE,HAL12500598,VEGA SAGE,2025-07-16,2025-07-17,2,230.00,8.00,nan,PROPANE-(I)-7700 BUTANE-(I)-5500,ATLANTIC GLOBAL,IOPPL,nan,nan,nan,nan,nan,nan,nan,14(16:30),15(13:55),15(13:55),18,IOPPL,HOJ-I/HOJ-II B-16(O)/17(O),Vessel called at B/17(O),HOJ-II,17/07/25 15:54,17/07/25 17:24,HOJ-III,19/07/25 00:30,19/07/25 13:30,,,,
HAL12500603::VISHVA PREETI,HAL12500603,VISHVA PREETI,2025-07-16,2025-07-17,2,229.00,8.40,Coking Coal,nan,The Shipping Corporation,SAIL/MHC,Not Ready,17(09:30),NA,NA,"32,000",NA,NA,nan,nan,nan,nan,nan,nan,Vessel swapped from BOT Berth to Port Berth on 16(11:53). Reporting time as per Agent | VesselswappedfromBOTBerthtoPortBerthon16(11:53).Reporting time as per Agent,2,18/07/25 06:58,18/07/25 11:35,2,19/07/25 21:00,20/07/25 14:00,,,,
HAL12500589::EKATERINI,HAL12500589,EKATERINI,2025-07-12,2025-07-18,6,229.00,8.40,Coking Coal,nan,Gac Shipping,SAIL/ISPHL,BOT Berth,17(16:54),17(16:54),17(16:54),"33,000",NA,17(10:55),nan,nan,nan,nan,nan,nan,,4A,19/07/25 07:42,19/07/25 08:30,4A,21/07/25 12:00,21/07/25 12:25,,,,
HAL12500608::HAI DUONG 68,HAL12500608,HAI DUONG 68,2025-07-16,2025-07-18,3,121.10,8.14,Wood Pulp,nan,Pharos Shipping & Overseas,Emami Paper Mills Ltd,16(12:53),17(12:06),17(12:06),25(12:06),"8,079",NA,16(18:38),nan,nan,nan,nan,nan,nan,Vessel called in Day tide on date,5,18/07/25 17:48,18/07/25 19:00,5,23/07/25 01:50,23/07/25 06:20,,,,
HAL12500580::MAPLE OCEAN,HAL12500580,MAPLE OCEAN,2025-07-11,2025-07-18,7,133.23,8.30,nan,PARAXYLENE-(I) 10430,ATLANTIC GLOBAL,MCPI,nan,nan,nan,nan,nan,nan,nan,16(00:48),14(09:37),17(00:48),29,MCPI,HOJ-I & OT-II B-16(O)& OT-II,Ullage confirmation & Readiness Documents are awaited. | Revised Seniority as par with category 4 vessels. (Vessel waiting for more than 24 Hrs) | 1. Revised Seniority as par with category 4 vessels. (Vessel waiting for more than 24 Hrs) 2. Vessel called at OT-II,,,,,,,,,,
HAL12500602::VEGA DABLAM,HAL12500602,VEGA DABLAM,2025-07-16,2025-07-18,3,179.88,7.80,Nut Coke,nan,Gac Shipping,Carbon Resources/MHC,17(10:10),ETA-18(15:30),NA,NA,"21,000",NA,16(10:36),nan,nan,nan,nan,nan,nan,,13,19/07/25 05:36,,13,20/07/25 04:50,20/07/25 20:00,,,,
HAL12500540::ARIES SAKURA,HAL12500540,ARIES SAKURA,2025-07-10,2025-07-19,8,182.87,6.19,HR Coils,nan,Seatrans Shipmanagement,Hulas Infra/TMILL,10(16:00),18(13:45),18(13:45),26(13:45),"9,952",NA,NA,nan,nan,nan,nan,nan,nan,Vessel called in Day tide on date,12,19/07/25 21:30,19/07/25 22:50,13,20/07/25 17:40,20/07/25 22:15,,,,
HAL12500599::ROYAL PERIDOT,HAL12500599,ROYAL PERIDOT,2025-07-16,2025-07-19,4,128.60,8.30,nan,PARAXYLENE-(I) 10482,ISS SHIPPING,MCPI,nan,nan,nan,nan,nan,nan,nan,18(00:36),17(16:54),18(00:36),29,MCPI,HOJ-I & OT-II B-16(O)& OT-II,Ullage confirmation & Readiness Documents are awaited. | Vessel called at OT-II,TERMINAL,20/07/25 06:06,20/07/25 09:54,HOJ-I,21/07/25 05:54,21/07/25 15:45,,,,
HAL12500579::SNARTH,HAL12500579,SNARTH,2025-07-10,2025-07-19,9,147.83,8.50,nan,PARAXYLENE-(I) 9511,ATLANTIC GLOBAL,MCPI,nan,nan,nan,nan,nan,nan,nan,17(08:30),16(10:02),18(08:30),27,MCPI,HOJ-I & OT-II B-16(O)& OT-II,Ullage confirmation & Readiness Documents are awaited. | Revised Seniority as par with category 4 vessels. (Vessel waiting for more than 24 Hrs) | 1. Revised Seniority as par with category 4 vessels. (Vessel waiting for more than 24 Hrs) 2. Vessel called at B/16(O),HOJ-I,19/07/25 17:00,19/07/25 19:42,12,20/07/25 21:48,21/07/25 04:42,,,,
HAL12500612::AUGUST,HAL12500612,AUGUST,2025-07-16,2025-07-20,5,198.00,8.50,Manganese Ore,nan,Gac Shipping,Various/MHC,17(16:08),ETA-21(04:00),NA,NA,"30,900",NA,16(17:01),nan,nan,nan,nan,nan,nan,,13,21/07/25 09:24,21/07/25 11:00,13,22/07/25 18:25,23/07/25 00:15,,,,
HAL12500572::MSC CLEMENTINA F,HAL12500572,MSC CLEMENTINA F,2025-07-09,2025-07-20,11,147.80,6.30,Container,nan,MSC Agency,Slot Charterers,Ready,EX KDS-19th,19(05:05),NA,79 Boxes,110 TEUs,19(14:17),nan,nan,nan,nan,nan,nan,Only Export | Only Export. F/W at KDS on 19(05:05). ETA at Sandheads on 19(21:30) | OnlyExport.F/WatKDSon19(05:05).ReportedatSandheadson 20(01:30).Vessellatefortideon19(Night).VesselcalledinDaytide on date,11,20/07/25 20:50,20/07/25 23:35,11,21/07/25 05:30,21/07/25 14:15,,,,
HAL12500600::SITC RUIDE,HAL12500600,SITC RUIDE,2025-07-16,2025-07-20,5,171.90,8.60,Container,nan,Eastern Liner Shipping,Slot Charterers,19(10:02),20(09:00),20(09:00),NA,913 Boxes,"1,539 TEUs",18(16:53),nan,nan,nan,nan,nan,nan,Vessel neaped in all Night Tides | VesselneapedinallNightTides.ReportingtimeasperAgent.Vessel called in Day tide on date,10,20/07/25 19:30,20/07/25 19:50,10,22/07/25 03:00,22/07/25 04:30,,,,
HAL12500596::Y L W,HAL12500596,Y L W,2025-07-14,2025-07-20,6,106.84,5.00,nan,BITUMEN-(E) 5000,EMINENCE,IOCL,nan,nan,nan,nan,nan,nan,nan,13(21:00),14(17:25),14(17:25),42,IOCL,HOJ-I B-16(O),Calling withdrawn in AM tide on date due to cancellation of sailing of working vessel at B/16(O),HOJ-I,21/07/25 07:24,21/07/25 10:30,HOJ-I,22/07/25 10:36,22/07/25 17:36,,,,
HAL12500621::CORVETTE,HAL12500621,CORVETTE,2025-07-17,2025-07-21,5,225.13,8.30,nan,PROPANE-(I)-11305 BUTANE-(I)-11055,ATLANTIC GLOBAL,IOCL,nan,nan,nan,nan,nan,nan,nan,17(06:00),21(05:34),21(05:34),30,IOPPL,HOJ-I/HOJ-II B-16(O)/17(O),"Ullage confirmation & Readiness Documents are awaited. | 1. As intimated from Terminal, the required ullage may be available on 21st / 22nd July'2025. 2. Ullage confirmation & Readiness Documents are awaited. | 1. Ullage confirmation & Readiness Documents are awaited. 2. As intimated from Terminal, the required ullage may be available on 22nd July '2025.",HOJ-II,22/07/25 08:54,22/07/25 11:06,HOJ-II,23/07/25 13:18,23/07/25 19:00,,,,
HAL12500631::DUBAI GOLD,HAL12500631,DUBAI GOLD,2025-07-19,2025-07-21,3,228.00,7.50,CBFS,nan,Interocean Shipping,PCBL Chemical Ltd,Not Ready,ETA-22(05:00),NA,NA,"23,000",NA,NA,nan,nan,nan,nan,nan,nan,,12,22/07/25 23:45,,7,24/07/25 07:48,24/07/25 19:20,BERTH-12,BERTH-7,23/07/25 04:54,
HAL12500575::GOLDEN CURL,HAL12500575,GOLDEN CURL,2025-07-14,2025-07-21,3,144.30,7.60,CPO,nan,Seaport Services,Gokul Agro Resources,11(16:29),20(16:48),20(16:48),25(16:48),"8,600",NA,10(15:22),nan,nan,nan,nan,nan,nan,NA | Prioritymaynotbeaccorded.Importerdoesnotwanttotakethe vessel on 21(Day) & 21(Night) due to ullage constraint,TERMINAL,23/07/25 10:00,23/07/25 13:36,TERMINAL 2,25/07/25 13:30,,,,,
HAL12500573::HAFNIA ANDROMEDA,HAL12500573,HAFNIA ANDROMEDA,2025-07-14,2025-07-21,3,183.20,7.80,CDSBO & CSFSO,nan,Interocean Shipping,Various,19(13:32),20(17:12),20(17:12),25(17:12),"11,168",NA,20(17:19),nan,nan,nan,nan,nan,nan,NA | Vessel called in Night tide on date,4,21/07/25 22:06,22/07/25 01:48,4,23/07/25 02:30,23/07/25 15:10,,,,
HAL12500637::SWARNA PUSHP (COASTAL),HAL12500637,SWARNA PUSHP (COASTAL),2025-07-20,2025-07-21,2,184.95,8.30,nan,HSD-(I) 15149 MS-(I) 3881,ATLANTIC GLOBAL,RELIANCE INDUSTRIES,nan,nan,nan,nan,nan,nan,nan,21(03:48),19(17:12),21(03:48),36,RELIANCE INDUSTRIES,HOJ-III B-18(O),,,,,,,,,,,
HAL12500597::AM UMANG,HAL12500597,AM UMANG,2025-07-16,2025-07-22,7,228.99,8.50,Limestone,nan,TMILL,Tata Steel/MHC,21(12:12),21(18:54),21(18:54),21(18:54),"37,711",NA,16(10:43),nan,nan,nan,nan,nan,nan,"Vessel swapped from Port Berth to TMILL Berth on 18(11:39) | Vessel swapped from Port Berth to TMILL Berth on 18(11:39). Vessel was late for tide on 21(Night) | VesselswappedfromPortBerthtoTMILLBerthon18(11:39).Again, vesselswappedfromTMILLBerthtoPortBerthon21(11:15).Vessel was late for tide on 21(Night). Vessel called in Day tide on date",2,22/07/25 10:54,22/07/25 12:00,2,24/07/25 07:55,24/07/25 12:15,,,,
HAL12500624::BALI,HAL12500624,BALI,2025-07-17,2025-07-22,6,229.02,8.16,Coking Coal,nan,J M Baxi Marine Services,SAIL/ISPHL,BOT Berth,22(00:20),22(00:20),22(00:20),"33,000",NA,NA,nan,nan,nan,nan,nan,nan,"VesselswappedfromBOTBerthtoPortBerthon21(10:46).Again, VesselswappedfromPortBerthtoBOTBerthon22(09:45).Vessel called in Day tide on date",4A,22/07/25 12:30,22/07/25 13:45,4A,24/07/25 12:30,25/07/25 01:40,,,,
HAL12500643::PEBBLES (COASTAL),HAL12500643,PEBBLES (COASTAL),2025-07-22,2025-07-22,1,129.20,5.70,nan,LUBE OIL -(E) 11000,ATLANTIC GLOBAL,IOCL,nan,nan,nan,nan,nan,nan,nan,20(01:30),21(13:32),21(13:32),48,IOPPL,HOJ-I B-16(O),Vessel declared on 21(13:32),,,,,,,,,,
HAL12500614::RED RUM,HAL12500614,RED RUM,2025-07-17,2025-07-22,6,229.98,8.10,nan,PROPANE-(I)-11223 BUTANE-(I)-10781,BOTHRA SHIPPING,HPCL,nan,nan,nan,nan,nan,nan,nan,ETA-22(11:00),17(11:26),ETA-22(11:00),34,AEGIS,HOJ-I/HOJ-II B-16(O)/17(O),Ullage confirmation & Readiness Documents are awaited.,HOJ-I,23/07/25 10:00,23/07/25 12:12,HOJ-I,24/07/25 16:48,24/07/25 19:42,,,,
HAL12500566::SOL PIONEER,HAL12500566,SOL PIONEER,2025-07-08,2025-07-22,14,149.60,6.60,Container,nan,Transworld Global Logistics,Slot Charterers,Ready,EX KDS-21st,20(04:55),NA,139 Boxes,172 TEUs,19(13:52),nan,nan,nan,nan,nan,nan,Only Export | Only Export. F/W at KDS on 20(04:55) | Only Export. F/W at KDS on 20(04:55). ETA at Sandheads on 21(17:00) | OnlyExport.F/WatKDSon20(04:55).ReportedatSandheadson 21(15:48). Vessel called in Day tide on date,10,22/07/25 16:00,22/07/25 16:15,10,22/07/25 21:15,23/07/25 00:50,,,,
HAL12500627::STAR NADZIYE,HAL12500627,STAR NADZIYE,2025-07-18,2025-07-22,5,229.00,8.00,Coking Coal,nan,Gac Shipping,SAIL/MHC,Not Ready,22(05:54),NA,NA,"33,000",NA,NA,nan,nan,nan,nan,nan,nan,VesselswappedfromBOTBerthtoPortBerth.Vesselwaslatefortide on 22(Day). Vessel called in Night tide on date | VesselswappedfromBOTBerthtoPortBerth.Vesselwaslatefor tide on 22(Day). Vessel called in Night tide on date,8,22/07/25 22:12,22/07/25 23:00,8,24/07/25 12:00,24/07/25 17:00,,,,
HAL12500613::NANDA DEVI,HAL12500613,NANDA DEVI,2025-07-16,2025-07-23,8,227.00,8.20,nan,PROPANE-(I)-6100 BUTANE-(I)-6100,ATLANTIC GLOBAL,IOCL,nan,nan,nan,nan,nan,nan,nan,ETA-24(03:00),23(09:49),ETA-24(03:00),17,IOPPL,HOJ-I/HOJ-II B-16(O)/17(O),Ullage confirmation & Readiness Documents are awaited.,HOJ-II,24/07/25 10:48,24/07/25 11:54,HOJ-II,25/07/25 04:30,25/07/25 08:00,,,,
HAL12500635::PB ATHICHA,HAL12500635,PB ATHICHA,2025-07-20,2025-07-23,3,121.40,7.50,LAB,nan,Atlantic Global Shipping,A R Stamchem,Not Ready,ETA-25(12:00),NA,NA,"5,384",NA,NA,nan,nan,nan,nan,nan,nan,Priority may not be accorded,4A,26/07/25 02:24,,12,26/07/25 18:30,26/07/25 20:40,BERTH-7,BERTH-4A,26/07/25 20:15,27/07/25 01:20
HAL12500628::SANMAR SNEHA (COASTAL),HAL12500628,SANMAR SNEHA (COASTAL),2025-07-18,2025-07-23,6,200.00,7.10,nan,NAPHTHA-(I) 20000,INTEROCEAN SHIPPING,HPL,nan,nan,nan,nan,nan,nan,nan,23(00:36),19(10:52),23(00:36),HOJ-I=26 HOJ-II&III=20,HPL,HOJ-I/HOJ-II/HOJ-III B-16(O)/B-17(O)/B-18(O),Ullage confirmation & Readiness Documents are awaited.,,,,,,,,,,
HAL12500618::STAR SAPPHIRE,HAL12500618,STAR SAPPHIRE,2025-07-17,2025-07-23,7,229.00,8.50,Coking Coal,nan,TMILL,Tata Steel/MHC,19(11:40),ETA-23(14:00),NA,NA,"36,382",NA,16(17:21),nan,nan,nan,nan,nan,nan,,13,23/07/25 23:40,24/07/25 01:05,13,25/07/25 10:30,25/07/25 16:00,,,,
HAL12500623::TOROS M,HAL12500623,TOROS M,2025-07-17,2025-07-23,7,189.80,6.25,Rock Phosphate,nan,Pharos Shipping & Overseas,"Indorama India, Jay Shree Tea & Industries & The Phosphate Company/TMILL",22(10:30),ETA-23(12:00),NA,NA,"16,000",NA,21(19:54),nan,nan,nan,nan,nan,nan,,12,24/07/25 00:55,24/07/25 04:25,,,,,,,
HAL12500620::AMNSI MAXIMUS,HAL12500620,AMNSI MAXIMUS,2025-07-17,2025-07-24,8,229.00,8.30,Limestone & Pyroxenite,nan,Samsara Shipping,Tata Steel/MHC,21(10:42),24(00:30),24(00:30),24(00:30),"35,223",NA,17(11:05),nan,nan,nan,nan,nan,nan,"VesselswappedfromPortBerthtoTMILLBerthon21(11:16).Again, vessel swapped from TMILL Berth to Port Berth on 21(13:50). | VesselswappedfromPortBerthtoTMILLBerthon21(11:16).Again, vessel swapped from TMILL Berth to Port Berth on 21(13:50). Vessel | VesselswappedfromPortBerthtoTMILLBerthon21(11:16).Again, vesselswappedfromTMILLBerthtoPortBerthon21(13:50).Vessel was late for tide on 23(Day) | VesselswappedfromPortBerthtoTMILLBerthon21(11:16).Again, vesselswappedfromTMILLBerthtoPortBerthon21(13:50).Vessel was late for tide on 23(Day). Vessel called in Day tide on date",2,24/07/25 13:12,24/07/25 14:30,,,,,,,
HAL12500617::ASIAN HONOR,HAL12500617,ASIAN HONOR,2025-07-18,2025-07-24,7,110.67,8.20,Wood Pulp,nan,Pharos Shipping & Overseas,Emami Paper Mills Ltd,18(16:19),20(13:05),20(13:05),28(13:05),"8,083",NA,19(16:36),nan,nan,nan,nan,nan,nan,,8,25/07/25 00:50,25/07/25 02:00,7,28/07/25 17:06,29/07/25 09:25,,,,
HAL12500651::ESPADA X,HAL12500651,ESPADA X,2025-07-23,2025-07-24,2,224.90,8.30,Coking Coal,nan,TMILL,Tata Steel/MHC,23(10:08),ETA-24(14:00),NA,NA,"33,000",NA,23(10:51),nan,nan,nan,nan,nan,nan,Vessel was late for tide on 24(Day),,,,7,26/07/25 17:24,27/07/25 03:40,BERTH-8,BERTH-4,26/07/25 12:50,27/07/25 00:25
HAL12500634::JAG VIRAAT,HAL12500634,JAG VIRAAT,2025-07-19,2025-07-24,6,230.00,8.20,nan,PROPANE-(I)-11300 BUTANE-(I)-11300,ATLANTIC GLOBAL,IOCL,nan,nan,nan,nan,nan,nan,nan,24(07:00),24(10:29),24(10:29),31,IOPPL,HOJ-I/HOJ-II B-16(O)/17(O),Ullage confirmation & Readiness Documents are awaited.,HOJ-II,25/07/25 11:48,25/07/25 13:36,TERMINAL 2,25/07/25 13:30,26/07/25 09:00,,,,
HAL12500615::JAG VISHNU,HAL12500615,JAG VISHNU,2025-07-17,2025-07-24,8,230.00,7.90,nan,PROPANE-(I)-12300 BUTANE-(I)-12100,SAMSARA SHIPPING,BPCL,nan,nan,nan,nan,nan,nan,nan,19(14:00),24(07:13),24(07:13),36,BPCL,HOJ-III B-18(O),Ullage confirmation & Readiness Documents are awaited.,HOJ-III,25/07/25 11:48,25/07/25 13:30,6,27/07/25 00:50,27/07/25 01:55,,,,
HAL12500643R::PEBBLES (COASTAL),HAL12500643R,PEBBLES (COASTAL),2025-07-24,2025-07-24,1,129.20,6.00,nan,LUBE OIL -(E) 9500,ATLANTIC GLOBAL,IOCL,nan,nan,nan,nan,nan,nan,nan,20(01:30),21(13:32),21(13:32),36,IOCL,HOJ-I B-16(O),,,,,,,,,,,
HAL12500657::SUNSHINE,HAL12500657,SUNSHINE,2025-07-24,2025-07-24,1,226.00,8.10,nan,PROPANE-(I)-11994 BUTANE-(I)-11600,ISS SHIPPING,BPCL,nan,nan,nan,nan,nan,nan,nan,ETA-26(12:00),Not Ready,Not Ready,N/A,BPCL,HOJ-III B-18(O),Ullage confirmation & Readiness Documents are awaited.,,,,,,,,,,
HAL12500619::BASIC ADVENTURER,HAL12500619,BASIC ADVENTURER,2025-07-17,2025-07-25,9,228.99,8.50,Dolomite & Pyroxenite,nan,TMILL,Tata Steel/MHC,23(14:27),24(07:42),24(07:42),24(07:42),"35,566",NA,18(16:33),nan,nan,nan,nan,nan,nan,Reporting time as per Agent,11,25/07/25 16:30,26/07/25 02:30,2,28/07/25 03:15,28/07/25 03:35,BERTH-4A,BERTH-2,26/07/25 10:06,26/07/25 10:40
HAL12500655::HARI AKASH (COASTAL),HAL12500655,HARI AKASH (COASTAL),2025-07-24,2025-07-25,2,117.27,5.40,nan,HSD-(E) 5300 MS-(E) 1600,ATLANTIC GLOBAL,IOCL,nan,nan,nan,nan,nan,nan,nan,19(11:30),23(10:24),23(10:24),36,IOCL,HOJ-I B-16(O),Vessel declared on 23(10:24),,,,,,,,,,
HAL12500562R::HONG DA XIN 89,HAL12500562R,HONG DA XIN 89,2025-07-19,2025-07-25,7,158.56,5.80,Container,nan,Far Shipping,Slot Charterers,Ready,EX KDS-24th,23(09:35),NA,348 Boxes,400 TEUs,24(13:29),nan,nan,nan,nan,nan,nan,Only Export | Only Export. F/W at KDS on 23(09:35) | OnlyExport.F/WatKDSon23(09:35).ReportedatSandheadson 24(20:00). Vessel called in Day tide on date,,,,,,,,,,
HAL12500610::KONSTANTINOS II,HAL12500610,KONSTANTINOS II,2025-07-16,2025-07-25,10,229.00,8.50,Coking Coal,nan,Seatrans Shipmanagement,Shyam Sel & Power/MHC,21(17:40),ETA-25(16:00),NA,NA,"32,498",NA,16(11:00),nan,nan,nan,nan,nan,nan,,,,,13,27/07/25 20:30,27/07/25 21:10,,,,
HAL12500583R::SSL THAMIRABARANI,HAL12500583R,SSL THAMIRABARANI,2025-07-20,2025-07-25,6,142.70,5.50,Container,nan,Unifeeder Agencies,Slot Charterers,Ready,EX KDS-24th,23(17:20),NA,368 Boxes,512 TEUs,NA,nan,nan,nan,nan,nan,nan,Only Export | Only Export. F/W at KDS on 23(17:20). ETA at Sandheads on 24(16:30) | OnlyExport.F/WatKDSon23(17:20).ReportedatSandheadson 24(17:30). Vessel called in Day tide on date,,,,,,,,,,
HAL12500594::MSC DIYA F,HAL12500594,MSC DIYA F,2025-07-13,2025-07-26,13,147.83,7.30,Container,nan,MSC Agency,Slot Charterers,Ready,EX KDS-25th,23(17:05),NA,135 Boxes,168 TEUs,23(13:46),nan,nan,nan,nan,nan,nan,Only Export | Only Export. F/W at KDS on 23(17:05) | OnlyExport.F/WatKDSon23(17:05).ReportedatSandhedason 26(02:00). Vessel called in Day tide on date,10,26/07/25 15:20,26/07/25 17:20,HOJ-II,26/07/25 17:18,26/07/25 21:06,,,,
HAL12500592::VISHVA BANDHAN,HAL12500592,VISHVA BANDHAN,2025-07-12,2025-07-26,14,190.00,8.30,Limestone,nan,Alap Carriers,Parag Vinimay/TMILL,20(10:00),23(21:06),23(21:06),27(21:06),"26,980",NA,23(08:42),nan,nan,nan,nan,nan,nan,Vessel called in Day tide on date | Inside Dock,,,,HOJ-III,28/07/25 17:00,29/07/25 04:12,BERTH-4B,BERTH-12,26/07/25 21:42,
HAL12500606::XIN HAI TONG 57,HAL12500606,XIN HAI TONG 57,2025-07-16,2025-07-26,11,189.99,8.89,Manganese Ore,nan,James Mackintosh & Co,Various/MHC,23(16:22),24(18:54),24(18:54),24(18:54),"30,840",NA,22(16:21),nan,nan,nan,nan,nan,nan,Vessel neaped all Night Tides | Vessel neaped in all Night Tides | Vessel neaped in all Night Tides. Vessel called in Day tide on date,8,26/07/25 17:06,26/07/25 18:30,8,28/07/25 04:00,28/07/25 06:25,,,,
HAL12500629R::YOU SHEN 2,HAL12500629R,YOU SHEN 2,2025-07-20,2025-07-26,7,103.09,5.00,nan,BENZENE-(E) 6300,SAMUDRA MARINE,HPL,nan,nan,nan,nan,nan,nan,nan,24(19:30),22(10:33),Not Ready,21,HPL,HOJ-I B-16(O),Ullage confirmation & Readiness Documents are awaited. | NOR yet to be tendered.,,,,,,,,,,
HAL12500645::BIRDIE TRADER,HAL12500645,BIRDIE TRADER,2025-07-22,2025-07-27,6,145.53,6.70,nan,PARAXYLENE-(I) 9825,SAMUDRA MARINE,MCPI,nan,nan,nan,nan,nan,nan,nan,26(12:24),25(09:24),26(12:24),28,MCPI,HOJ-I & OT-II B-16(O)& OT-II,Ullage confirmation & Readiness Documents are awaited. | Shifting under progress from Approach Jetty to OT-II,TERMINAL,27/07/25 09:50,27/07/25 11:30,,,,,,,
HAL12500660::FAIRWAY (COASTAL),HAL12500660,FAIRWAY (COASTAL),2025-07-24,2025-07-27,4,171.26,7.60,nan,MS-(I) 12000,ATLANTIC GLOBAL,IOCL,nan,nan,nan,nan,nan,nan,nan,24(18:06),23(15:48),24(18:06),36,IOCL,HOJ-I/HOJ-II B-16(O)/17(O),Vessel declared on 23(15:48) | Vessel declared on 23(15:48). Vessel called in AM tide on date at B/17(O),,,,,,,,,,
HAL12500650::METTLE STAR,HAL12500650,METTLE STAR,2025-07-23,2025-07-27,5,228.99,8.09,Steam Coal,nan,Gac Shipping,Gokyl Fuel LLP/MHC,25(16:56),ETA-27(17:00),NA,NA,"32,000",NA,26(16:53),nan,nan,nan,nan,nan,nan,,7,28/07/25 02:18,28/07/25 05:00,13,29/07/25 12:00,29/07/25 18:30,,,,
HAL12500516::MSC MAKATO II,HAL12500516,MSC MAKATO II,2025-06-30,2025-07-27,27,175.49,8.70,Container,nan,MSC Agency,Slot Charterers,24(14:54),27(01:40),27(01:40),NA,"1,324 Boxes","1,541 TEUs",24(12:17),nan,nan,nan,nan,nan,nan,Vessel neaped in all Night Tides | VesselneapedinallNightTides.ReportingtimeasperAgent.Vessel called in Day tide on date,,,,,,,,,,
HAL12500672::WILLOWS (COASTAL),HAL12500672,WILLOWS (COASTAL),2025-07-26,2025-07-27,2,179.88,8.50,nan,HSD-(I) 13052 MS-(I) 4843,ATLANTIC GLOBAL,BPCL,nan,nan,nan,nan,nan,nan,nan,27(01:12),25(12:21),27(01:12),HOJ-I&II=24 HOJ-III=34,BPCL,HOJ-I/HOJ-II/HOJ-III B-16(O)/B-17(O)/B-18(O),Vessel declared on 25(12:21) | Vessel declared on 25(12:21). Vessel called in AM tide on date at B/18(O),,,,,,,,,,
HAL12500629::YOU SHEN 2,HAL12500629,YOU SHEN 2,2025-07-19,2025-07-27,5,103.09,5.00,nan,BENZENE-(E) 6300,SAMUDRA MARINE,HPL,nan,nan,nan,nan,nan,nan,nan,24(19:30),22(10:33),26(08:00),21,HPL,HOJ-I B-16(O),Priority may not be accorded | NOR tendered on 26(08:00). Vessel to shifted from Inside dock to B/16(O) in AM tide on date,13,26/07/25 01:06,,11,26/07/25 12:00,26/07/25 16:20,,,,
HAL12500663::BW LORD,HAL12500663,BW LORD,2025-07-25,2025-07-28,4,226.00,8.50,nan,PROPANE-(I)-11707 BUTANE-(I)-11293,ATLANTIC GLOBAL,HPCL,nan,nan,nan,nan,nan,nan,nan,27(21:00),24(14:07),27(21:00),36,AEGIS,HOJ-I/HOJ-II B-16(O)/17(O),Vessel called at B/16(O),HOJ-I,28/07/25 13:18,28/07/25 14:48,HOJ-I,29/07/25 18:00,29/07/25 22:55,,,,
HAL12500642::DS COUGAR,HAL12500642,DS COUGAR,2025-07-22,2025-07-28,7,126.50,8.50,nan,PARAXYLENE-(I) 10483,SAMUDRA MARINE,MCPI,nan,nan,nan,nan,nan,nan,nan,28(06:20),27(11:30),28(06:20),29,MCPI,HOJ-I & OT-II B-16(O)& OT-II,Ullage confirmation & Readiness Documents are awaited. | Vessel called at OT-II,TERMINAL,28/07/25 12:50,28/07/25 15:36,TERMINAL 2,29/07/25 13:30,29/07/25 22:06,,,,
HAL12500653::MANTA KEREM,HAL12500653,MANTA KEREM,2025-07-23,2025-07-28,6,177.85,7.75,Sulphur,nan,Alap Carriers Shipping & Logistic,Indorama India/TMILL,26(10:00),27(15:40),27(15:40),31(15:40),"15,000",NA,26(15:09),nan,nan,nan,nan,nan,nan,Vessel called in Day tide on date,11,28/07/25 16:50,29/07/25 05:06,12,30/07/25 10:00,30/07/25 18:33,BERTH-11,BERTH-12,29/07/25 07:55,29/07/25 10:20
HAL12500665::VISHVA ANAND,HAL12500665,VISHVA ANAND,2025-07-25,2025-07-28,4,229.00,8.15,Limestone,nan,Jyothi Marine,SAIL/MHC,Not Ready,28(06:48),NA,NA,"33,000",NA,NA,nan,nan,nan,nan,nan,nan,Reporting time as per Agent. Vessel called in Day tide on date,2,28/07/25 14:30,28/07/25 15:20,2,30/07/25 05:50,30/07/25 10:05,,,,
HAL12500654::AMABIKO,HAL12500654,AMABIKO,2025-07-23,2025-07-29,7,228.99,8.50,Coking Coal,nan,TMILL,Tata Steel/MHC,26(11:18),29(05:00),29(05:00),29(05:00),"33,019",NA,28(10:44),nan,nan,nan,nan,nan,nan,Vessel called in Day tide on date,4A,29/07/25 14:28,29/07/25 15:40,6,31/07/25 02:00,31/07/25 10:00,,,,
HAL12500645R::BIRDIE TRADER,HAL12500645R,BIRDIE TRADER,2025-07-22,2025-07-29,8,145.53,6.00,nan,MS-(E) 10500,SAMUDRA MARINE,HPL,nan,nan,nan,nan,nan,nan,nan,26(12:24),25(15:55),28(07:00),31,HPL,HOJ-I/HOJ-III B-16(O)/18(O),"Readiness Documents are awaited. | 1. Readiness Documents are awaited. 2. NOR yet to be tendered. | NOR yet to be tendered. | After completion of discharge cargo at OT-II, NOR yet to be tendered. | NOR tendered at 28(07:00) | 1. NOR tendered at 28(07:00) 2. Vessel called at B/18(O)",,,,,,,,,,
HAL12500601::MAPLE GAS,HAL12500601,MAPLE GAS,2025-07-16,2025-07-29,14,229.90,7.50,nan,PROPANE-(I)-11227 BUTANE-(I)-11494,INTEROCEAN SHIPPING,IOCL,nan,nan,nan,nan,nan,nan,nan,22(17:12),28(08:18),28(08:18),31,IOPPL,HOJ-I/HOJ-II B-16(O)/17(O),"Ullage confirmation & Readiness Documents are awaited. | 1. Ullage confirmation & Readiness Documents are awaited. 2. As intimated from Terminal, the required ullage may be available on 29th July '2025. | Vessel called at B/17(O)",,,,,,,,,,
HAL12500609::OLYMPIA ROAD,HAL12500609,OLYMPIA ROAD,2025-07-16,2025-07-29,14,99.98,4.30,nan,BUTADIENE-(E) 3150,SAMUDRA MARINE,HPL,nan,nan,nan,nan,nan,nan,nan,18(17:30),26(14:17),28(14:17),21,HPL,HOJ-I B-16(O),Readiness Documents are awaited. | Ullage confirmation & Readiness Documents are awaited. | Revised Seniority at par with category 4 vessels. (Vessel waiting for more than 48 Hrs),6,29/07/25 17:48,29/07/25 21:24,HOJ-I,30/07/25 19:12,30/07/25 21:54,,,,
HAL12500641::STARDUST,HAL12500641,STARDUST,2025-07-22,2025-07-29,8,229.02,8.40,Pyroxenite & Limestone,nan,TMILL,Tata Steel/MHC,28(09:57),28(08:30),28(09:57),28(09:57),"35,192",NA,26(12:57),nan,nan,nan,nan,nan,nan,"VesselswappedfromTMILLBerthtoPortBerth.Reportingtimeasper Agent | VesselswappedfromTMILLBerthtoPortBerth.Reportingtimeas per Agent | VesselswappedfromTMILLBerthtoPortBerth.Asrequestedfrom Importer, they want to take the vessel at B/1 & B/14 only",HOJ-I,30/07/25 01:24,30/07/25 03:00,13,31/07/25 21:00,01/08/25 04:25,,,,
HAL12500659::VISHVA UDAY,HAL12500659,VISHVA UDAY,2025-07-24,2025-07-29,6,229.00,8.00,Coking Coal,nan,The Shipping Corporation,SAIL/ISPHL,BOT Berth,28(22:35),28(22:35),28(22:35),"33,000",NA,28(19:00),nan,nan,nan,nan,nan,nan,Vessel called in Day tide on date,HOJ-II,29/07/25 13:42,29/07/25 15:30,4A,31/07/25 19:15,31/07/25 20:35,,,,
HAL12500658::ZEA,HAL12500658,ZEA,2025-07-24,2025-07-29,6,229.00,8.30,Hard Coal & PCI Coal,nan,V ocean Shipping,Carbon Resources/MHC,28(11:05),ETA-29(17:00),NA,NA,"31,670",NA,NA,nan,nan,nan,nan,nan,nan,,4,30/07/25 06:25,30/07/25 19:30,2,31/07/25 19:25,31/07/25 22:36,BERTH-4,BERTH-2,30/07/25 12:18,30/07/25 12:50
HAL12500695::AL DANAH,HAL12500695,AL DANAH,2025-07-30,2025-07-30,1,189.98,9.30,Manganese Ore,nan,Interocean Shipping,Various/MHC,Not Ready,ETA-04th,NA,NA,"31,900",NA,NA,nan,nan,nan,nan,nan,nan,"To Lighten 3,125 MT at Sagar",,,,,,,,,,
HAL12500638::ALFIOS,HAL12500638,ALFIOS,2025-07-20,2025-07-30,11,196.00,7.58,Manganese Ore,nan,Seatrans Shipmanagement,Various/MHC,26(13:06),29(20:00),29(20:00),29(20:00),"24,250",NA,NA,nan,nan,nan,nan,nan,nan,,4B,31/07/25 03:30,,13,02/08/25 19:00,03/08/25 00:30,,,,
HAL12500678::CATIVERA,HAL12500678,CATIVERA,2025-07-27,2025-07-30,4,154.38,7.34,Ammonium Sulphate,nan,Alap Carriers,Indorama India/TMILL,28(12:00),28(19:15),28(19:15),28(19:15),"14,300",NA,NA,nan,nan,nan,nan,nan,nan,,12,31/07/25 05:06,,12,02/08/25 05:30,09/08/25 14:10,BERTH-12 | BERTH-11,BERTH-12 O | BERTH-11 | BERTH-12 | BERTH-4B,02/08/25 07:35 | 05/08/25 22:05 | 07/08/25 00:50 | 08/08/25 18:30,02/08/25 15:20
HAL12500626::SOL FORTUNE,HAL12500626,SOL FORTUNE,2025-07-18,2025-07-30,13,149.60,8.70,Container,nan,Transworld Global Logistics,Slot Charterers,28(13:06),30(06:00),30(06:00),NA,140 Boxes,196 TEUs,29(14:21),nan,nan,nan,nan,nan,nan,Only Import | Only Import. Vessel neaped in all Night Tides | OnlyImport.VesselneapedinallNightTides.atSagar.Reporting time as per Agent Vessel called in Day tide on date,11,30/07/25 17:30,,HOJ-II,30/07/25 18:12,30/07/25 22:42,,,,
HAL12500679::SSL THAMIRABARANI,HAL12500679,SSL THAMIRABARANI,2025-07-27,2025-07-30,4,142.70,8.20,Container,nan,Unifeeder Agencies,Slot Charterers,29(13:13),30(08:12),30(08:12),NA,355 Boxes,450 TEUs,NA,nan,nan,nan,nan,nan,nan,Reporting time as per Agent,10,31/07/25 09:45,31/07/25 10:00,10,01/08/25 01:00,01/08/25 18:30,,,,
HAL12500686::BW ELM,HAL12500686,BW ELM,2025-07-29,2025-07-31,3,225.00,8.30,nan,PROPANE-(I)-11450 BUTANE-(I)-11550,ATLANTIC GLOBAL,HPCL,nan,nan,nan,nan,nan,nan,nan,31(04:48),30(09:14),31(04:48),36,AEGIS,HOJ-I/HOJ-II B-16(O)/17(O),Ullage confirmation & Readiness Documents are awaited. | Vessel called at B/17(O),HOJ-II,31/07/25 14:18,31/07/25 16:18,HOJ-II,01/08/25 21:36,01/08/25 23:30,,,,
HAL12500604::DARYA MA,HAL12500604,DARYA MA,2025-07-16,2025-07-31,16,229.00,7.56,Coking Coal,nan,Infinity Shipping,Electrosteel Castings/MHC,26(11:30),30(01:12),30(01:12),30(01:12),"15,685",NA,28(13:17),nan,nan,nan,nan,nan,nan,Priority may not be accorded,2,01/08/25 04:06,01/08/25 05:30,2,02/08/25 06:50,02/08/25 21:00,OFF,BERTH-13 O,02/08/25 16:25,
HAL12500657::NV SUNSHINE,HAL12500657,NV SUNSHINE,2025-07-25,2025-07-31,7,226.00,8.05,nan,PROPANE-(I)-11994 BUTANE-(I)-11600,ISS SHIPPING,BPCL,nan,nan,nan,nan,nan,nan,nan,26(10:25),28(11:11),28(11:11),36,BPCL,HOJ-III B-18(O),Ullage confirmation & Readiness Documents are awaited. | Vessel called at B/18(O),HOJ-III,31/07/25 15:00,31/07/25 16:30,HOJ-III,01/08/25 23:00,02/08/25 11:42,,,,
HAL12500683::PROPEL WISDOM,HAL12500683,PROPEL WISDOM,2025-07-29,2025-07-31,3,199.98,7.85,Limestone,nan,Seatrans Shipmanagement,SAIL/MHC,Not Ready,30(23:36),NA,NA,"27,000",NA,NA,nan,nan,nan,nan,nan,nan,Vessel called in Day tide on date,8,31/07/25 16:18,31/07/25 17:30,8,02/08/25 00:40,02/08/25 05:35,,,,
HAL12500670::YASA H MEHMET,HAL12500670,YASA H MEHMET,2025-07-25,2025-07-31,7,229.00,7.95,Steam Coal,nan,Eveready Shipping,Saraogi Udyog/MHC,29(16:28),30(16:55),30(16:55),30(16:55),"33,000",NA,30(11:25),nan,nan,nan,nan,nan,nan,,13,01/08/25 05:42,,13 OFF,02/08/25 17:00,02/08/25 22:50,,,,
HAL12500696::AP JADRAN,HAL12500696,AP JADRAN,2025-07-30,2025-08-01,3,229.00,8.50,Gypsum,nan,Alap Carriers,Parag Vinimay & Arghakhanchi Cement/TMILL,30(12:00),30(16:00),30(16:00),03(16:00),"34,135",NA,30(17:38),nan,nan,nan,nan,nan,nan,Vessel called in Day tide on date,13 OFF,01/08/25 18:10,01/08/25 20:15,12,05/08/25 12:55,05/08/25 23:50,BERTH-13,BERTH-12,02/08/25 09:00,
HAL12500680::GAS AL NEGEH,HAL12500680,GAS AL NEGEH,2025-07-27,2025-08-01,6,225.48,8.50,nan,PROPANE-(I)-11300 BUTANE-(I)-10100,ATLANTIC GLOBAL,IOCL,nan,nan,nan,nan,nan,nan,nan,30(18:24),31(09:10),31(09:10),29,IOPPL,HOJ-I/HOJ-II B-16(O)/17(O),"Ullage confirmation & Readiness Documents are awaited. | 1. Ullage confirmation & Readiness Documents are awaited. 2. As intimated from Terminal, the required ullage may be available on 1st August '2025. | Vessel called at B/16(O)",HOJ-I,01/08/25 15:00,01/08/25 16:30,4B,02/08/25 20:00,03/08/25 00:30,,,,
HAL12500693::PROPEL SUCCESS,HAL12500693,PROPEL SUCCESS,2025-07-30,2025-08-01,3,197.00,8.00,Limestone,nan,Seatrans Shipmanagement,SAIL/MHC,Not Ready,ETA-01(17:00),NA,NA,"27,000",NA,31(07:20),nan,nan,nan,nan,nan,nan,,8,02/08/25 06:42,02/08/25 08:00,8,03/08/25 15:30,03/08/25 22:50,BERTH-8,BERTH-6,03/08/25 19:15,
HAL12500633::SITC SHUNDE,HAL12500633,SITC SHUNDE,2025-07-19,2025-08-01,14,171.90,8.80,Container,nan,Eastern Liner Shipping,Slot Charterers,29(22:05),01(06:00),01(06:00),NA,"1,111 Boxes","2,050 TEUs",29(12:02),nan,nan,nan,nan,nan,nan,Vessel neaped in all Night Tides | VesselneapedinallNightTides.ReportingtimeasperAgent.Vessel called in Day tide on date,10,01/08/25 20:00,,HOJ-I,03/08/25 05:50,03/08/25 08:25,,,,
HAL12500674::STAR NICOLE,HAL12500674,STAR NICOLE,2025-07-26,2025-08-01,7,229.00,8.05,Coking Coal,nan,J M Baxi Marine,SAIL/ISPHL,BOT Berth,ETA-01(19:00),NA,NA,"33,000",NA,31(12:43),nan,nan,nan,nan,nan,nan,Vessel swapped from Port Berth to BOT Berth,4A,02/08/25 04:48,,HOJ-III,04/08/25 09:20,04/08/25 23:45,BERTH-4A,BERTH-2 OF,04/08/25 10:35,05/08/25 03:30
HAL12500649::AVERY POINT,HAL12500649,AVERY POINT,2025-07-23,2025-08-02,11,199.90,8.33,Manganese Ore,nan,Sea Jewel Shipping,Various/MHC,26(11:38),30(10:00),30(10:00),30(10:00),"29,270",NA,NA,nan,nan,nan,nan,nan,nan,"To Lighten 4,250 MT at Sagar | ToLighten4,250MTatSagar.VesselcalledinDaytideondateat Sagar | Lightening 4,250 MT at Sagar. C/W at Sagar on 31(07:20) | Lightening4,250MTatSagar.(BOB-1,654MT).Aftercompletionof lighterage opertaion expected draft would be 8.35 | Lightened4,250MTatSagar.F/WatSagaron01(18:05).Vessel neaped on 03(Day) and 04(Night)",4B,03/08/25 06:30,03/08/25 08:30,2,09/08/25 01:00,08/08/25 19:00,BERTH-4B,BERTH-10,08/08/25 12:40,
HAL12500687::EPIC HARMONY,HAL12500687,EPIC HARMONY,2025-07-29,2025-08-02,5,228.99,8.50,Coking Coal,nan,Benline Agencies,Jai Balaji Industries/MHC,30(17:19),02(06:48),02(06:48),02(06:48),"32,998",NA,30(19:13),nan,nan,nan,nan,nan,nan,Reporting time as per Agent. Vessel neaped on 03(Day) and 04(Night),13,03/08/25 07:54,03/08/25 09:30,13,05/08/25 12:50,05/08/25 22:50,,,,
HAL12500691::KOMODO PARK,HAL12500691,KOMODO PARK,2025-08-02,2025-08-02,1,146.50,6.40,Phosphoric Acid,nan,Atlantic Global Shipping,Indorama India Pvt.Ltd,29(14:27),02(02:42),02(02:42),NA,"6,027",NA,01(12:22),nan,nan,nan,nan,nan,nan,Priority may not be accorded. Vessel called in Day tide on date,5,02/08/25 16:42,02/08/25 17:45,TERMINAL 2,03/08/25 03:36,03/08/25 13:10,,,,
HAL12500677::SANMAR SNEHA (COASTAL),HAL12500677,SANMAR SNEHA (COASTAL),2025-07-27,2025-08-02,7,200.00,6.90,nan,NAPHTHA-(I)15000,ATLANTIC GLOBAL,HPL,nan,nan,nan,nan,nan,nan,nan,31(14:30),30(09:53),31(14:30),HOJ-I=20 HOJ-II&III=16,HPL,HOJ-I/HOJ-II/HOJ-III B-16(O)/B-17(O)/B-18(O),Ullage confirmation & Readiness Documents are awaited. | Vessel called at B/17(O),,,,,,,,,,
HAL12500702::SANMAR SONNET (COASTAL),HAL12500702,SANMAR SONNET (COASTAL),2025-07-31,2025-08-02,3,240.99,7.70,nan,HSD-(I) 26916 MS-(I) 10009,ATLANTIC GLOBAL,BPCL,nan,nan,nan,nan,nan,nan,nan,01(00:42),01(10:36),01(10:36),46,BPCL,HOJ-III B-18(O),Ullage confirmation & Readiness Documents are awaited. | Vessel called at B/18(O),,,,,,,,,,
HAL12500699::YAESU,HAL12500699,YAESU,2025-07-31,2025-08-02,3,228.99,8.32,Coking Coal,nan,Gac Shipping,SAIL/MHC,Not Ready,01(18:12),NA,NA,"33,000",NA,31(10:23),nan,nan,nan,nan,nan,nan,Vessel called in Day tide on date,2,02/08/25 18:48,02/08/25 19:30,4,04/08/25 03:15,04/08/25 14:40,BERTH-2,BERTH-13 O,04/08/25 08:55,04/08/25 14:30
HAL12500676::BLUE IONIAN,HAL12500676,BLUE IONIAN,2025-07-26,2025-08-03,9,224.94,8.40,Coking Coal,nan,Bothra Shipping,Electrosteel Castings/MHC,01(11:41),ETA-03(10:00),NA,NA,"36,029",NA,01(11:34),nan,nan,nan,nan,nan,nan,Vessel neaped on 03(Day) and 04(Night),2,04/08/25 10:24,04/08/25 13:00,2,06/08/25 01:30,06/08/25 04:50,,,,
HAL12500675::GUO YUAN 22,HAL12500675,GUO YUAN 22,2025-07-26,2025-08-03,9,224.90,8.25,Steam Coal,nan,Gac Shipping,IVL Dhunseri Petrochemical/MHC,31(15:47),03(04:00),03(04:00),03(04:00),"32,000",NA,31(17:50),nan,nan,nan,nan,nan,nan,,8,03/08/25 21:48,03/08/25 23:00,8,05/08/25 11:00,05/08/25 12:35,,,,
HAL12500673::MSC DHANTIA F,HAL12500673,MSC DHANTIA F,2025-07-26,2025-08-03,9,149.00,6.30,Container,nan,MSC Agency,Slot Charterers,Ready,EX KDS-02nd,01(11:00),NA,191 Boxes,265 TEUs,31(12:48),nan,nan,nan,nan,nan,nan,Only Export | Only Export. F/W at KDS on 01(11:00). ETA at Sandheads on 02(21:00) | OnlyExport.F/WatKDSon01(11:00).ReportedatSandheadson 03(01:16). Vessel called in Day tide on date,10,03/08/25 23:55,04/08/25 00:10,10,04/08/25 09:15,04/08/25 11:10,,,,
HAL12500692::NAVIGATOR GLORY,HAL12500692,NAVIGATOR GLORY,2025-07-30,2025-08-03,5,154.17,8.50,nan,AMMONIA-(I)-13850,WILHELMSEN,INDORAMA INDIA,nan,nan,nan,nan,nan,nan,nan,01(22:54),30(16:57),01(22:54),22,INDORAMA INDIA,HOJ-I B-16(O),Ullage confirmation & Readiness Documents are awaited. | Vessel called in AM tide on date at B/16(O),HOJ-I,03/08/25 17:30,03/08/25 19:36,2 OFF,04/08/25 22:00,05/08/25 04:30,,,,
HAL12500671::TRADER,HAL12500671,TRADER,2025-07-26,2025-08-03,9,166.15,8.00,Container,nan,MSC Agency,Slot Charterers,01(10:32),03(02:45),03(02:45),NA,571 Boxes,915 TEUs,31(13:00),nan,nan,nan,nan,nan,nan,Vessel called in Day tide on date,11,03/08/25 19:30,03/08/25 19:45,4A,05/08/25 01:40,05/08/25 01:50,,,,
HAL12500726::BW ELM,HAL12500726,BW ELM,2025-08-03,2025-08-04,2,225.48,8.00,nan,PROPANE-(I)10701.576 BUTANE-(I)10699.972,ATLANTIC GLOBAL,HPCL,nan,nan,nan,nan,nan,nan,nan,03(17:36),04(09:18),04(09:18),34,AEGIS,HOJ-I/HOJ-II B-16(O)/17(O),Ullage confirmation & Readiness Documents are awaited.,HOJ-I,05/08/25 08:30,05/08/25 10:06,HOJ-I,06/08/25 16:18,06/08/25 18:00,,,,
HAL12500714::CHEMROAD AQUA,HAL12500714,CHEMROAD AQUA,2025-08-04,2025-08-04,1,179.53,7.40,CDSBO,nan,Interocean Shipping,Various,03(22:46),02(22:10),03(22:46),08(22:46),"13,500",NA,NA,nan,nan,nan,nan,nan,nan,,4,05/08/25 10:50,05/08/25 14:30,11,07/08/25 20:30,08/08/25 15:00,BERTH-4,BERTH-2 OF,07/08/25 23:55,
HAL12500708::HAI YU 809,HAL12500708,HAI YU 809,2025-08-03,2025-08-04,2,145.50,8.50,CPO,nan,Marinelinks Shipping,Emami Agrotech Ltd,02(10:27),02(06:06),02(10:27),07(10:27),"13,989",NA,01(09:40),nan,nan,nan,nan,nan,nan,Vessel neaped in all Night tides | Vessel called in Night tide on date,,,,,,,,,,
HAL12500682::JAG VISHNU,HAL12500682,JAG VISHNU,2025-07-29,2025-08-04,7,230.00,7.90,nan,PROPANE-(I)-12365 BUTANE-(I)-11699,SAMSARA SHIPPING,BPCL,nan,nan,nan,nan,nan,nan,nan,29(20:00),02(16:47),02(16:47),36,BPCL,HOJ-III B-18(O),Ullage confirmation & Readiness Documents are awaited. | Vessel called at B/18(O),HOJ-III,04/08/25 19:48,04/08/25 23:48,HOJ-III,06/08/25 03:00,06/08/25 05:06,,,,
HAL12500630::MSC TIGER F,HAL12500630,MSC TIGER F,2025-07-18,2025-08-04,18,154.51,8.10,Container,nan,MSC Agency,Slot Charterers,02(16:23),04(00:10),04(00:10),NA,468 Boxes,670 TEUs,01(15:04),nan,nan,nan,nan,nan,nan,Vessel called in Day tide on date,10,04/08/25 12:45,04/08/25 20:54,10,05/08/25 13:06,05/08/25 16:25,,,,
HAL12500700::OCEAN GAS,HAL12500700,OCEAN GAS,2025-07-31,2025-08-04,5,225.28,8.10,nan,PROPANE-(I)-10838 BUTANE-(I)-10402,ATLANTIC GLOBAL,IOCL,nan,nan,nan,nan,nan,nan,nan,02(12:24),04(09:21),04(09:21),31,IOPPL,HOJ-I/HOJ-II B-16(O)/17(O),"Ullage confirmation & Readiness Documents are awaited. | 1. Ullage confirmation & Readiness Documents are awaited. 2. As intimated from Terminal, the required ullage may be available on 5th August '2025. | 1. Ullage confirmation & Readiness Documents are awaited. 2. As intimated from Terminal, the required ullage may be available on 05th August '2025.",HOJ-II,05/08/25 08:42,05/08/25 10:24,HOJ-II,06/08/25 14:48,06/08/25 17:42,,,,
HAL12500669::R S G,HAL12500669,R S G,2025-08-02,2025-08-04,3,112.10,6.70,Bitumen,nan,ABM Waterways Services,United Futuristc Trade Impex & Choudhary Bitumen & Allied Products,31(10:54),31(12:30),31(12:30),NA,"4,708",NA,31(12:08),nan,nan,nan,nan,nan,nan,Priority may not be accorded. Vessel was called in 31(Night) & 02(Day) tide but could not supplied due to Marine constraint | Prioritymaynotbeaccorded.Vesselwascalledin31(Night)& 02(Day) tide but could not supplied due to Marine constraint | Prioritymaynotbeaccorded.Vesselwascalledin31(Night)& 02(Day)tidebutcouldnotsuppliedduetoMarineconstraint.Vessel called in Night tide on date,7,04/08/25 23:00,,7,06/08/25 12:00,06/08/25 14:30,,,,
HAL12500722::SANMAR SWARA,HAL12500722,SANMAR SWARA,2025-08-02,2025-08-04,3,228.49,8.20,nan,NAPHTHA-(I)-33000,INTEROCEAN SHIPPING,HPL,nan,nan,nan,nan,nan,nan,nan,ETA-05th (AM),Not Ready,Not Ready,N/A,HPL,HOJ-I/HOJ-II/HOJ-III B-16(O)/B-17(O)/B-18(O),Ullage confirmation & Readiness Documents are awaited.,,,,,,,,,,
HAL12500664::SOL STRIDE,HAL12500664,SOL STRIDE,2025-07-25,2025-08-04,11,149.60,6.10,Container,nan,Transworld Global Logistics,Slot Charterers,Ready,EX KDS-03rd,02(23:50),NA,137 Boxes,207 TEUs,03(12:33),nan,nan,nan,nan,nan,nan,Only Export | Only Export. F/W at KDS on 02(23:50). ETA at Sandheads on 03(22:30) | OnlyExport.F/WatKDSon02(23:50).ReportedatSandheadson 04(00:48).Vessselwaslatefortideon04(Day).VesselcalledinNight tide on date,9 OFF,04/08/25 23:30,,11,05/08/25 12:10,05/08/25 14:40,BERTH-7,BERTH-11,05/08/25 03:15,
HAL12500666::UNION MARINER,HAL12500666,UNION MARINER,2025-07-25,2025-08-04,11,229.00,8.20,Coking Coal,nan,Gac Shipping,SAIL/ISPHL,BOT Berth,02(07:30),02(07:30),02(07:30),"33,000",NA,01(15:16),nan,nan,nan,nan,nan,nan,Reporting time as per Agent | Inside Dock,9 OFF,04/08/25 08:12,04/08/25 12:10,4A,07/08/25 01:40,07/08/25 03:15,BERTH-9,BERTH-4A,04/08/25 13:45,
HAL12500666::[,HAL12500666,[,2025-08-04,2025-08-04,1,229.00,8.20,Coking Coal,nan,Gac Shipping,SAIL/ISPHL,BOT Berth,02(07:30),02(07:30),02(07:30),"33,000",NA,01(15:16),nan,nan,nan,nan,nan,nan,Inside Dock,,,,,,,,,,
HAL12500697::HIGH TIDE (COASTAL),HAL12500697,HIGH TIDE (COASTAL),2025-07-30,2025-08-05,7,183.31,7.10,nan,HSD-(I)-12201 MS-(I)-2808,ATLANTIC GLOBAL,RELIANCE INDUSTRIES,nan,nan,nan,nan,nan,nan,nan,02(22:00),01(10:03),04(22:00),35,RELIANCE INDUSTRIES,HOJ-III B-18(O),Ullage confirmation & Readiness Documents are awaited. | Revised Seniority at par with category 4 vessels. (Vessel waiting for more than 48 Hrs),,,,,,,,,,
HAL12500725::MACALLAN,HAL12500725,MACALLAN,2025-08-04,2025-08-05,2,139.98,8.00,CPO,nan,Seaport Services,Kanpur Edibles,Not Ready,05(00:18),NA,NA,"3,000",NA,04(16:52),nan,nan,nan,nan,nan,nan,Priority may not be accorded | Priority may not be accorded. Reporting time as per Agent,5,05/08/25 23:42,06/08/25 03:30,5,06/08/25 14:30,06/08/25 16:35,,,,
HAL12500711::THE UNITY,HAL12500711,THE UNITY,2025-08-01,2025-08-05,5,228.99,7.95,PCI Coal,nan,V Ocean Shipping,SAIL/MHC,Not Ready,05(08:42),NA,NA,"30,000",NA,04(12:09),nan,nan,nan,nan,nan,nan,Vessel swapped from BOT Berth to Port Berth on 04(11:12). Reporting time as per Agent. Vessel called in Night tide on date,8,05/08/25 21:48,05/08/25 22:40,8,07/08/25 10:35,07/08/25 14:45,BERTH-8,BERTH-4A,07/08/25 11:40,08/08/25 03:30
HAL12500701::VALIANT,HAL12500701,VALIANT,2025-07-31,2025-08-05,6,134.16,8.40,nan,PARAXYLENE-(I) 10462,SAMUDRA MARINE,MCPI,nan,nan,nan,nan,nan,nan,nan,05(07:55),04(14:58),05(07:55),29,MCPI,HOJ-I & OT-II B-16(O)& OT-II,Ullage confirmation & Readiness Documents are awaited.,TERMINAL,06/08/25 09:12,06/08/25 15:40,HOJ-III,07/08/25 16:30,07/08/25 18:05,,,,
HAL12500715::FORTUNE,HAL12500715,FORTUNE,2025-08-05,2025-08-06,2,156.70,7.50,CPO,nan,Seaport Services,AWL Agri Business,04(16:00),05(20:00),05(20:00),10(20:00),"18,000",NA,04(15:08),nan,nan,nan,nan,nan,nan,Vessel called in Night tide on date,13,06/08/25 23:23,07/08/25 00:45,4B,09/08/25 09:36,09/08/25 15:40,,,,
HAL12500716::MILOS,HAL12500716,MILOS,2025-08-02,2025-08-06,5,199.90,8.30,Steam Coal,nan,Seatrans Marine,Rishi Shipping/MHC,04(18:11),05(21:46),05(21:46),05(21:46),"20,000",NA,05(15:06),nan,nan,nan,nan,nan,nan,Vessel called in Night tide on date,,,,,,,,,,
HAL12500635R::PB ATHICHA,HAL12500635R,PB ATHICHA,2025-07-27,2025-08-06,11,121.40,5.80,nan,BENZENE-(E) 6300,ATLANTIC GLOBAL,HPL,nan,nan,nan,nan,nan,nan,nan,31(19:54),02(12:30),02(17:00),21,HPL,HOJ-I B-16(O),Ullage confirmation & Readiness Documents are awaited. | Readiness Documents are awaited. | 1. Readiness Documents are awaited. 2. NOR yet to be tendered. | NOR tendered on 02(17:00) | 1. NOR tendered on 02(17:00) 2. Vessel called at B/16(O),,,,,,,,,,
HAL12500739::SANMAR SWARA,HAL12500739,SANMAR SWARA,2025-08-05,2025-08-06,2,228.49,8.50,nan,NAPHTHA-(I)-33000,SEA LINK AGENCIES,HPL,nan,nan,nan,nan,nan,nan,nan,05(06:24),05(16:48),05(16:48),HOJ-I=40 HOJ-II&III=31,HPL,HOJ-I/HOJ-II/HOJ-III B-16(O)/B-17(O)/B-18(O),Ullage confirmation & Readiness Documents are awaited.,HOJ-II,07/08/25 09:54,07/08/25 13:54,6,08/08/25 17:00,09/08/25 07:54,,,,
HAL12500662::SITC ZHENGDE,HAL12500662,SITC ZHENGDE,2025-07-24,2025-08-06,14,171.90,8.80,Container,nan,Eastern Liner Shipping,Slot Charterers,05(14:26),06(02:00),06(02:00),NA,"1,158 Boxes","2,099 TEUs",04(17:29),nan,nan,nan,nan,nan,nan,Vessel neaped all Night Tides | Vessel neaped in all Night Tides | Vessel neaped in all Night Tides. Vessel called in Day tide on date,10,06/08/25 13:30,06/08/25 13:45,HOJ-I,07/08/25 17:05,08/08/25 01:15,,,,
HAL12500710::SSI IRRESISTIBLE,HAL12500710,SSI IRRESISTIBLE,2025-08-01,2025-08-06,6,229.00,8.50,Coking Coal & Seven Coal Drum,nan,Interocean Shipping,SAIL/MHC,Not Ready,05(10:42),NA,NA,"33,001",NA,05(19:20),nan,nan,nan,nan,nan,nan,Vessel called in Night tide on date | Vesselwascalledin05(Night)tidebutcouldnotsupplieddueto non reduction of draft. Vessel called in Day tide on date | Vesselwascalledin05(Night)tidebutcouldnotsuppliedduetonon reduction of draft. Vessel called in Day tide on date,2,06/08/25 11:12,06/08/25 12:00,10,08/08/25 01:40,08/08/25 16:55,,,,
HAL12500709::AB OLIVIA,HAL12500709,AB OLIVIA,2025-08-04,2025-08-07,4,128.60,8.70,CPO,nan,Marinelinks Shipping,Emami Agrotech,05(09:58),03(06:06),05(09:58),10(09:58),"11,774",NA,02(11:20),nan,nan,nan,nan,nan,nan,Vessel neaped in all Night tides | Vessel neaped in all Night tides. Vessel called in Day tide on date,5,07/08/25 14:48,08/08/25 00:25,HOJ-I,09/08/25 14:54,09/08/25 20:20,BERTH-5,BERTH-4,08/08/25 02:06,
HAL12500684::EASTERLY AS OLIVIA,HAL12500684,EASTERLY AS OLIVIA,2025-08-03,2025-08-07,5,145.53,7.70,MEG,nan,Bothra Shipping Services,IVL Dhunseri Perochem Industries,06(11:52),07(04:24),07(04:24),NA,"9,548",NA,06(11:46),nan,nan,nan,nan,nan,nan,Priority may not be accorded,6,08/08/25 00:36,,4B,09/08/25 03:50,09/08/25 02:50,,,,
HAL12500733::HISUI,HAL12500733,HISUI,2025-08-05,2025-08-07,3,226.00,8.40,nan,PROPANE-(I)10132 BUTANE-(I)11057,ATLANTIC GLOBAL,IOCL,nan,nan,nan,nan,nan,nan,nan,06(15:06),07(10:27),07(10:27),31,IOPPL,HOJ-I/HOJ-II B-16(O)/17(O),"Ullage confirmation & Readiness Documents are awaited. | 1. Ullage confirmation & Readiness Documents are awaited. 2. As intimated from Terminal, the required ullage may be available on 8th August '2025.",HOJ-I,08/08/25 10:42,08/08/25 12:06,11,09/08/25 15:48,09/08/25 20:12,,,,
HAL12500694::HONG DA XIN 89,HAL12500694,HONG DA XIN 89,2025-07-30,2025-08-07,9,158.56,8.40,Container,nan,Far Shipping,Slot Charterers,05(16:26),06(16:36),06(16:36),NA,218 Boxes,367 TEUs,06(09:57),nan,nan,nan,nan,nan,nan,Only Import | Only Import. Vessel called in Day tide on date,11,07/08/25 11:45,07/08/25 12:30,13,08/08/25 03:30,08/08/25 04:30,,,,
HAL12500719::SANMAR SNEHA,HAL12500719,SANMAR SNEHA,2025-08-02,2025-08-07,6,200.00,7.20,nan,NAPHTHA-(I)-19943,INTEROCEAN SHIPPING,HPL,nan,nan,nan,nan,nan,nan,nan,05(08:30),04(22:44),05(08:30),HOJ-I=26 HOJ-II&III=20,HPL,HOJ-I/HOJ-II/HOJ-III B-16(O)/B-17(O)/B-18(O),Ullage confirmation & Readiness Documents are awaited.,HOJ-III,08/08/25 10:48,08/08/25 12:48,HOJ-III,09/08/25 06:06,09/08/25 08:00,,,,
HAL12500718::SHENG AN YANG,HAL12500718,SHENG AN YANG,2025-08-02,2025-08-07,6,225.00,8.28,Coking Coal,nan,Seatrans Shipmanagement,SAIL/ISPHL,BOT Berth,07(06:30),07(06:30),07(06:30),"33,000",NA,02(16:12),nan,nan,nan,nan,nan,nan,Reporting time as per Agent,4A,07/08/25 23:15,,4A,10/08/25 09:20,10/08/25 16:55,,,,
HAL12500738::TRIVENI (COASTAL),HAL12500738,TRIVENI (COASTAL),2025-08-05,2025-08-07,3,142.00,6.00,nan,LUBE-(E)-10500,ATLANTIC GLOBAL,IOCL,nan,nan,nan,nan,nan,nan,nan,01(20:00),04(16:29),04(16:29),48,IOCL,HOJ-I B-16(O),Vessel declared on 04(16:29). | 1. Vessel declared on 04(16:29). 2. Vessel called at B/16(O),,,,,,,,,,
HAL12500712::YANGZE 16,HAL12500712,YANGZE 16,2025-08-01,2025-08-07,7,229.00,8.36,Coking Coal,nan,TMILL,Tata Steel/MHC,04(10:58),07(01:00),07(01:00),07(01:00),"33,600",NA,04(16:37),nan,nan,nan,nan,nan,nan,Vessel called in Day tide on date,8,07/08/25 13:20,07/08/25 14:40,10,08/08/25 17:00,09/08/25 04:40,,,,
HAL12500703::AL DANAH,HAL12500703,AL DANAH,2025-07-31,2025-08-08,9,189.98,8.76,Manganese Ore,nan,Interocean Shipping,Various/MHC,02(11:22),03(08:24),03(08:24),03(08:24),"28,775",NA,01(14:22),nan,nan,nan,nan,nan,nan,"To Lighten 3,125 MT at Sagar | ToLighten3,125MTatSagar.ReportingtimeasperAgent.Vessel neaped at Sagar till 06th | To Lighten 3,125 MT at Sagar. Vessel neaped at Sagar till 06th | ToLighten3,125MTatSagar.VesselneapedatSagartill05th. Vessel called in Day tide on date at Sagar | ToLighten3,125MTatSagar.(BOB-825MT).Aftercompletionof lighterage opertaion expected draft would be 8.70 | Lightened3,125MTatSagar.F/WatSagaron07(12:45).Vesselcalled in Day tide on date",13,08/08/25 12:30,08/08/25 14:00,4,09/08/25 18:00,10/08/25 00:35,,,,
HAL12500752::CONTSHIP ANA II,HAL12500752,CONTSHIP ANA II,2025-08-08,2025-08-08,1,189.50,8.55,Container,nan,MSC Agency,Slot Charterers,07(17:08),ETA-08(11:00),NA,NA,205 Boxes,NA,NA,nan,nan,nan,nan,nan,nan,Vessel neaped in all Night tides,10,09/08/25 02:15,,13,09/08/25 18:45,10/08/25 02:50,,,,
HAL12500723::DANCEWOOD SW,HAL12500723,DANCEWOOD SW,2025-08-02,2025-08-08,7,170.70,8.00,"Semi Coke,Project Cargo & CR Coils",nan,Seahorse Ship Agencies,Various/TMILL,05(10:30),08(03:00),08(03:00),16(03:00),"15,300",NA,05(15:05),nan,nan,nan,nan,nan,nan,,12,09/08/25 03:42,,12,12/08/25 20:00,12/08/25 23:15,,,,
HAL12500737::DENSA SEA LION,HAL12500737,DENSA SEA LION,2025-08-05,2025-08-08,4,186.40,8.50,Lentils,nan,Wilhelmsen Port Services,Kribhco Agri Business & Maa International Agro,07(17:37),07(10:10),07(10:10),07(10:10),"19,859",NA,07(17:34),nan,nan,nan,nan,nan,nan,Vessel called in Day tide on date,5,08/08/25 14:10,09/08/25 00:50,HOJ-III,16/08/25 23:00,17/08/25 08:10,,,,
HAL12500730::MYRSINI,HAL12500730,MYRSINI,2025-08-05,2025-08-08,4,228.99,8.30,Coking Coal,nan,Gac Shipping,SAIL/MHC,Not Ready,ETA-08(09:00),NA,NA,"34,673",NA,06(13:21),nan,nan,nan,nan,nan,nan,,2,09/08/25 00:12,09/08/25 02:30,2,10/08/25 10:55,10/08/25 14:10,,,,
HAL12500726::SWARNA PUSHP (COASTAL),HAL12500726,SWARNA PUSHP (COASTAL),2025-08-02,2025-08-08,7,184.95,8.10,nan,REFORMATE-(I)-15000 MS-(I)-1000,ATLANTIC GLOBAL,IOCL,nan,nan,nan,nan,nan,nan,nan,03(05:36),05(12:08),05(12:08),48,IOCL,HOJ-I/HOJ-II B-16(O)/17(O),"1. Vessel neaped on 3rd August'2025. 2. Vessel declared on 01(12:10). | 1. Vessel neaped on 03rd August 2025. 2. Vessel declared on 01(12:10). 3. Vessel submitted readines documents on 01(12:10). However, readines documents withdrawn vide email dated 02(21:07) | 1. Vessel declared on 01(12:10). 2. Vessel submitted readines documents on 01(12:10). However, readines documents withdrawn vide email dated 02(21:07) | 1. Vessel declared on 01(12:10). 2. Vessel submitted readines documents on 01(12:10). However, readines documents withdrawn vide email dated 02(21:07) 3. Re-readines submitted vide email dated 05(12:08)",,,,,,,,,,
HAL12500728::JEN LR,HAL12500728,JEN LR,2025-08-05,2025-08-09,5,228.99,8.09,Coking Coal,nan,TMILL,SAIL/MHC,Not Ready,08(10:36),NA,NA,"33,000",NA,08(13:16),nan,nan,nan,nan,nan,nan,Vessel swapped from BOT Berth to Port Berth on 06(14:12) | VesselswappedfromBOTBerthtoPortBerthon06(14:12).Vessel called in Day tide on date,8,09/08/25 13:00,09/08/25 13:40,8,11/08/25 01:00,11/08/25 02:15,,,,
HAL12500717::MEGHNA PRIDE,HAL12500717,MEGHNA PRIDE,2025-08-04,2025-08-09,3,127.19,8.70,CPO,nan,Marinelinks Shipping,Emami Agrotech,08(10:45),06(00:30),08(10:45),13(10:45),"11,500",NA,02(11:05),nan,nan,nan,nan,nan,nan,Vessel neaped in all Night tides | Vessel neaped in all Night tides. Vessel called in Day tide on date,6,09/08/25 14:18,09/08/25 18:00,6,11/08/25 08:24,11/08/25 15:50,BERTH-6,BERTH-4B,11/08/25 11:30,
HAL12500690::TIGER EAST,HAL12500690,TIGER EAST,2025-07-30,2025-08-09,11,225.00,8.50,Raw Petroleum Coke,nan,Sea Chhathmaa Shipping,Petro Carbon & Chemicals/MHC,04(16:10),05(02:00),05(02:00),05(02:00),"22,017",NA,04(15:01),nan,nan,nan,nan,nan,nan,"To Lighten 6,400 MT at Sagar | To Lighten 6,400 MT at Sagar. Vessel neaped at Sagar till 06th | ToLighten6,400MTatSagar.VesselneapedatSagartill06th.Vessel arrived at Sagar on 07(08:48). After completion of lighterage opertaion expected draft would be 8.50 | VesselwasneapedatSagartill06th.VesselarrivedatSagaron 07(08:48).Lightening6,400MTatSagar(BOB-3,300forSagar).After completionoflighterageopertaionexpecteddraftwouldbe8.50as intimated by Agent | VesselwasneapedatSagartill06th.VesselarrivedatSagaron 07(08:48). Lightened 6,400 MT at Sagar. F/W at Sagar on 08(11:30).",13,10/08/25 01:06,10/08/25 02:15,13,11/08/25 03:50,11/08/25 06:25,,,,
HAL12500729::WEALTHY BAY,HAL12500729,WEALTHY BAY,2025-08-09,2025-08-09,1,124.00,8.70,CPO,nan,Marinelinks Shipping,Gokul Agro Resources,07(17:34),09(09:50),09(09:50),14(09:50),"12,000",NA,07(1:13),nan,nan,nan,nan,nan,nan,Vessel neaped in all Night tides. Reporting time as per Agent,7,10/08/25 14:00,10/08/25 18:00,7,12/08/25 14:54,12/08/25 16:15,,,,
HAL12500727::BW OAK,HAL12500727,BW OAK,2025-08-03,2025-08-10,8,225.48,8.50,nan,PROPANE-(I)11800 BUTANE-(I)11800,ATLANTIC GLOBAL,HPCL,nan,nan,nan,nan,nan,nan,nan,03(16:30),09(03:35),09(03:35),38,AEGIS,HOJ-I/HOJ-II B-16(O)/17(O),"Ullage confirmation & Readiness Documents are awaited. | 1. Ullage confirmation & Readiness Documents are awaited. 2. As intimated from Terminal, the required ullage may be available on 10th/11th August '2025. | Vessel called in Day tide on date at B/16(O)",HOJ-I,10/08/25 11:48,10/08/25 13:12,4B,11/08/25 19:00,11/08/25 21:12,,,,
HAL12500685::GREEN SARITA,HAL12500685,GREEN SARITA,2025-07-29,2025-08-10,13,225.27,8.40,nan,PROPANE-(I)-11175 BUTANE-(I)-11175,SAMSARA SHIPPING,BPCL,nan,nan,nan,nan,nan,nan,nan,29(18:12),09(06:48),09(06:48),36,BPCL,HOJ-III B-18(O),Ullage confirmation & Readiness Documents are awaited. | 1. Vessel neaped on 3rd August'2025. 2. Ullage confirmation & Readiness Documents are awaited. | 1. Vessel neaped on 03rd August 2025. 2. Ullage confirmation & Readiness Documents are awaited. | Vessel called in Day tide on date at B/18(O),HOJ-III,10/08/25 12:24,10/08/25 14:00,HOJ-I,11/08/25 19:48,11/08/25 22:42,,,,
HAL12500741::STAR AMBER,HAL12500741,STAR AMBER,2025-08-06,2025-08-10,5,229.00,8.06,Coking Coal,nan,J M Baxi & Co,SAIL/MHC,Not Ready,ETA-10(15:00),NA,NA,"33,000",NA,05(17:46),nan,nan,nan,nan,nan,nan,Vessel swapped from BOT Berth to Port Berth on 09(13:27),8,11/08/25 03:12,11/08/25 04:20,8,12/08/25 18:10,12/08/25 19:25,,,,
HAL12500750::WEI YE FU YUN,HAL12500750,WEI YE FU YUN,2025-08-07,2025-08-10,4,225.00,8.20,Coking Coal,nan,V Ocean Shipping,Jai Balaji Industries/MHC,07(16:51),09(07:06),09(07:06),09(07:06),"25,323",NA,08(07:39),nan,nan,nan,nan,nan,nan,Reporting time as per Agent | Vessel called in Day tide on date,2,10/08/25 16:00,10/08/25 17:25,HOJ-III,11/08/25 23:15,12/08/25 04:30,,,,
HAL12500721::HONG RUI,HAL12500721,HONG RUI,2025-08-02,2025-08-11,10,99.99,6.00,nan,BUTADIENE-(E) 3150,SAMUDRA MARINE,HPL,nan,nan,nan,nan,nan,nan,nan,04(14:48),08(14:01),10(14:01),21,HPL,HOJ-I B-16(O),Readiness Documents are awaited. | Ullage confirmation & Readiness Documents are awaited. | Revised Seniority at par with category 4 vessels. (Vessel waiting for more than 48 Hrs),HOJ-I,12/08/25 00:42,12/08/25 03:00,HOJ-I,12/08/25 19:54,12/08/25 21:55,,,,
HAL12500732::MRC LIVA,HAL12500732,MRC LIVA,2025-08-09,2025-08-11,2,183.31,8.10,CDSBO,nan,Interocean Shipping,AWL Agri Business,09(17:14),ETA-11(11:00),NA,NA,"22,000",NA,NA,nan,nan,nan,nan,nan,nan,Vessel was late for tide on 11(Day),4,12/08/25 03:24,12/08/25 05:45,4,13/08/25 22:54,14/08/25 10:15,,,,
HAL12500661::MSC CLEMENTINA F,HAL12500661,MSC CLEMENTINA F,2025-07-24,2025-08-11,19,147.80,7.50,Container,nan,MSC Agency,Slot Charterers,Ready,EX KDS-14th,NA,NA,Nil,NA,NA,nan,nan,nan,nan,nan,nan,Only Export,,,,,,,,,,
HAL12500743::PACIFIC PRIDE,HAL12500743,PACIFIC PRIDE,2025-08-11,2025-08-11,1,183.00,8.20,CDSBO,nan,Interocean Shipping,Various,10(12:55),11(00:36),11(00:36),16(00:36),"17,000",NA,NA,nan,nan,nan,nan,nan,nan,Vessel called in Day tide on date,6,11/08/25 15:00,11/08/25 18:24,6,13/08/25 02:48,13/08/25 18:10,,,,
HAL12500639::SSL SABARIMALAI,HAL12500639,SSL SABARIMALAI,2025-07-22,2025-08-11,21,143.15,7.30,Container,nan,Unifeeder Agencies,Slot Charterers,09(11:56),03(01:42),09(11:56),NA,409 Boxes,450 TEUs,NA,nan,nan,nan,nan,nan,nan,"Only Export | Reporting time as per Agent | ReportingtimeasperAgent.Vesselwascalledin10(Night)tidebut couldnotbesuppliedduetoMarineconstraint.However, Vessel called in Day tide on date",10,11/08/25 17:45,11/08/25 18:00,10,12/08/25 15:30,,BERTH-10,BERTH-4B,14/08/25 17:15,
HAL12500742::SSL THAMIRABARANI,HAL12500742,SSL THAMIRABARANI,2025-08-06,2025-08-11,6,142.70,8.20,Container,nan,Unifeeder Agencies,Slot Charterers,10(16:44),ETA-11(16:00),NA,NA,368 Boxes,461 TEUs,NA,nan,nan,nan,nan,nan,nan,Only Import,11,12/08/25 05:30,,11,13/08/25 02:15,13/08/25 04:00,,,,
HAL12500749::TRADER,HAL12500749,TRADER,2025-08-07,2025-08-11,5,166.15,7.50,Container,nan,MSC Agency,Slot Charterers,Not Ready,ETA-20th,NA,NA,Nil,NA,NA,nan,nan,nan,nan,nan,nan,,,,,,,,,,,
HAL12500753::BERGE NANTONG,HAL12500753,BERGE NANTONG,2025-08-08,2025-08-12,5,225.30,8.30,nan,PROPANE-(I)-11181 BUTANE-(I)-10860,INTEROCEAN SHIPPING,IOCL,nan,nan,nan,nan,nan,nan,nan,10(14:48),11(09:12),11(09:12),30,IOPPL,HOJ-I/HOJ-II B-16(O)/17(O),"Ullage confirmation & Readiness Documents are awaited. | 1. Ullage confirmation & Readiness Documents are awaited. 2. As intimated from Terminal, the required ullage may be available on 12th August '2025. | Vessel called at B/17(O)",HOJ-II,12/08/25 12:36,12/08/25 14:18,HOJ-II,13/08/25 17:48,14/08/25 10:48,,,,
HAL12500764::SANMAR SNEHA (COASTAL),HAL12500764,SANMAR SNEHA (COASTAL),2025-08-09,2025-08-12,4,200.00,7.80,nan,NAPTHA-(I) 18000,BEN LINE AGENCIES,HPL,nan,nan,nan,nan,nan,nan,nan,11(12:00),11(15:29),11(15:29),48,HPL,HOJ-II/HOJ-III B-17(O)/B-18(O),Ullage confirmation & Readiness Documents are awaited. | Vessel called at B/18(O),,,,,,,,,,
HAL12500738R::TRIVENI (COASTAL),HAL12500738R,TRIVENI (COASTAL),2025-08-09,2025-08-12,4,142.60,6.00,nan,LUBE-(E)-10500,ATLANTIC GLOBAL,IOCL,nan,nan,nan,nan,nan,nan,nan,01(20:00),04(16:29),04(16:29),48,IOCL,HOJ-I B-16(O),Vessel re-anchored at Sandheads on 08(16:54),,,,,,,,,,
HAL12500706::GALLOP,HAL12500706,GALLOP,2025-08-03,2025-08-13,11,180.15,7.50,Phosphoric Acid,nan,J M Baxi Marine Services,Indorama India,08(12:10),13(05:30),13(05:30),NA,"7,348",NA,11(15:58),nan,nan,nan,nan,nan,nan,Priority may not be accorded | Prioritymaynotbeaccorded.ReportingtimeasperAgent.Vessel called in Day tide on date,2,13/08/25 15:24,13/08/25 16:15,7,14/08/25 06:48,14/08/25 17:45,,,,
HAL12500769::KARADENIZ S,HAL12500769,KARADENIZ S,2025-08-10,2025-08-13,4,190.00,8.35,Limestone,nan,Seatrans Shipmanagement,SAIL/MHC,Not Ready,12(22:10),NA,NA,"27,000",NA,11(11:57),nan,nan,nan,nan,nan,nan,Vessel called in Day tide on date,,,,2,15/08/25 01:50,15/08/25 03:20,,,,
HAL12500761::STAR JEANNETTE,HAL12500761,STAR JEANNETTE,2025-08-09,2025-08-13,5,228.90,8.05,Coking Coal,nan,Gac Shipping,SAIL/ISPHL,BOT Berth,ETA-13(14:30),NA,NA,"33,000",NA,NA,nan,nan,nan,nan,nan,nan,,7,13/08/25 17:06,13/08/25 18:18,4A,16/08/25 09:55,16/08/25 11:25,,,,
HAL12500767::VISHVA VIKAS,HAL12500767,VISHVA VIKAS,2025-08-10,2025-08-13,4,190.00,8.25,Limestone,nan,Alap Carriers,Parag Vinimay/TMILL,11(12:00),13(10:00),13(10:00),17(10:00),"23,004",NA,12(11:00),nan,nan,nan,nan,nan,nan,,4A,14/08/25 02:36,14/08/25 03:30,9,15/08/25 12:20,15/08/25 19:50,,,,
HAL12500734::BAY SPIRIT,HAL12500734,BAY SPIRIT,2025-08-05,2025-08-14,9,119.62,8.40,nan,PARAXYLENE-(I) 9525,SAMUDRA MARINE,MCPI,nan,nan,nan,nan,nan,nan,nan,13(08:30),12(09:23),13(08:30),27,MCPI,HOJ-I & OT-II B-16(O)& OT-II,Ullage confirmation & Readiness Documents are awaited. | Vessel called at OT-II,TERMINAL,14/08/25 12:40,14/08/25 13:35,TERMINAL 2,15/08/25 09:00,15/08/25 11:12,,,,
HAL12500765::BRAVE OWL,HAL12500765,BRAVE OWL,2025-08-10,2025-08-14,5,179.90,8.80,Gypsum,nan,Seatrans Shipmanagement,Hongshi Shivam Cement/MHC,12(10:04),14(04:48),14(04:48),14(04:48),"27,040",NA,09(16:55),nan,nan,nan,nan,nan,nan,Reporting time as per Agent. Vessel called in Day tide on date,8,14/08/25 17:12,14/08/25 18:30,12,15/08/25 20:10,15/08/25 22:25,,,,
HAL12500736::FAIRWAY (COASTAL),HAL12500736,FAIRWAY (COASTAL),2025-08-05,2025-08-14,9,171.26,7.60,nan,MS-(I)-10000 NAPHTHA-(E)-7500 HSD-(E)-4100,ATLANTIC GLOBAL,IOCL,nan,nan,nan,nan,nan,nan,nan,03(22:48),13(08:55),13(08:55),60,IOCL,HOJ-I/HOJ-II B-16(O)/17(O),Ullage confirmation & Readiness Documents are awaited. | Vessel called at B/17(O),,,,,,,,,,
HAL12500755::GRAMPUS DIGNITY,HAL12500755,GRAMPUS DIGNITY,2025-08-08,2025-08-14,7,181.16,7.00,Equipment & Steel Cargo,nan,J M Baxi Marine Services,Various/TMILL,11(15:30),13(00:55),13(00:55),21(00:55),"15,757",NA,12(15:47),nan,nan,nan,nan,nan,nan,,7,15/08/25 03:10,,12,17/08/25 08:40,17/08/25 10:30,BERTH-7,BERTH-12,15/08/25 23:36,16/08/25 01:05
HAL12500740::YOUNG GLORY,HAL12500740,YOUNG GLORY,2025-08-06,2025-08-14,9,206.06,8.50,Manganese Ore,nan,Gac Shipping,Various/MHC,09(15:02),14(03:30),14(03:30),14(03:30),"31,000",NA,07(17:01),nan,nan,nan,nan,nan,nan,Vessel called in Day tide on date,13,14/08/25 15:10,14/08/25 16:30,8,16/08/25 00:05,16/08/25 00:55,,,,
HAL12500780::ARWEN GEMINI,HAL12500780,ARWEN GEMINI,2025-08-13,2025-08-15,3,229.00,8.20,PCI Coal,nan,Gac Shipping,SAIL/MHC,Not Ready,15(04:24),NA,NA,"33,000",NA,13(16:42),nan,nan,nan,nan,nan,nan,Vessel called in Day tide on date,2,15/08/25 16:24,15/08/25 17:30,HOJ-I,17/08/25 03:42,18/08/25 00:40,,,,
HAL12500777::FORTUNE (COASTAL),HAL12500777,FORTUNE (COASTAL),2025-08-14,2025-08-15,2,127.90,6.00,nan,LUBE-(E)-11000,ATLANTIC GLOBAL,IOCL,nan,nan,nan,nan,nan,nan,nan,09(09:54),12(12:35),12(12:35),48,IOCL,HOJ-I B-16(O),Vessel declared on 12(12:35). | 1. Vessel declared on 12(12:35). 2. Vessel called at B/16(O),,,,,,,,,,
HAL12500713::GAS LIBRA,HAL12500713,GAS LIBRA,2025-08-01,2025-08-15,14,230.00,8.60,nan,PROPANE-(I)-11800 BUTANE-(I)-10231,ATLANTIC GLOBAL,BPCL,nan,nan,nan,nan,nan,nan,nan,02(02:48),12(16:48),12(16:48),36,BPCL,HOJ-III B-18(O),Ullage confirmation & Readiness Documents are awaited. | 1. Vessel neaped till 4th August'2025. 2. Ullage confirmation & Readiness Documents are awaited. | 1. Vessel neaped till 04th August 2025. 2. Ullage confirmation & Readiness Documents are awaited. | Vessel called at B/18(O),HOJ-III,15/08/25 14:48,15/08/25 19:06,HOJ-II,16/08/25 18:00,17/08/25 00:36,,,,
HAL12500694R::HONG DA XIN 89,HAL12500694R,HONG DA XIN 89,2025-08-09,2025-08-15,7,158.56,5.30,Container,nan,Far Shipping,Slot Charterers,Ready,Ex KDS-14th,14(01:00),NA,321 Boxes,390 TEUs,NA,nan,nan,nan,nan,nan,nan,Only Export | Only Export. F/W at KDS on 14(01:00) | OnlyExport.F/WatKDSon14(01:00).ReportedatSandheadson 14(23:20). Vessel called in Day tide on date,,,,,,,,,,
HAL12500731::SITC ZHI,HAL12500731,SITC ZHI,2025-08-05,2025-08-15,11,171.90,8.90,Container,nan,Eastern Liner Shipping,Slot Charterers,13(13:58),15(06:00),15(06:00),NA,"1,236 Boxes","2,282 TEUs",12(16:27),nan,nan,nan,nan,nan,nan,Vessel neaped in all Night tides | VesselneapedinallNighttides.ReportingtimeasperAgent.Vessel called in Day tide on date,10,15/08/25 19:00,15/08/25 19:15,10,17/08/25 11:30,17/08/25 12:50,,,,
HAL12500773::ASIAN HONOR,HAL12500773,ASIAN HONOR,2025-08-12,2025-08-16,5,110.67,8.20,Wood Pulp,nan,Pharos Shipping & Overseas,Emami Paper Mills,13(11:41),ETA-16(11:30),NA,NA,"8,090",NA,13(16:31),nan,nan,nan,nan,nan,nan,,9,17/08/25 06:05,17/08/25 07:40,9,20/08/25 09:50,20/08/25 17:00,,,,
HAL12500724::MSC DIYA F,HAL12500724,MSC DIYA F,2025-08-03,2025-08-16,14,147.83,7.00,Container,nan,MSC Agency,Slot Charterers,12(15:38),EX KDS-15th,15(03:25),NA,242 Boxes,390 TEUs,15(13:02),nan,nan,nan,nan,nan,nan,Only Import | Only Export | F/WatKDSon15(03:25).ReportedatSandheadson16(01:00).Vessel called in Day tide on date,11,16/08/25 21:30,16/08/25 22:25,11,17/08/25 18:10,17/08/25 22:35,,,,
HAL12500793::ROSTRUM STOIC,HAL12500793,ROSTRUM STOIC,2025-08-15,2025-08-16,2,229.00,8.36,Coking Coal,nan,V Ocean Shipping,SAIL/ISPHL,BOT Berth,ETA-16(18:00),NA,NA,"33,000",NA,NA,nan,nan,nan,nan,nan,nan,,4A,17/08/25 05:30,,4A,19/08/25 09:40,19/08/25 16:10,,,,
HAL12500756::SEYCHELLES PIONEER,HAL12500756,SEYCHELLES PIONEER,2025-08-11,2025-08-16,5,184.96,8.60,CPO,nan,Seaport Services,Various,14(12:01),12(11:18),14(12:01),19(12:01),"20,000",NA,11(11:24),nan,nan,nan,nan,nan,nan,"PatanjaliFoodsLtddoesnotwanttoworkuponthevesselatOMB& B/18(O). Vessel neaped in all Night Tides | PatanjaliFoodsLtddoesnotwanttoworkuponthevesselatOMB & B/18(O). Vessel neaped in all Night Tides | PatanjaliFoodsLtddoesnotwanttoworkuponthevesselatOMB& B/18(O). Vessel neaped in all Night Tides. Vessel was called on 14(Night) tide. However, she could not be supplied due to non- reduction of draft. | PatanjaliFoodsLtddoesnotwanttoworkuponthevesselatOMB& B/18(O).VesselneapedinallNightTides.Vesselwascalledon 14(Night)tide.However,shecouldnotbesuppliedduetonon- reduction of draft. Vessel called in Day tide on date",4,16/08/25 17:00,16/08/25 20:36,4,19/08/25 06:24,19/08/25 10:50,,,,
HAL12500758::DOM EXPLORER,HAL12500758,DOM EXPLORER,2025-08-08,2025-08-17,9,229.98,8.40,nan,PROPANE-(I)-11974 BUTANE-(I)-10030,INTEROCEAN SHIPPING,IOCL,nan,nan,nan,nan,nan,nan,nan,10(00:42),16(09:56),15(09:05),30,IOPPL,HOJ-I/HOJ-II B-16(O)/17(O),"Ullage confirmation & Readiness Documents are awaited. | 1. As requested by IOCL, vessel seniority swapped with M.T. DORAJI GAS | 1. As requested by IOCL, vessel seniority swapped with M.T. DORAJI GAS. 2. Vessel called in AM tide on date at B/16(O)",HOJ-I,17/08/25 16:54,17/08/25 18:36,HOJ-I,18/08/25 22:18,19/08/25 04:18,,,,
HAL12500768::OCEAN SPRING,HAL12500768,OCEAN SPRING,2025-08-10,2025-08-17,8,179.99,6.35,Lentils,nan,Greym Marine,Louis Dreyfus Company,16(15:50),11(10:00),16(15:50),20(15:50),"10,269",NA,NA,nan,nan,nan,nan,nan,nan,,5,18/08/25 08:42,18/08/25 20:06,6,31/08/25 17:30,31/08/25 22:30,BERTH-5,BERTH-9,21/08/25 18:30,
HAL12500746::SOL STRIDE,HAL12500746,SOL STRIDE,2025-08-07,2025-08-17,11,149.60,8.30,Container,nan,Transworld Global Logistics,Slot Charterers,13(16:42),15(21:00),15(21:00),NA,111 Boxes,214 TEUs,13(17:17),nan,nan,nan,nan,nan,nan,Only Export | Only Import | Only Import. Vessel called in Day tide on date,10,17/08/25 19:15,17/08/25 19:30,10,17/08/25 22:40,18/08/25 08:15,,,,
HAL12500783::STAR NORITA,HAL12500783,STAR NORITA,2025-08-13,2025-08-17,5,189.99,8.40,Manganese Ore,nan,Gac Shipping,Various/MHC,14(17:21),ETA-17(22:00),NA,NA,"30,600",NA,16(11:29),nan,nan,nan,nan,nan,nan,,13,18/08/25 07:12,18/08/25 09:00,13,19/08/25 17:40,19/08/25 23:05,,,,
HAL12500763::STI DUCHESSA (COASTAL),HAL12500763,STI DUCHESSA (COASTAL),2025-08-09,2025-08-17,8,183.12,8.10,nan,HSD-(I)-14546 MS-(I)-2541,ATLANTIC GLOBAL,RELIANCE INDUSTRIES,nan,nan,nan,nan,nan,nan,nan,13(12:30),12(19:41),15(12:30),37,RELIANCE INDUSTRIES,HOJ-III B-18(O),Ullage confirmation & Readiness Documents are awaited. | 1. Revised Seniority at par with category 4 vessels. (Vessel waiting for more than 48 Hrs). 2. Vessel called in AM tide on date at B/18(O),,,,,,,,,,
HAL12500751::VARI TRADER,HAL12500751,VARI TRADER,2025-08-07,2025-08-17,11,145.53,7.30,Phosphoric Acid,nan,Samudra Marine Services,Indorama India,12(10:04),17(01:30),17(01:30),NA,"9,034",NA,11(10:52),nan,nan,nan,nan,nan,nan,Priority may not be accorded | Priority may not be accorded. Vessel called in Day tide on date,7,17/08/25 22:18,17/08/25 23:36,7,18/08/25 14:30,18/08/25 22:06,,,,
HAL12500779::WILLOWS (COASTAL),HAL12500779,WILLOWS (COASTAL),2025-08-14,2025-08-17,4,179.88,8.50,nan,HSD-(I)-12126 MS-(I)-5794,ATLANTIC GLOBAL,BPCL,nan,nan,nan,nan,nan,nan,nan,13(22:42),13(10:02),13(22:42),HOJ-I&II=24 HOJ-III=34,BPCL,HOJ-I/HOJ-II/HOJ-III B-16(O)/B-17(O)/B-18(O),Vessel called in AM tide on date at B/17(O),,,,,,,,,,
HAL12500762::YASA H MULLA,HAL12500762,YASA H MULLA,2025-08-09,2025-08-17,9,229.00,8.20,Pyroxenite,nan,TMILL,Tata Steel/TMILL,14(14:00),16(17:25),16(17:25),20(17:25),"34,960",NA,14(17:03),nan,nan,nan,nan,nan,nan,Vessel called in Day tide on date,12,17/08/25 20:30,17/08/25 23:00,12,19/08/25 18:55,19/08/25 20:40,,,,
HAL12500800::BEAGLE,HAL12500800,BEAGLE,2025-08-16,2025-08-18,3,228.99,8.30,PCI Coal,nan,Eveready Shipping,SAIL/ISPHL,BOT Berth,ETA-18(20:00),NA,NA,"33,000",NA,17(12:21),nan,nan,nan,nan,nan,nan,,2,19/08/25 09:24,19/08/25 15:00,4A,22/08/25 12:00,22/08/25 19:10,BERTH-2,BERTH-4A,19/08/25 18:36,19/08/25 19:00
HAL12500794::BOURBON (COASTAL),HAL12500794,BOURBON (COASTAL),2025-08-15,2025-08-18,4,183.20,8.60,nan,NAPHTHA-(I)-27000,ATLANTIC GLOBAL,HPL,nan,nan,nan,nan,nan,nan,nan,ETA-18(20:00),14(17:29),ETA-18(20:00),HOJ-I=34 HOJ-I&II=26,HPL,HOJ-I/HOJ-II/HOJ-III B-16(O)/B-17(O)/B-18(O),,,,,,,,,,,
HAL12500787::BW LOYALTY,HAL12500787,BW LOYALTY,2025-08-14,2025-08-18,5,226.00,8.30,nan,PROPANE-(I)-11250 BUTANE-(I)-11750,ATLANTIC GLOBAL,HPCL,nan,nan,nan,nan,nan,nan,nan,17(14:48),13(17:17),17(14:48),36,AEGIS,HOJ-II B-17(O),"Aegis MLA is damaged at HOJ-I, hense the vessel can only be accepted at HOJ-II. | Aegis MLA is damaged at HOJ-I, hence the vessel can only be accepted at HOJ-II. | 1. Aegis MLA is damaged at HOJ-I, hence the vessel can only be accepted at HOJ-II. 2. Vessel called at B/17(O)",HOJ-II,18/08/25 18:48,18/08/25 21:20,HOJ-II,20/08/25 02:00,20/08/25 05:10,,,,
HAL12500705::CHS COLOMBO,HAL12500705,CHS COLOMBO,2025-07-31,2025-08-18,19,150.73,6.30,Container,nan,MSC Agency,Slot Charterers,15(12:10),EX KDS-17th,16(21:40),NA,208 Boxes,252 TEUs,17(15:56),nan,nan,nan,nan,nan,nan,Only Export | F/W at KDS on 16(21:40) | F/WatKDSon16(21:40).ReportedatSandheadson18(01:24). Vessel called in Day tide on date,11,18/08/25 21:50,19/08/25 03:15,11,19/08/25 09:15,19/08/25 12:30,,,,
HAL12500775::GIORGAKIS,HAL12500775,GIORGAKIS,2025-08-13,2025-08-18,6,229.00,8.40,Coking Coal,nan,Bothra Shipping Services,Tata Steel/MHC,14(16:36),18(05:36),18(05:36),18(05:36),"32,297",NA,NA,nan,nan,nan,nan,nan,nan,Vessel called in Day tide on date,8,18/08/25 20:00,18/08/25 22:15,8,20/08/25 03:10,20/08/25 11:20,,,,
HAL12500798::GLOBAL THEMIS,HAL12500798,GLOBAL THEMIS,2025-08-17,2025-08-18,2,141.31,8.20,CPO,nan,Seaport Services,Various,Not Ready,18(08:20),NA,NA,"15,000",NA,16(22:08),nan,nan,nan,nan,nan,nan,Reporting time as per Agent,TERMINAL,19/08/25 08:06,19/08/25 11:25,TERMINAL 2,21/08/25 22:00,22/08/25 07:12,,,,
HAL12500778::JAG POOJA (COASTAL),HAL12500778,JAG POOJA (COASTAL),2025-08-14,2025-08-18,5,179.99,7.40,nan,REFORMATE-(I)-14000 MS-(I)-1000,J.M. BAXI MARINE,IOCL,nan,nan,nan,nan,nan,nan,nan,14(16:30),12(13:07),14(16:30),48,IOCL,HOJ-I/HOJ-II B-16(O)/17(O),"Vessel declared on 12(13:07). | 1. Vessel declared on 12(13:07). 2. As requested from Terminal (IOPPL), seniority swapped with M.T. PEBBLES vide email dated 16(11:38)",,,,,,,,,,
HAL12500781::NAN LIAN 006,HAL12500781,NAN LIAN 006,2025-08-14,2025-08-18,4,132.00,7.80,CPO,nan,Atlantic Global Shipping,Patanjali Foods & Kanpur Edibles,17(15:59),15(10:00),17(15:59),22(15:59),"10,000",NA,15(19:54),nan,nan,nan,nan,nan,nan,Prioritymaynotbeaccorded.PatanjaliFoodsLtddoesnotwantto work upon the vessel at OMB & B/18(O) | Prioritymaynotbeaccorded.PatanjaliFoodsLtddoesnotwantto work upon the vessel at OMB & B/18(O). Reporting time as per Agent | Prioritymaynotbeaccorded.PatanjaliFoodsLtddoesnotwantto workuponthevesselatOMB&B/18(O).Reportingtimeasper Agent | Prioritymaynotbeaccorded.PatanjaliFoodsLtddoesnotwantto work upon the vessel at OMB & B/18(O). Importer requested to take the vessel on 18(Day) tide. Vessel called in Day tide on date,6,18/08/25 23:24,,6,20/08/25 17:30,21/08/25 06:20,,,,
HAL12500745::DORAJI GAS,HAL12500745,DORAJI GAS,2025-08-07,2025-08-19,12,230.00,7.60,nan,PROPANE-(I)-11723 BUTANE-(I)-10800,ATLANTIC GLOBAL,IOCL,nan,nan,nan,nan,nan,nan,nan,08(11:40),19(06:31),19(06:31),31,IOPPL,HOJ-I/HOJ-II B-16(O)/17(O),"Ullage confirmation & Readiness Documents are awaited. | 1. Ullage confirmation & Readiness Documents are awaited. 2. As intimated from Terminal, the required ullage may be available on 16th August '2025. | 1. As requested by IOCL, vessel seniority swapped with M.T. DOM EXPLORER | 1. As requested by IOCL, vessel seniority swapped with M.T. DOM EXPLORER. 2. As requested from Terminal, they want to take the vessel 19th onwards. | 1. As requested by IOCL, vessel seniority swapped with M.T. DOM EXPLORER. 2. Vessel submitted readines documents on 15(09:05). However, readines documents withdrawn vide email dated 18(10:05) 3. As intimated from Terminal, the required ullage may be available on 20th August '2025. | 1. As requested by IOCL, vessel seniority swapped with M.T. DOM EXPLORER. 2. Vessel submitted readines documents on 15(09:05). However, readines documents withdrawn vide email dated 18(10:05) 3. Re-readines submitted vide email dated 19(06:31)",HOJ-II,20/08/25 09:20,20/08/25 11:00,HOJ-II,21/08/25 17:24,21/08/25 19:12,,,,
HAL12500766::GRACEFUL STAR,HAL12500766,GRACEFUL STAR,2025-08-10,2025-08-19,10,142.40,7.30,LAB,nan,Atlantic Global Shipping,AR Stamchem & Sai Sulphonates,18(10:29),19(02:00),19(02:00),NA,"5,565",NA,18(13:08),nan,nan,nan,nan,nan,nan,Priority may not be accorded | Priority may not be accorded. Vessel called in Night tide on date,7,19/08/25 20:48,,7,20/08/25 11:36,20/08/25 17:15,,,,
Yet to be declared::GUO YUAN 26,Yet to be declared,GUO YUAN 26,2025-08-18,2025-08-19,2,225.00,N/A,Coal,nan,TMILL,TATA,N/A,ETA-27.08.2025,N/A,N/A,"10,000",N/A,N/A,nan,nan,nan,nan,nan,nan,"Total Cargo: 43,000 MT. Balance cargo to be discharged inside dock.",,,,,,,,,,
HAL12500797::HAFNIA MIKALA,HAL12500797,HAFNIA MIKALA,2025-08-17,2025-08-19,3,183.20,8.30,CDSBO,nan,Interocean Shipping,Various,Not Ready,ETA-22(PM),NA,NA,"21,000",NA,NA,nan,nan,nan,nan,nan,nan,,6,23/08/25 14:00,23/08/25 17:42,6,25/08/25 12:00,25/08/25 20:40,,,,
HAL12500772::MTM NEWPORT,HAL12500772,MTM NEWPORT,2025-08-12,2025-08-19,5,179.53,8.20,CDSBO,nan,Interocean Shipping,Various,18(14:45),17(11:12),18(14:45),23(14:45),"13,500",NA,NA,nan,nan,nan,nan,nan,nan,Vessel called in Day tide on date,4,19/08/25 12:00,19/08/25 23:42,4,22/08/25 01:12,22/08/25 03:50,,,,
HAL12500790::STOLT SUISEN,HAL12500790,STOLT SUISEN,2025-08-14,2025-08-19,6,117.27,8.88,CPO,nan,J M Baxi Marine Services,Patanjali Foods,Not Ready,14(23:05),NA,NA,"10,346",NA,14(11:13),nan,nan,nan,nan,nan,nan,Prioritymaynotbeaccorded.PatanjaliFoodsLtddoesnotwantto workuponthevesselatOMB&B/18(O).VesselneapedinallNight tides | Prioritymaynotbeaccorded.PatanjaliFoodsLtddoesnotwantto workuponthevesselatOMB&B/18(O).VesselneapedinallNight tides. Vessel neaped on 17th & 18th,7,26/08/25 13:30,26/08/25 22:20,7,28/08/25 10:06,28/08/25 17:35,,,,
HAL12500792::XT DOLPHIN,HAL12500792,XT DOLPHIN,2025-08-17,2025-08-19,3,176.20,8.50,CDSBO,nan,Interocean Shipping,Gokul Agro Resources & Patanjali Foods,Not Ready,ETA-23(PM),NA,NA,"19,500",NA,NA,nan,nan,nan,nan,nan,nan,PatanjaliFoodsLtddoesnotwanttoworkuponthevesselatOMB & B/18(O),7,24/08/25 00:42,24/08/25 04:42,7,26/08/25 01:06,26/08/25 06:15,,,,
HAL12500774::CHANG AN 1,HAL12500774,CHANG AN 1,2025-08-14,2025-08-20,6,134.20,8.10,CPO,nan,Seaport Services,Emami Agrotech & C G Oil And Derivatives,18(15:44),16(07:30),18(15:44),23(15:44),"10,500",NA,15(21:49),nan,nan,nan,nan,nan,nan,Reporting time as per Agent | Vessel called in Night tide on date,HOJ-I,20/08/25 20:12,20/08/25 21:42,7,23/08/25 01:20,23/08/25 04:50,BERTH-7,BERTH-8,23/08/25 01:50,
HAL12500747::GAS VELA,HAL12500747,GAS VELA,2025-08-07,2025-08-20,13,230.00,8.40,nan,PROPANE-(I)-12538 BUTANE-(I)-12462,SEAWORLD SHIPPING,BPCL,nan,nan,nan,nan,nan,nan,nan,14(21:48),19(08:15),19(08:15),36,BPCL,HOJ-III B-18(O),Ullage confirmation & Readiness Documents are awaited.,HOJ-III,21/08/25 10:24,21/08/25 12:42,8,22/08/25 23:18,23/08/25 07:45,,,,
HAL12500744::MSC TIGER F,HAL12500744,MSC TIGER F,2025-08-07,2025-08-20,14,154.51,6.60,Container,nan,MSC Agency,Slot Charterers,18(17:14),ETA-20(11:00),NA,NA,304 Boxes,480 TEUs,19(13:51),nan,nan,nan,nan,nan,nan,Vessel called in Night tide on date,7,20/08/25 22:06,21/08/25 04:00,11,22/08/25 00:45,22/08/25 01:25,,,,
HAL12500782::PEBBLES (COASTAL),HAL12500782,PEBBLES (COASTAL),2025-08-14,2025-08-20,7,129.20,6.20,nan,LUBE-(E)-11000,ATLANTIC GLOBAL,IOCL,nan,nan,nan,nan,nan,nan,nan,11(21:18),12(14:22),16(11:38),48,IOCL,HOJ-I B-16(O),"Vessel declared on 12(14:22). | 1. Vessel declared on 12(14:22). 2. As requested from Terminal (IOPPL), seniority swapped with M.T. JAG POOJA vide email dated 16(11:38) | 1. Vessel declared on 12(14:22). 2. As requested from Terminal (IOPPL), seniority swapped with M.T. JAG POOJA vide email dated 16(11:38) 3. Vessel called at B/16(O)",,,,,,,,,,
HAL12500754::SITC RUIDE,HAL12500754,SITC RUIDE,2025-08-08,2025-08-20,13,171.90,8.80,Container,nan,Eastern Liner Shipping,Slot Charterers,16(12:13),19(22:00),19(22:00),NA,"1,138 Boxes","1,924 TEUs",18(12:00),nan,nan,nan,nan,nan,nan,Vessel neaped in all Night Tides | VesselneapedinallNightTides.Vesselcalledin Day tide on date,,,,10,22/08/25 05:50,22/08/25 07:20,,,,
HAL12500742R::SSL THAMIRABARANI,HAL12500742R,SSL THAMIRABARANI,2025-08-15,2025-08-20,6,142.70,5.70,Container,nan,Unifeeder Agencies India,Slot Charterers,Ready,EX KDS-19th,18(15:00),NA,201 Boxes,201 TEUs,NA,nan,nan,nan,nan,nan,nan,Only Export | Only Export. F/W at KDS on 18(15:00) | OnlyExport.F/WatKDSon18(15:00).Reported atSandheadson19(17:00).VesselcalledinDay tide on date,,,,,,,,,,
HAL12500805::ASTOMOS EARTH,HAL12500805,ASTOMOS EARTH,2025-08-19,2025-08-21,3,230.00,7.85,nan,PROPANE-(I)-12524 BUTANE-(I)-10963,ATLANTIC GLOBAL,HPCL,nan,nan,nan,nan,nan,nan,nan,20(16:48),20(10:10),20(16:48),38,AEGIS,HOJ-II B-17(O),"Ullage confirmation & Readiness Documents are awaited. | Aegis MLA is damaged at HOJ-I, hence the vessel can only be accepted at HOJ-II.",HOJ-II,22/08/25 10:48,22/08/25 12:18,HOJ-II,23/08/25 21:30,24/08/25 09:00,,,,
HAL12500784::DEE4 JUNIPER,HAL12500784,DEE4 JUNIPER,2025-08-14,2025-08-21,8,183.06,8.20,CDSBO,nan,Interocean Shipping,Various,19(21:26),14(20:42),19(21:26),24(21:26),"21,000",NA,18(12:23),nan,nan,nan,nan,nan,nan,Vessel called in Day tide on date,6,21/08/25 13:00,21/08/25 17:06,6,23/08/25 08:24,23/08/25 12:50,,,,
HAL12500816::MV CONTSHIP ANA II,HAL12500816,MV CONTSHIP ANA II,2025-08-21,2025-08-21,1,189.50,8.50,Container,nan,MSC Agency,Slot Charterers,Not Ready,ETA-26th,NA,NA,Nil,NA,NA,nan,nan,nan,nan,nan,nan,,,,,,,,,,,
HAL12500786::POMONE,HAL12500786,POMONE,2025-08-14,2025-08-21,8,229.00,8.50,Coking Coal & PCI Coal,nan,Ben Line Agencies,Tata Steel/MHC,16(15:17),20(17:00),20(17:00),20(17:00),"35,274",NA,16(11:16),nan,nan,nan,nan,nan,nan,Vesselwaslatefortideon20(Day).Vesselcalled in Night tide on date | Vesselwaslatefortideon20(Day)&20(Night). Vessel called in Day tide on date,2,21/08/25 10:42,21/08/25 12:00,2,23/08/25 00:30,23/08/25 03:10,,,,
HAL12500759::SOL FORTUNE,HAL12500759,SOL FORTUNE,2025-08-08,2025-08-21,14,149.60,8.50,Container,nan,Transworld Global Logistics,Slot Charterers,18(16:56),21(07:42),21(07:42),NA,163 Boxes,207 TEUs,19(12:19),nan,nan,nan,nan,nan,nan,Only Import | Only Import. Reporting time as per Agent. Vessel called in Night tide on date,11,22/08/25 02:35,22/08/25 02:50,11,22/08/25 10:10,22/08/25 12:30,,,,
HAL12500776::ASIAN LILAC,HAL12500776,ASIAN LILAC,2025-08-14,2025-08-22,9,127.68,7.95,nan,PARAXYLENE-(I) 9737,SAMUDRA MARINE,MCPI,nan,nan,nan,nan,nan,nan,nan,21(17:40),20(09:42),21(17:40),28,MCPI,HOJ-I & OT-II B-16(O)& OT-II,Ullage confirmation & Readiness Documents are awaited.,2,23/08/25 03:50,,2,24/08/25 01:10,24/08/25 02:00,,,,
HAL12500791::BU SIDRA,HAL12500791,BU SIDRA,2025-08-14,2025-08-22,9,225.28,8.50,nan,PROPANE-(I)-11981 BUTANE-(I)-11339,ATLANTIC GLOBAL,IOCL,nan,nan,nan,nan,nan,nan,nan,16(23:42),21(09:44),21(09:44),31,IOPPL,HOJ-I/HOJ-II B-16(O)/17(O),Ullage confirmation & Readiness Documents are awaited. | 1. Vessel neaped on 17th & 18th August'2025. 2. Ullage confirmation & Readiness Documents are awaited.,HOJ-I,23/08/25 11:30,23/08/25 13:24,HOJ-I,24/08/25 17:36,24/08/25 20:48,,,,
HAL12500809::DING HENG 30,HAL12500809,DING HENG 30,2025-08-20,2025-08-22,3,111.98,7.00,Acetic Acid,nan,Samudra Marine Services,MCPI & Goenka Chemical,Not Ready,ETA-22(13:30),NA,NA,"5,998",NA,20(14:43),nan,nan,nan,nan,nan,nan,Priority may not be accorded,7,23/08/25 03:00,23/08/25 04:30,7,23/08/25 16:30,23/08/25 18:40,,,,
HAL12500789::DS PANTHER,HAL12500789,DS PANTHER,2025-08-14,2025-08-22,9,128.60,7.88,nan,PARAXYLENE-(I)10454,SAMUDRA MARINE,MCPI,nan,nan,nan,nan,nan,nan,nan,21(18:00),20(09:43),21(18:00),29,MCPI,HOJ-I & OT-II B-16(O)& OT-II,Ullage confirmation & Readiness Documents are awaited.,TERMINAL,23/08/25 11:18,23/08/25 16:30,TERMINAL 2,24/08/25 13:42,25/08/25 08:36,,,,
HAL12500796::GUO HAI LIAN 98,HAL12500796,GUO HAI LIAN 98,2025-08-15,2025-08-22,8,189.99,8.25,Manganese Ore,nan,J M Baxi Marine Services,Various/MHC,18(15:52),22(06:18),22(06:18),22(06:18),"25,396",NA,19(10:59),nan,nan,nan,nan,nan,nan,"VesselwascalledinDaytideondate.However, vessel late for tide",13,23/08/25 00:18,23/08/25 01:55,13,24/08/25 02:50,24/08/25 05:50,,,,
HAL12500704::MSC MAKOTO II,HAL12500704,MSC MAKOTO II,2025-07-31,2025-08-22,23,175.49,8.60,Container,nan,MSC Agency,Slot Charterers,19(15:26),21(20:00),21(20:00),NA,525 Boxes,"1,091 TEUs",20(18:10),nan,nan,nan,nan,nan,nan,Vessel neaped in all Night Tides | VesselneapedinallNightTides.Reportingtime as per Agent | VesselneapedinallNightTides.Vesselcalledin Day tide on date,10,22/08/25 14:15,22/08/25 14:30,10,25/08/25 04:10,25/08/25 04:35,,,,
HAL12500810::OPTIMAX II,HAL12500810,OPTIMAX II,2025-08-20,2025-08-23,4,119.80,6.60,Project Cargo,nan,J M Baxi Marine Services,Air Water India & Coherent Mining/TMILL,Not Ready,ETA-24(06:00),NA,NA,557,NA,20(10:25),nan,nan,nan,nan,nan,nan,,12,25/08/25 01:24,25/08/25 03:45,12,26/08/25 05:30,26/08/25 07:30,,,,
HAL12500838::AL MANHAL,HAL12500838,AL MANHAL,2025-08-24,2025-08-24,1,169.37,5.85,Silico Manganese,nan,Benline Agencies,Various,Not Ready,23(21:00),NA,NA,"6,638",NA,NA,nan,nan,nan,nan,nan,nan,,5,25/08/25 00:12,25/08/25 03:15,5,28/08/25 08:20,28/08/25 21:30,,,,
HAL12500812::DAWN MADURAI (COASTAL),HAL12500812,DAWN MADURAI (COASTAL),2025-08-20,2025-08-24,5,183.26,8.20,nan,HSD-(E)-17000,ATLANTIC GLOBAL,IOCL,nan,nan,nan,nan,nan,nan,nan,19(12:06),19(16:16),19(16:16),32,IOCL,HOJ-I/HOJ-II B-16(O)/17(O),Vessel declared on 19(16:16). | 1. Vessel declared on 19(16:16). 2. Vessel called in Day tide on date at B/17(O),,,,,,,,,,
HAL12500804::SHINE PEARL,HAL12500804,SHINE PEARL,2025-08-19,2025-08-24,6,229.00,8.11,Coking Coal,nan,J M Baxi Marine Services,SAIL/ISPHL,BOT Berth,23(20:00),23(20:00),23(20:00),"33,000",NA,NA,nan,nan,nan,nan,nan,nan,Vessel called in Day tide on date,4A,24/08/25 14:24,24/08/25 15:15,4A,26/08/25 19:30,26/08/25 20:40,,,,
HAL12500770::TRADER,HAL12500770,TRADER,2025-08-12,2025-08-24,13,166.15,7.20,Container,nan,MSC Agency,Slot Charterers,Ready,EX KDS-23rd,22(11:55),NA,164 Boxes,300 TEUs,23(12:56),nan,nan,nan,nan,nan,nan,Only Export | Only Export.F/W at KDS on 22(11:55) | OnlyExport.F/WatKDSon22(11:55).Reported atSandheadson24(03:00).VesselcalledinDay tide on date,11,24/08/25 15:50,24/08/25 16:05,11,25/08/25 09:00,25/08/25 17:35,,,,
HAL12500757::ELEGANT SW,HAL12500757,ELEGANT SW,2025-08-08,2025-08-25,17,177.85,5.60,HR Coils,nan,Seatrans Shipmanagement,Hulas Steel Industries/TMILL,14(15:50),24(13:30),24(13:30),01(13:30),"5,020",NA,NA,nan,nan,nan,nan,nan,nan,,11,26/08/25 06:30,26/08/25 15:30,12,26/08/25 23:15,27/08/25 01:00,BERTH-11,BERTH-12,26/08/25 08:30,26/08/25 10:05
HAL12500785::GRAND HERMES,HAL12500785,GRAND HERMES,2025-08-13,2025-08-25,13,189.99,8.50,Manganese Ore,nan,Sakura Logistics,Various/MHC,21(15:07),22(17:00),22(17:00),22(17:00),"29,020",NA,19(13:26),nan,nan,nan,nan,nan,nan,"To lighten 5,900 MT at Sagar | Total Cargo: 34,920 MT. Balance cargo to be discharged inside dock. | Tolighten5,900MT atSagar.Vesselcalledin Day tide on date at Sagar | Lightening5,900MTatSagar.(BOB-3,100MT). After completion of lighterage opertaion expected draft would be 8.50 | Lightened5,900MTatSagar.F/WatSagaron 24(22:50).VesselcalledinDaytideondatebut could not supplied due to late completion at Sagar",13,26/08/25 03:42,26/08/25 05:00,13,27/08/25 10:25,27/08/25 15:35,,,,
HAL12500803::NGM LEGEND,HAL12500803,NGM LEGEND,2025-08-19,2025-08-25,7,229.00,8.30,Coking Coal,nan,TMILL,Tata Steel/MHC,21(10:21),ETA-25(15:00),NA,NA,"33,929",NA,NA,nan,nan,nan,nan,nan,nan,,2,26/08/25 02:10,26/08/25 03:30,2,28/08/25 06:20,28/08/25 08:30,,,,
HAL12500825::SSL THAMIRABARANI,HAL12500825,SSL THAMIRABARANI,2025-08-22,2025-08-25,4,142.70,8.30,Container,nan,Unifeeder Agencies India,Slot Charterers,23(14:57),25(02:00),25(02:00),NA,704 Boxes,850 TEUs,NA,nan,nan,nan,nan,nan,nan,Vessel was late for tide on 24(Night). Vessel called in Day tide on date,10,25/08/25 16:45,25/08/25 17:00,10,27/08/25 12:20,27/08/25 17:45,,,,
HAL12500824::XIN HAI TONG 803,HAL12500824,XIN HAI TONG 803,2025-08-22,2025-08-25,4,229.00,8.47,Steam Coal,nan,Seatrans Shipmanagement,SS Minmet/MHC,23(11:27),24(21:00),24(21:00),24(21:00),"30,000",NA,NA,nan,nan,nan,nan,nan,nan,Vessel called in Day tide on date,8,25/08/25 14:42,25/08/25 16:00,8,27/08/25 17:50,27/08/25 21:50,,,,
HAL12500821::YUYO,HAL12500821,YUYO,2025-08-22,2025-08-25,4,230.00,7.40,nan,PROPANE-(I)-7939 BUTANE-(I)-7782,ATLANTIC GLOBAL,IOCL,nan,nan,nan,nan,nan,nan,nan,20(22:24),24(07:04),24(07:04),27,IOPPL,HOJ-I/HOJ-II B-16(O)/17(O),Ullage confirmation & Readiness Documents are awaited. | Vessel called at B/16(O),HOJ-I,25/08/25 12:18,25/08/25 14:24,HOJ-I,26/08/25 14:48,26/08/25 21:36,,,,
HAL12500771::BW TYR,HAL12500771,BW TYR,2025-08-12,2025-08-26,14,225.46,8.60,nan,PROPANE-(I)-12350 BUTANE-(I)-12350,SAMSARA SHIPPING,BPCL,nan,nan,nan,nan,nan,nan,nan,10(07:42),25(07:30),25(07:30),36,BPCL,HOJ-III B-18(O),Ullage confirmation & Readiness Documents are awaited. | 1. Vessel neaped on 17th & 18th August'2025. 2. Ullage confirmation & Readiness Documents are awaited. | 1. Vessel neaped till 18th August'2025. 2. Ullage confirmation & Readiness Documents are awaited. | 1. Vessel was neaped till 18th August'2025. 2. Ullage confirmation & Readiness Documents are awaited. | Vessel called at B/18(O),HOJ-III,26/08/25 13:06,26/08/25 17:36,HOJ-III,27/08/25 20:00,27/08/25 22:24,,,,
HAL12500814::HARI AKASH (COASTAL),HAL12500814,HARI AKASH (COASTAL),2025-08-21,2025-08-26,6,117.27,5.90,nan,HSD-(E)-5790 MS-(E)-1500 ATF-(E)-1200,ATLANTIC GLOBAL,IOCL,nan,nan,nan,nan,nan,nan,nan,22(11:06),20(12:32),22(11:06),36,IOCL,HOJ-I B-16(O),Vessel declared on 20(12:32).,,,,,,,,,,
HAL12500817::MOTARO,HAL12500817,MOTARO,2025-08-21,2025-08-26,6,228.90,8.20,PCI Coal,nan,Seatrans Shipmanagement,SAIL/ISPHL,BOT Berth,25(22:24),25(22:24),25(22:24),"35,000",NA,24(21:15),nan,nan,nan,nan,nan,nan,Vessel called in Day tide on date,4A,26/08/25 21:36,27/08/25 02:36,4A,29/08/25 01:30,29/08/25 03:00,,,,
HAL12500802::NO 2 ASIAN PIONEER,HAL12500802,NO 2 ASIAN PIONEER,2025-08-17,2025-08-26,10,126.50,8.50,nan,PARAXYLENE-(I)10451,Wilhelmsen port Services,MCPI,nan,nan,nan,nan,nan,nan,nan,23(07:25),22(18:30),24(07:25),29,MCPI,HOJ-I & OT-II B-16(O)& OT-II,Ullage confirmation & Readiness Documents are awaited. | Revised Seniority at par with category 4 vessels. (Vessel waiting for more than 24 Hrs) | 1. Revised Seniority at par with category 4 vessels. (Vessel waiting for more than 24 Hrs) 2. Vessel called at OT-II,TERMINAL,26/08/25 13:00,26/08/25 14:30,TERMINAL 2,27/08/25 11:48,,OUTER,OIL JETTY -,28/08/25 11:50,28/08/25 14:30
HAL12500823::BOCHEM OSLO,HAL12500823,BOCHEM OSLO,2025-08-22,2025-08-27,3,170.17,8.30,Phosphoric Acid,nan,J M Baxi Marine Services,Indorama India,Not Ready,ETA-05th,NA,NA,"18,106",NA,NA,nan,nan,nan,nan,nan,nan,,7,08/09/25 02:36,08/09/25 05:18,7,09/09/25 13:30,09/09/25 15:35,,,,
HAL12500816::CONTSHIP ANA II,HAL12500816,CONTSHIP ANA II,2025-08-22,2025-08-27,6,189.50,8.20,Container,nan,MSC Agency,Slot Charterers,26(15:06),25(07:42),26(15:06),NA,490 Boxes,838 TEUs,26(11:11),nan,nan,nan,nan,nan,nan,NRA till 27(Day) Tide,10,28/08/25 03:10,28/08/25 03:25,,,,,,,
HAL12500815::GAS EXPLORER,HAL12500815,GAS EXPLORER,2025-08-21,2025-08-27,7,99.98,4.55,nan,BUTADIENE-(E)-3150,SAMUDRA MARINE,HPL,nan,nan,nan,nan,nan,nan,nan,24(14:12),23(10:15),26(14:12),21,HPL,HOJ-I B-16(O),Readiness Documents are awaited. | Revised Seniority at par with category 4 vessels. (Vessel waiting for more than 48 Hrs),HOJ-I,28/08/25 00:36,28/08/25 02:12,HOJ-I,28/08/25 18:30,28/08/25 21:48,,,,
HAL12500813::GREEN SHAKTI,HAL12500813,GREEN SHAKTI,2025-08-21,2025-08-27,7,225.28,8.50,nan,PROPANE-(I)-7568 BUTANE-(I)-14929,ATLANTIC GLOBAL,HPCL,nan,nan,nan,nan,nan,nan,nan,25(05:24),26(06:03),26(06:03),36,AEGIS,HOJ-II B-17(O),"Ullage confirmation & Readiness Documents are awaited. | Aegis MLA is damaged at HOJ-I, hence the vessel can only be accepted at HOJ-II. | 1. Aegis MLA is damaged at HOJ-I, hence the vessel can only be accepted at HOJ-II. 2. Vessel called at B/17(O)",HOJ-II,27/08/25 13:00,27/08/25 14:36,HOJ-II,28/08/25 17:30,,,,,
HAL12500832::JIN DE 5,HAL12500832,JIN DE 5,2025-08-23,2025-08-27,3,169.37,7.50,Steel Coils & Equipments,nan,J M Baxi Marine Services,Various/TMILL,Not Ready,ETA-04th,NA,NA,"9,870",NA,NA,nan,nan,nan,nan,nan,nan,,,,,4A,06/09/25 11:00,06/09/25 18:35,,,,
HAL12500802R::NO 2 ASIAN PIONEER,HAL12500802R,NO 2 ASIAN PIONEER,2025-08-21,2025-08-27,7,126.50,5.50,nan,MS-(E)-10200,SAMUDRA MARINE,HPL,nan,nan,nan,nan,nan,nan,nan,23(07:25),Not Ready,Not Ready,N/A,HPL,HOJ-I/HOJ-III B-16(O)/18(O),1. Readiness Documents are awaited. 2. NOR yet to be tendered. | 1. Ullage confirmation & Readiness Documents are awaited. 2. NOR yet to be tendered.,,,,,,,,,,
HAL12500801::THOR FAH,HAL12500801,THOR FAH,2025-08-17,2025-08-27,11,189.99,8.35,Manganese Ore,nan,J M Baxi Marine Services,Various/MHC,21(10:34),25(21:36),25(21:36),25(21:36),"27,000",NA,23(15:33),nan,nan,nan,nan,nan,nan,Vessel called in Day tide on date,13,27/08/25 16:24,27/08/25 17:40,13,28/08/25 17:40,28/08/25 19:55,,,,
HAL12500789R::DS PANTHER,HAL12500789R,DS PANTHER,2025-08-15,2025-08-28,14,128.60,6.80,nan,BENZENE-(E)-6300,J M. BAXI MARINE,HPL,nan,nan,nan,nan,nan,nan,nan,21(18:00),21(17:04),25(03:00),21,HPL,HOJ-I B-16(O),Readiness Documents are awaited. | Ullage confirmation & Readiness Documents are awaited. | NOR yet to be tendered. | 1. Vessel working at OT-II 2. NOR yet to be tendered. | NOR tendered-25(03:00),,,,,,,,,,
HAL12500839::ROYAL PERIDOT,HAL12500839,ROYAL PERIDOT,2025-08-24,2025-08-28,5,128.60,8.30,nan,PARAXYLENE- (I)10012.130,ISS SHIPPING,MCPI,nan,nan,nan,nan,nan,nan,nan,28(09:06),27(12:32),28(09:06),28,MCPI,HOJ-I & OT-II B-16(O)& OT-II,Ullage confirmation & Readiness Documents are awaited.,,,,,,,,,,
HAL12500830::CL TOMO,HAL12500830,CL TOMO,2025-08-23,2025-08-29,7,199.92,8.34,Manganese Ore,nan,Sea Chhathmaa Shipping,Various/MHC,Not Ready,ETA-31(02:30),NA,NA,"30,587",NA,NA,nan,nan,nan,nan,nan,nan,,13,31/08/25 16:00,31/08/25 17:50,13,02/09/25 01:30,02/09/25 07:30,,,,
HAL12500849::GAS ARCTURUS,HAL12500849,GAS ARCTURUS,2025-08-28,2025-08-29,2,230.00,8.10,nan,PROPANE-(I)-10877 BUTANE-(I)-10796,ATLANTIC GLOBAL,IOCL,nan,nan,nan,nan,nan,nan,nan,ETA-29(22:00),Not Ready,Not Ready,N/A,IOPPL,HOJ-I/HOJ-II B-16(O)/17(O),Ullage confirmation & Readiness Documents are awaited.,HOJ-II,31/08/25 14:36,31/08/25 16:36,HOJ-II,01/09/25 18:24,02/09/25 00:36,,,,
HAL12500843::HEMISPHERE,HAL12500843,HEMISPHERE,2025-08-26,2025-08-29,4,96.00,5.00,nan,BUTENE-1-(I)-1987,SAMUDRA MARINE,ADVANCED PERFORMANCE,nan,nan,nan,nan,nan,nan,nan,28(11:20),28(00:29),28(11:20),18,ADVANCED PERFORMANCE,HOJ-I B-16(O),Ullage confirmation & Readiness Documents are awaited.,,,,,,,,,,
HAL12500822::LORD HAMMOUR,HAL12500822,LORD HAMMOUR,2025-08-22,2025-08-29,8,170.00,8.56,Rock Phosphate,nan,Alap Carriers,Various/MHC,28(10:50),24(01:50),28(10:50),28(10:50),"21,677",NA,23(11:21),nan,nan,nan,nan,nan,nan,"To lighten 3,400 MT at Sagar | Tolighten3,400MT atSagar.Vesselcalledin Day tide on date at Sagar | Lightening3,400MTatSagar.(BOB-2,450MT). After completion of lighterage opertaion expected draft would be 8.56 | Lightening3,200MTatSagar.(BOB-700MT). After completion of lighterage opertaion expected draft would be 8.56 | Lightened3,200MTatSagar.F/WatSagaron 26(12:30).Vesselwascalledin27(Day)tidebut couldnotbesuppliedduetodisputebetween Owner'sandCharterer's.Vesselneapedinall Night Tides | Lightened3,200MTatSagar.F/WatSagaron 26(12:30). Vessel documentarily ready on 23(10:17).Vesselwascalledin27(Day)tidebut couldnotbesuppliedduetodisputebetween Owner'sandCharterer's.Vesselnotreadyfor cargo operation. Vessel neaped in all Night Tides | Lightened3,200MTatSagar.F/WatSagaron 26(12:30). Vessel documentarily ready on 23(10:17). Dispute between Owner's and Charterer's resolve on 28(10:50) by giving e- mailfromAgent.Vesselneaped inallNight Tides. Vessel called in Day tide on date",,,,13,31/08/25 13:00,31/08/25 17:00,BERTH-13,BERTH-12,31/08/25 14:30,
HAL12500799::NBA PROSPERITY,HAL12500799,NBA PROSPERITY,2025-08-15,2025-08-29,15,189.99,8.90,Manganese Ore,nan,James Mackintosh & Co,Various/MHC,Not Ready,29(07:00),NA,NA,"31,811",NA,25(21:12),nan,nan,nan,nan,nan,nan,"To lighten 7,700 MT at Sagar | To lighten 4,800 MT at Sagar | Tolighten4,800MTatSagar.Reportingtimeas perAgent.VesselcalledinDaytideondateat Sagar",8,31/08/25 17:42,31/08/25 19:00,8,02/09/25 03:30,02/09/25 13:10,,,,
HAL12500845::ORCHARD STAR,HAL12500845,ORCHARD STAR,2025-08-26,2025-08-29,4,158.56,8.10,Container,nan,Far Shipping,Slot Charterers,27(11:54),ETA-29(12:00),NA,NA,506 Boxes,725 TEUs,27(12:35),nan,nan,nan,nan,nan,nan,Only Import,,,,10,31/08/25 00:40,31/08/25 10:45,,,,
HAL12500818::SANMAR SHEHNAI (COASTAL),HAL12500818,SANMAR SHEHNAI (COASTAL),2025-08-21,2025-08-29,9,182.50,7.20,nan,HSD-(I)-13884 MS-(I)-3702,ATLANTIC GLOBAL,RELIANCE INDUSTRIES,nan,nan,nan,nan,nan,nan,nan,25(03:30),28(08:42),28(08:42),36,RELIANCE INDUSTRIES,HOJ-III B-18(O),Ullage confirmation & Readiness Documents are awaited.,,,,,,,,,,
HAL12500840::SANMAR SNEHA (COASTAL),HAL12500840,SANMAR SNEHA (COASTAL),2025-08-24,2025-08-29,6,200.00,8.40,nan,NAPHTHA-(I)27000,INTEROCEAN,HPL,nan,nan,nan,nan,nan,nan,nan,29(01:48),26(11:46),29(01:48),HOJ-I=34 HOJ-II&III=26,HPL,HOJ-I/HOJ-II/HOJ-III B-16(O)/B-17(O)/B-18(O),Ullage confirmation & Readiness Documents are awaited. | Vessel called at B/18(O),,,,,,,,,,
HAL12500858::VISHVA EKTA,HAL12500858,VISHVA EKTA,2025-08-29,2025-08-29,1,190.00,8.10,Limestone,nan,Seatrans Shipmanagement,SAIL/MHC,Not Ready,ETA-30(06:00),NA,NA,"27,000",NA,NA,nan,nan,nan,nan,nan,nan,,,,,9,01/09/25 01:00,01/09/25 04:10,,,,
HAL12500820::VISHVAKARMAA,HAL12500820,VISHVAKARMAA,2025-08-22,2025-08-29,8,225.28,8.30,nan,PROPANE-(I)-12114 BUTANE-(I)-11427,SEAWORLD SHIPPING,IOCL,nan,nan,nan,nan,nan,nan,nan,25(02:30),27(09:34),27(09:34),32,IOPPL,HOJ-I/HOJ-II B-16(O)/17(O),"Ullage confirmation & Readiness Documents are awaited. | 1. As intimated from Terminal, the required ullage may be available on 28th August '2025. 2. Ullage confirmation & Readiness Documents are awaited. | Vessel called at B/17(O)",,,,,,,,,,
HAL12500826::XIN HENG SHUN 17,HAL12500826,XIN HENG SHUN 17,2025-08-22,2025-08-29,8,115.34,7.20,nan,METHANOL-(I)-6051,SAMUDRA MARINE,ADVANCED PERFORMANCE,nan,nan,nan,nan,nan,nan,nan,26(06:20),25(19:14),26(06:20),43,ADVANCED PERFORMANCE,HOJ-I B-16(O),Ullage confirmation & Readiness Documents are awaited.,,,,HOJ-I,01/09/25 18:15,02/09/25 00:15,,,,
HAL12500865::FORTUNE (COASTAL),HAL12500865,FORTUNE (COASTAL),2025-09-01,2025-09-01,1,127.90,6.00,nan,LUBE OIL-(E)-7700,ATLANTIC GLOBAL,IOCL,nan,nan,nan,nan,nan,nan,nan,29(23:48),29(14:17),29(23:48),32,IOCL,HOJ-I B-16(O),Vessel declared on 29(14:17).,,,,,,,,,,
HAL12500806::JIA RUN,HAL12500806,JIA RUN,2025-08-19,2025-09-01,12,189.99,8.30,Manganese Ore,nan,Interocean Shipping,Various/MHC,25(16:04),30(14:24),30(14:24),30(14:24),"27,300",NA,26(17:22),nan,nan,nan,nan,nan,nan,"To lighten 2,000 MT at Sagar | Lightened2,000MTatSagar.F/WatSagaron 31(17:00). Vessel neaped on 01(Day) & 02(Day).VesselcalledinDaytideondatebut could not supplied due to non reduction of draft.",13,02/09/25 08:12,02/09/25 09:40,,,,,,,
HAL12500807::SITC SHUNDE,HAL12500807,SITC SHUNDE,2025-08-19,2025-09-01,12,171.90,8.40,Container,nan,Eastern Liner Shipping,Slot Charterers,29(14:02),01(08:00),01(08:00),NA,"1,115 Boxes","1,957 TEUs",29(17:47),nan,nan,nan,nan,nan,nan,ReportingtimeasperAgent.Vesselcalledin Day tide on date,10,01/09/25 18:45,01/09/25 19:00,,,,,,,
HAL12500828::SOL PROGRESS,HAL12500828,SOL PROGRESS,2025-08-23,2025-09-01,8,149.60,6.30,Container,nan,Transworld Global Logistics,Slot Charterers,Ready,EX KDS-31st,30(16:05),NA,126 Boxes,250 TEUs,30(17:31),nan,nan,nan,nan,nan,nan,Only Export | F/W at KDS on 30(16:05). Reported at Sandheads on 31(23:48).Only Export. Vessel called in Day tide on date,11,01/09/25 20:40,01/09/25 20:55,11,02/09/25 13:20,02/09/25 19:55,,,,
HAL12500857::YANGZE 15,HAL12500857,YANGZE 15,2025-09-01,2025-09-01,1,229.00,8.10,Coking Coal,nan,TMILL,Tata Steel/MHC,30(11:11),01(00:48),01(00:48),01(00:48),"28,328",NA,29(10:38),nan,nan,nan,nan,nan,nan,Vesselwaslatefortideon31(Night).Vessel called in Day tide on date,2,01/09/25 16:42,01/09/25 18:15,2,03/09/25 05:40,,,,,
HAL12500856::MANSAROVAR,HAL12500856,MANSAROVAR,2025-08-28,2025-09-02,4,226.00,8.10,nan,PROPANE-(I)-12069 BUTANE-(I)-10620,ATLANTIC GLOBAL,HPCL,nan,nan,nan,nan,nan,nan,nan,01(15:48),30(11:45),01(15:48),34,AEGIS,HOJ-II B/17(O),"Ullage confirmation & Readiness Documents are awaited. | Aegis MLA is damaged at HOJ-I, hence the vessel can only be accepted at HOJ- II. | 1. Aegis MLA is damaged at HOJ-I, hence the vessel can only be accepted at HOJ-II. 2. Vessel called at B/17(O)",,,,,,,,,,
HAL12500851::NAVIG8 MACALLISTER,HAL12500851,NAVIG8 MACALLISTER,2025-08-28,2025-09-02,4,228.60,8.10,nan,NAPHTHA-(I)28000,INTEROCEAN,HPL,nan,nan,nan,nan,nan,nan,nan,01(17:12),31(11:15),01(17:12),HOJ-I=35 HOJ-II&III=27,HPL,HOJ-I/HOJ-II/HOJ-III B-16(O)/B-17(O)/B-18(O),Ullage confirmation & Readiness Documents are awaited. | Vessel called at B/18(O),HOJ-III,02/09/25 18:12,02/09/25 20:18,,,,,,,
HAL12500874::RIPLEY PROGRESS,HAL12500874,RIPLEY PROGRESS,2025-09-01,2025-09-02,2,225.00,6.50,Thermal Coal,nan,Seatrans Shipmanagement,Andhra Pradesh Power Devlopment/Mechanical,01(19:03),02(07:30),02(07:30),02(07:30),"24,000",NA,NA,nan,nan,nan,nan,nan,nan,Coastal | Coastal.Reportingtime as perAgent. Vessel called in Day tide on date,4,02/09/25 20:50,02/09/25 23:55,4,04/09/25 19:30,05/09/25 02:10,,,,
HAL12500847::SSL THAMIRABARANI,HAL12500847,SSL THAMIRABARANI,2025-08-28,2025-09-02,4,142.70,8.30,Container,nan,Unifeeder Agencies,Slot Charterers,Not Ready,ETA-02(22:00),NA,NA,Nil,NA,31(17:10),nan,nan,nan,nan,nan,nan,Only Import,,,,,,,,,,
HAL12500871::TOMAHAWK,HAL12500871,TOMAHAWK,2025-09-01,2025-09-02,2,229.00,8.30,PCI Coal,nan,V Ocen Shipping,SAIL/MHC,Not Ready,02(07:00),NA,NA,"33,327",NA,NA,nan,nan,nan,nan,nan,nan,ReportingtimeasperAgent.Vesselcalledin Daytideondatebutcouldnotsupplieddueto non reduction of draft. | ReportingtimeasperAgent.VesselcalledinDay tideondatebutcouldnotsuppliedduetonon reduction of draft.,,,,2,04/09/25 23:30,05/09/25 03:20,,,,
HAL12500870::BW MISTRAL,HAL12500870,BW MISTRAL,2025-09-01,2025-09-03,3,226.00,8.10,nan,PROPANE-(I)-12090 BUTANE-(I)-11400,ATLANTIC GLOBAL,IOCL,nan,nan,nan,nan,nan,nan,nan,02(01:54),02(07:18),02(07:18),32,IOPPL,HOJ-I/HOJ-II B-16(O)/17(O),"1. As intimated from Terminal, the required ullage may be available on 3rd / 4th September '2025. 2. Ullage confirmation & Readiness Documents are awaited.",HOJ-I,04/09/25 09:06,04/09/25 11:06,HOJ-I,05/09/25 14:30,05/09/25 18:30,,,,
HAL12500841::CASDA,HAL12500841,CASDA,2025-08-26,2025-09-03,6,199.99,7.85,Manganese Ore,nan,Gac Shipping,Various/MHC,30(16:36),ETA-03(23:59),NA,NA,"27,500",NA,27(13:29),nan,nan,nan,nan,nan,nan,,13,04/09/25 11:24,04/09/25 13:00,13,05/09/25 15:15,05/09/25 18:00,,,,
HAL12500869::ENERGY PRIMAVERA,HAL12500869,ENERGY PRIMAVERA,2025-09-01,2025-09-03,3,228.99,8.05,Coking Coal,nan,TMILL,SAIL/ISPHL,BOT Berth,ETA-03(13:30),NA,NA,"33,000",NA,NA,nan,nan,nan,nan,nan,nan,Vessel called in Night tide on date,,,,4A,06/09/25 03:30,06/09/25 04:35,,,,
HAL12500837::LIBERTY ISLAND,HAL12500837,LIBERTY ISLAND,2025-08-24,2025-09-03,8,189.99,7.22,Manganese Ore,nan,Gac Shipping,Various/MHC,29(17:01),03(00:40),03(00:40),03(00:40),"23,250",NA,29(18:29),nan,nan,nan,nan,nan,nan,Vessel called in Day tide on date,,,,8,04/09/25 18:00,10/09/25 06:40,BERTH-8 | BERTH-4B,BERTH-4B | BERTH-2,05/09/25 00:10 | 08/09/25 17:00,08/09/25 20:10
HAL12500837R::LIBERTY ISLAND,HAL12500837R,LIBERTY ISLAND,2025-09-03,2025-09-03,1,189.99,7.60,Iron Ore Fines,nan,Gac Shipping,OCL Iron & Steel/MHC,Not Ready,ETA-06(AM),NA,NA,"24,000",NA,NA,nan,nan,nan,nan,nan,nan,,,,,,,,,,,
HAL12500868::MAC LONDON,HAL12500868,MAC LONDON,2025-09-01,2025-09-03,3,141.00,7.20,nan,PARAXYLENE-(I)9731,SAMUDRA MARINE,MCPI,nan,nan,nan,nan,nan,nan,nan,ETA-05th (AM),Not Ready,Not Ready,N/A,MCPI,HOJ-I & OT-II B-16(O)& OT-II,Ullage confirmation & Readiness Documents are awaited.,TERMINAL,06/09/25 07:12,06/09/25 10:54,2,07/09/25 18:45,08/09/25 07:48,,,,
HAL12500846::NANDA DEVI,HAL12500846,NANDA DEVI,2025-08-26,2025-09-03,7,227.00,8.20,nan,PROPANE-(I)-10552 BUTANE-(I)-9872,SAMSARA SHIPPING,BPCL,nan,nan,nan,nan,nan,nan,nan,01(17:42),29(09:42),01(17:42),36,BPCL,HOJ-III B-18(O),Ullage confirmation & Readiness Documents are awaited. | Vessel neaped on 2nd September'2025.,HOJ-III,04/09/25 09:30,04/09/25 11:12,HOJ-III,05/09/25 20:12,06/09/25 06:24,,,,
HAL12500866::NBA PROSPERITY,HAL12500866,NBA PROSPERITY,2025-09-01,2025-09-03,3,189.99,6.50,Iron Ore Fines,nan,Seatrans Shipmanagement,JMD Enterprises & Mariya Banijya/MHC,Not Ready,02(22:30),NA,NA,"25,167",NA,NA,nan,nan,nan,nan,nan,nan,,9,05/09/25 01:00,05/09/25 04:50,9,05/09/25 14:00,,BERTH-9,BERTH-13,05/09/25 19:54,05/09/25 21:45
HAL12500852::SANMAR SNEHA,HAL12500852,SANMAR SNEHA,2025-08-28,2025-09-03,5,200.00,8.10,nan,NAPHTHA-(I)25767,ATLANTIC GLOBAL,HPL,nan,nan,nan,nan,nan,nan,nan,01(18:00),31(11:39),01(18:00),HOJ-I=32 HOJ-II&III=25,HPL,HOJ-I/HOJ-II/HOJ-III B-16(O)/B-17(O)/B-18(O),Ullage confirmation & Readiness Documents are awaited. | Vessel neaped till 2nd September'2025.,HOJ-II,04/09/25 09:00,04/09/25 11:00,HOJ-II,05/09/25 09:24,05/09/25 18:06,,,,
HAL12500880::SANMAR SONNET (COASTAL),HAL12500880,SANMAR SONNET (COASTAL),2025-09-02,2025-09-03,2,240.99,7.90,nan,HSD-(I)-27048 MS-(I)-11951,ATLANTIC GLOBAL,BPCL,nan,nan,nan,nan,nan,nan,nan,02(00:36),01(12:19),02(00:36),46,BPCL,HOJ-II/HOJ-III B-17(O)/18(O),Vessel declared on 01(12:19).,,,,,,,,,,
HAL12500842::SITC ZHENGDE,HAL12500842,SITC ZHENGDE,2025-08-26,2025-09-03,7,171.90,8.50,Container,nan,Eastern Liner Shipping,Slot Charterers,02(12:17),ETA-04(14:00),NA,NA,938 Boxes,"1,668 TEUs",02(07:52),nan,nan,nan,nan,nan,nan,,10,04/09/25 22:35,04/09/25 22:50,HOJ-I,05/09/25 14:00,07/09/25 03:40,,,,
HAL12500826R::XIN HENG SHUN 17,HAL12500826R,XIN HENG SHUN 17,2025-08-26,2025-09-03,7,115.34,4.70,nan,MTBE-(E)-5500,SAMUDRA MARINE,ADVANCED PERFORMANCE,nan,nan,nan,nan,nan,nan,nan,26(06:20),01(11:16),02(07:00),19,ADVANCED PERFORMANCE,HOJ-I B-16(O),1. Readiness Documents are awaited. 2. NOR yet to be tendered. | 1. Vessel is presently working at B/16(O) 2. Readiness Documents are awaited. 3. NOR yet to be tendered. | NOR tendered-02(07:00),,,,,,,,,,
HAL12500872::LUCKY GLORY,HAL12500872,LUCKY GLORY,2025-09-02,2025-09-05,3,225.00,8.25,Hard Coal,nan,Seatrans Shipmanagement,Carbon Resources & Shah INC/MHC,03(14:32),05(01:50),05(01:50),05(01:50),"20,732",NA,04(15:40),nan,nan,nan,nan,nan,nan,Vessel called in Day tide on date,8,05/09/25 10:42,05/09/25 12:00,8,06/09/25 09:25,06/09/25 15:10,BERTH-8,BERTH-4A,06/09/25 12:25,
HAL12500883::ROSE III,HAL12500883,ROSE III,2025-09-02,2025-09-05,3,229.00,8.24,Steam Coal,nan,Alap Carriers,Mahesh Suppliers/MHC,03(14:37),05(02:55),05(02:55),05(02:55),"34,000",NA,04(10:50),nan,nan,nan,nan,nan,nan,Vessel called in Day tide on date,2,05/09/25 12:42,05/09/25 14:30,13,05/09/25 14:00,08/09/25 01:10,BERTH-2,BERTH-4A,06/09/25 23:30,
HAL12500831::BRITTA OLDENDORFF,HAL12500831,BRITTA OLDENDORFF,2025-08-23,2025-09-06,9,199.99,7.15,Manganese Ore,nan,Gac Shipping,Various/MHC,04(16:04),ETA-06(10:00),NA,NA,"19,000",NA,04(15:47),nan,nan,nan,nan,nan,nan,,12,06/09/25 23:00,07/09/25 01:00,2,06/09/25 20:20,08/09/25 03:20,,,,
HAL12500853::DESERT VICTORY,HAL12500853,DESERT VICTORY,2025-08-28,2025-09-06,5,193.07,8.04,Manganese Ore,nan,Eminence Shipping Agencies,Various/MHC,01(15:24),05(20:06),05(20:06),05(20:06),"26,015",NA,01(18:01),nan,nan,nan,nan,nan,nan,"VesselcalledinNighttideondate.However, vessel late for tide | Vessel was called in 05(Night) tide on date. However,vessellatefortide.Vesselcalledin Day tide on date",8,06/09/25 13:30,06/09/25 15:10,4A,08/09/25 02:30,08/09/25 17:40,,,,
HAL12500877::OCEANBEAUTY,HAL12500877,OCEANBEAUTY,2025-09-03,2025-09-06,3,189.99,7.52,MOP,nan,Interocean Shipping,Indorama India/TMILL,04(12:00),ETA-06(10:30),NA,NA,"22,200",NA,05(12:37),nan,nan,nan,nan,nan,nan,,,,,12,09/09/25 19:00,10/09/25 16:10,BERTH-12,BERTH-4B,09/09/25 11:00,09/09/25 14:10
HAL12500845R::ORCHARD STAR,HAL12500845R,ORCHARD STAR,2025-09-02,2025-09-06,4,158.56,5.60,Conttainer,nan,Far Shipping,Slot Charterers,Ready,EX KDS-05th,04(11:30),NA,380 Boxes,590 TEUs,05(13:27),nan,nan,nan,nan,nan,nan,Only Export | F/W at KDS on 04(11:30). Only Export | F/W at KDS on 04(11:30). Reported at Sandheads on 05(18:45).Only Export. Vessel called in Day tide on date,,,,,,,,,,
HAL12500876::BW TYR,HAL12500876,BW TYR,2025-09-02,2025-09-07,3,225.46,8.00,nan,PROPANE-(I)-10531 BUTANE-(I)-10468,SAMSARA SHIPPING,BPCL,nan,nan,nan,nan,nan,nan,nan,06(00:36),06(08:20),06(08:20),36,BPCL,HOJ-III B-18(O),Ullage confirmation & Readiness Documents are awaited.,HOJ-III,08/09/25 12:00,08/09/25 13:36,HOJ-III,09/09/25 17:12,09/09/25 20:54,,,,
HAL12500895::FAIRWAY (COASTAL),HAL12500895,FAIRWAY (COASTAL),2025-09-07,2025-09-07,1,171.26,8.50,nan,REFORMATE-(I)-12000 MS-(I)-5000,ATLANTIC GLOBAL,IOCL,nan,nan,nan,nan,nan,nan,nan,03(14:18),03(10:40),03(14:18),36,IOCL,HOJ-I/HOJ-II B-16(O)/17(O),1. Vessel declared on 03(10:40). 2. Vessel called in Day tide on date at B/16(O).,,,,,,,,,,
HAL12500864::GREEN SHAKTI,HAL12500864,GREEN SHAKTI,2025-09-01,2025-09-07,4,225.28,8.90,nan,PROPANE-(I)-11550 BUTANE-(I)-13000,ATLANTIC GLOBAL,HPCL,nan,nan,nan,nan,nan,nan,nan,01(21:00),06(10:21),06(10:21),38,AEGIS,HOJ-II B-17(O),"1. Vessel neaped till 5th September'2025. 2. Ullage confirmation & Readiness Documents are awaited. | Aegis MLA is damaged at HOJ-I, hence the vessel can only be accepted at HOJ- II.",HOJ-II,08/09/25 11:30,08/09/25 13:00,HOJ-II,10/09/25 00:10,10/09/25 09:20,,,,
HAL12500848::CHS COLOMBO,HAL12500848,CHS COLOMBO,2025-08-28,2025-09-08,9,150.73,8.20,Container,nan,MSC Agency,Slot Charterers,Ready,EX KDS-10th,NA,NA,Nil,NA,NA,nan,nan,nan,nan,nan,nan,"Only Export | OnlyExport.AsperAgent,thevoyageofthe vessel may be cancelled",,,,,,,,,,
HAL12500889::JIN XIANG,HAL12500889,JIN XIANG,2025-09-03,2025-09-08,5,199.98,8.60,Manganese Ore,nan,Gac Shipping,Various/MHC,06(12:59),07(20:20),07(20:20),07(20:20),"33,860",NA,06(16:19),nan,nan,nan,nan,nan,nan,Vessel neaped in all Night Tides | VesselneapedinallNightTides.Vesselcalled in Day tide on date,13,08/09/25 13:48,08/09/25 15:20,9,10/09/25 16:35,11/09/25 09:30,BERTH-13,BERTH-4B,10/09/25 22:05,
HAL12500915::SAPHIRA,HAL12500915,SAPHIRA,2025-09-07,2025-09-08,2,228.99,8.10,Coking Coal,nan,TMILL,SAIL/MHC,Not Ready,ETA-08(17:00),NA,NA,"33,000",NA,NA,nan,nan,nan,nan,nan,nan,,8,09/09/25 02:18,09/09/25 03:20,11,10/09/25 21:15,11/09/25 07:15,BERTH-8,BERTH-4A,10/09/25 23:30,
HAL12500861::SITC ZHI,HAL12500861,SITC ZHI,2025-08-29,2025-09-08,8,171.90,9.20,Container,nan,Eastern Liner Shipping,Slot Charterers,05(16:42),08(04:00),08(04:00),NA,966 Boxes,"1,660 TEUs",05(23:38),nan,nan,nan,nan,nan,nan,Vessel neaped in all Night Tides | VesselneapedinallNightTides.Vesselcalled in Day tide on date,10,08/09/25 15:55,08/09/25 16:10,10,10/09/25 01:10,10/09/25 04:00,,,,
HAL12500859::MEDI SYDNEY,HAL12500859,MEDI SYDNEY,2025-09-05,2025-09-09,5,228.99,8.50,Pyroxenite,nan,TMILL,Tata Steel/TMILL,29(12:00),08(11:24),08(11:24),12(11:24),"36,673",NA,08(12:42),nan,nan,nan,nan,nan,nan,Inside Dock,4A,09/09/25 07:42,09/09/25 16:00,4B,11/09/25 12:30,11/09/25 14:45,BERTH-4A,BERTH-12,09/09/25 13:00,
HAL12500862::SOL FORTUNE,HAL12500862,SOL FORTUNE,2025-08-29,2025-09-09,9,149.60,8.50,Container,nan,Transworld Global Logistics,Slot Charterers,05(16:22),ETA-09(14:00),NA,NA,214 Boxes,322 TEUs,06(13:02),nan,nan,nan,nan,nan,nan,Only Import,11,10/09/25 03:30,,5,09/09/25 21:00,11/09/25 20:10,,,,
HAL12500881::AMNSI MAXIMUS,HAL12500881,AMNSI MAXIMUS,2025-09-05,2025-09-10,6,229.00,8.50,Limestone,nan,Samsara Shipping,Tata Steel/MHC,08(10:06),09(20:42),09(20:42),09(20:42),"36,364",NA,04(12:29),nan,nan,nan,nan,nan,nan,VesselswappedfromTMILLBerthtoPortBerth on 08(09:57) | VesselswappedfromTMILLBerthtoPortBerth on 08(09:57). Vessel called in Day tide on date,2,10/09/25 14:48,10/09/25 16:00,HOJ-II,11/09/25 16:24,12/09/25 10:18,- I,BERTH-4,12/09/25 15:50,
HAL12500893::CL LUZHOU,HAL12500893,CL LUZHOU,2025-09-05,2025-09-10,6,199.90,7.60,Manganese Ore,nan,Everett (India),Shakambhari Ispat & Eloquent Steels/MHC,06(15:21),07(22:00),07(22:00),07(22:00),"20,000",NA,06(10:26),nan,nan,nan,nan,nan,nan,Vessel can work only B/14,,,,10,12/09/25 02:06,,,,,
HAL12500907::MARITIME JINGAN (COASTAL),HAL12500907,MARITIME JINGAN (COASTAL),2025-09-07,2025-09-10,4,180.00,7.50,nan,HSD-(I)-10554 MS-(I)-3681,ATLANTIC GLOBAL,RELIANCE INDUSTRIES,nan,nan,nan,nan,nan,nan,nan,06(13:24),09(10:57),09(10:57),35,RELIANCE INDUSTRIES,HOJ-III B-18(O),Ullage confirmation & Readiness Documents are awaited. | Vessel called at B/18(O),,,,,,,,,,
HAL12500873::SHAAMIT,HAL12500873,SHAAMIT,2025-09-01,2025-09-10,7,225.13,8.30,nan,PROPANE-(I)-11424 BUTANE-(I)-10754,INTEROCEAN,IOCL,nan,nan,nan,nan,nan,nan,nan,09(19:00),09(09:18),09(19:00),31,IOPPL,HOJ-I/HOJ-II B-16(O)/17(O),Ullage confirmation & Readiness Documents are awaited. | Vessel called at B/17(O),HOJ-II,10/09/25 12:24,10/09/25 14:30,4,12/09/25 02:06,12/09/25 10:12,,,,
HAL12500847R::SSL THAMIRABARANI,HAL12500847R,SSL THAMIRABARANI,2025-09-06,2025-09-10,5,142.70,5.80,Container,nan,Unifeeder Agencies,Slot Charterers,Ready,EX KDS-09th,08(08:40),NA,321 Boxes,500 TEUs,NA,nan,nan,nan,nan,nan,nan,Only Export | Only Export. F/W at KDS on 08(08:40) | OnlyExport.F/WatKDSon08(08:40).ETAat Sandheads on 09(17:30) | Only Export. F/W at KDS on 08(08:40). Reported at Sandheads on 09(19:36). Vessel called in Day tide on date,,,,,,,,,,
HAL12500918::STAR MARIA,HAL12500918,STAR MARIA,2025-09-09,2025-09-10,2,228.99,8.3,PCI Coal,nan,V Ocean Shipping,SAIL/MHC,Not Ready,ETA-10(10:00),NA,NA,"35,900",NA,NA,nan,nan,nan,nan,nan,nan,,13,11/09/25 03:06,11/09/25 04:50,2,12/09/25 12:05,12/09/25 19:45,,,,
HAL12500890::SUNNY QUEEN,HAL12500890,SUNNY QUEEN,2025-09-03,2025-09-10,5,100.00,5.60,nan,BENZENE-(E)-6300,SAMUDRA MARINE,HPL,nan,nan,nan,nan,nan,nan,nan,09(18:30),09(09:40),09(18:30),21,HPL,HOJ-I B-16(O),Readiness Documents are awaited. | Ullage confirmation & Readiness Documents are awaited. | Vessel called at B/16(O),HOJ-I,10/09/25 11:50,10/09/25 13:12,13,11/09/25 06:54,11/09/25 09:30,,,,
HAL12500833::BLPL FAITH,HAL12500833,BLPL FAITH,2025-08-24,2025-09-11,16,140.00,6.50,Container,nan,Transworld Global Logistics,Slot Charterers,Ready,EX KDS-13th,NA,NA,Nil,NA,NA,nan,nan,nan,nan,nan,nan,"Only Export | OnlyExport.AsperAgent,thevoyageofthe vessel may be cancelled",,,,,,,,,,
HAL12500920::GAS NOUVEAU CRYSTAL,HAL12500920,GAS NOUVEAU CRYSTAL,2025-09-09,2025-09-11,3,230.00,8.60,nan,PROPANE-(I)-9400 BUTANE-(I)-9992,ATLANTIC GLOBAL,IOCL,nan,nan,nan,nan,nan,nan,nan,09(17:30),10(10:51),10(10:51),26,IOPPL,HOJ-I/HOJ-II B-16(O)/17(O),Ullage confirmation & Readiness Documents are awaited. | Vessel called at B/16(O),HOJ-I,11/09/25 13:42,11/09/25 17:06,11,13/09/25 00:30,13/09/25 23:15,OIL JETTY,OIL JETTY -,12/09/25 12:42,12/09/25 15:12
HAL12500899::MSC DIYA F,HAL12500899,MSC DIYA F,2025-09-05,2025-09-11,7,147.83,7.90,Container,nan,MSC Agency,Slot Charterers,Not Ready,ETA-11(15:00),NA,NA,Nil,NA,09(18:23),nan,nan,nan,nan,nan,nan,Only Import,11,12/09/25 06:15,12/09/25 06:30,4,12/09/25 19:40,12/09/25 22:20,,,,
HAL12500836::MSC TIGER F,HAL12500836,MSC TIGER F,2025-08-24,2025-09-11,16,154.51,7.50,Container,nan,MSC Agency,Slot Charterers,10(16:02),ETA-11(14:00),NA,NA,405 Boxes,650 TEUs,08(13:17),nan,nan,nan,nan,nan,nan,,10,12/09/25 08:00,12/09/25 08:25,10,13/09/25 14:45,13/09/25 19:45,,,,
HAL12500919::PAN BICORN,HAL12500919,PAN BICORN,2025-09-09,2025-09-11,3,228.99,7.9,Coking Coal,nan,Gac Shipping,SAIL/ISPHL,BOT Berth,ETA-11(18:00),NA,NA,"33,000",NA,NA,nan,nan,nan,nan,nan,nan,,4A,12/09/25 03:41,12/09/25 04:30,13,14/09/25 05:30,14/09/25 11:30,,,,
HAL12500834::ZUNAIRAH ZARISHA 3,HAL12500834,ZUNAIRAH ZARISHA 3,2025-08-24,2025-09-11,16,82.98,4.50,Container,nan,Everett (India),Slot Charterers,Not Ready,EX KDS-14th,NA,NA,Nil,NA,NA,nan,nan,nan,nan,nan,nan,"AsperAgent,thevoyageofthevesselmaybe cancelled",,,,,,,,,,
HAL12500906::G PUTUO,HAL12500906,G PUTUO,2025-09-05,2025-09-12,8,189.99,8.25,Manganese Ore,nan,James Mackintosh & Co,Various/MHC,09(15:54),09(21:12),09(21:12),09(21:12),"27,329",NA,06(14:36),nan,nan,nan,nan,nan,nan,"To lighten 5,500 MT at Sagar | Tolighten5,500MTatSagar.Vesselcalledin Day tide on date at Sagar | Lightening5,500MTatSagar.(BOB-3,000MT). After completion of lighterage opertaion expected draft would be 8.20 | Lightened5,500MTatSagar.[F/W-11(20:00)]. Vessel called in Day tide on date",13,12/09/25 14:54,12/09/25 16:15,HOJ-III,14/09/25 02:50,14/09/25 07:00,BERTH-13,BERTH-4B,14/09/25 00:45,
HAL12500878::GOLDEN ROSE,HAL12500878,GOLDEN ROSE,2025-09-06,2025-09-12,7,229.00,8.03,Steam Coal,nan,Alap Carriers,Shyam Steel Manufacturing/MHC,10(11:42),10(23:30),10(23:30),10(23:30),"33,000",NA,10(11:44),nan,nan,nan,nan,nan,nan,Vessel called in Day tide on date,2,12/09/25 16:36,12/09/25 17:50,HOJ-II,13/09/25 20:18,14/09/25 05:15,,,,
HAL12500875::GREEN SARITA,HAL12500875,GREEN SARITA,2025-09-02,2025-09-12,8,225.27,8.50,nan,PROPANE-(I)-11522 BUTANE-(I)-11461,SAMSARA SHIPPING,BPCL,nan,nan,nan,nan,nan,nan,nan,05(22:00),10(10:54),10(10:54),36,BPCL,HOJ-III B-18(O),Ullage confirmation & Readiness Documents are awaited. | Vessel called at B/18(O),HOJ-III,12/09/25 13:48,12/09/25 15:30,HOJ-I,13/09/25 15:12,13/09/25 23:24,,,,
HAL12500934::JAG AMAIRA,HAL12500934,JAG AMAIRA,2025-09-11,2025-09-12,2,229.00,8.10,Coking Coal,nan,J M Baxi Marine Services,SAIL/MHC,Not Ready,ETA-12(10:00),NA,NA,"33,000",NA,11(10:14),nan,nan,nan,nan,nan,nan,,8,13/09/25 03:48,13/09/25 04:30,5,14/09/25 16:00,15/09/25 03:50,BERTH-8,BERTH-4A,14/09/25 17:10,
HAL12500903::LOSONE TOPIC,HAL12500903,LOSONE TOPIC,2025-09-06,2025-09-12,7,189.93,7.05,Manganese Ore,nan,Bharat Marine Services,Various/MHC,10(16:55),11(10:00),11(10:00),11(10:00),"23,250",NA,10(20:54),nan,nan,nan,nan,nan,nan,Reporting time as per Agent | Vessel called in Day tide on date,9,12/09/25 18:35,12/09/25 22:50,9,15/09/25 10:00,15/09/25 20:45,,,,
HAL12500909::SEASHINE,HAL12500909,SEASHINE,2025-09-07,2025-09-12,6,179.87,7.80,nan,AMMONIA-(I)-8500,INTEROCEAN,INDORAMA INDIA,nan,nan,nan,nan,nan,nan,nan,11(10:54),08(19:30),11(10:54),22,INDORAMA INDIA,HOJ-1 B-16(O),Ullage confirmation & Readiness Documents are awaited. | Vessel called at B/16(O),HOJ-I,12/09/25 13:48,12/09/25 15:30,HOJ-I,13/09/25 08:00,13/09/25 11:06,,,,
HAL12500819::ZUNAIRAH ZARISHA 4,HAL12500819,ZUNAIRAH ZARISHA 4,2025-08-22,2025-09-12,19,82.98,4.40,Container,nan,Everett (India),Slot Charterers,Ready,11(20:45),11(20:45),NA,57 Boxes,NA,NA,nan,nan,nan,nan,nan,nan,Only Export | Only Export.,11,13/09/25 07:45,13/09/25 08:00,11,13/09/25 20:35,13/09/25 21:00,,,,
HAL12500922::GCL LAZARO,HAL12500922,GCL LAZARO,2025-09-11,2025-09-13,3,228.90,8.30,Limestone & Pyroxenite,nan,Samsara Shipping,Tata Steel/TMILL,10(14:00),13(02:18),13(02:18),17(02:18),"31,024",NA,12(11:21),nan,nan,nan,nan,nan,nan,Vessel called in Day tide on date,12,13/09/25 15:18,13/09/25 16:50,12,15/09/25 11:00,15/09/25 12:25,,,,
HAL 12500942::JI ZHE 6,HAL 12500942,JI ZHE 6,2025-09-12,2025-09-13,2,140.00,7.45,Container,nan,JAK Maritime & Logistics,Slot Charterers,Not Ready,12(01:30),NA,NA,Nil,NA,12(13:55),nan,nan,nan,nan,nan,nan,No update from Agent | Only Import. Vessel called in Day tide on date,,,,,,,,,,
HAL12500917::OCEANIC ETHER,HAL12500917,OCEANIC ETHER,2025-09-09,2025-09-13,5,99.90,5.05,nan,BUTADIENE-(E)-3150,SAMUDRA MARINE,HPL,nan,nan,nan,nan,nan,nan,nan,09(10:00),10(17:15),10(17:15),20,HPL,HOJ-I B-16(O),Readiness Documents are awaited. | Payment confirmation is awaited. | Vessel called at B/16(O),HOJ-I,13/09/25 13:30,13/09/25 15:36,TERMINAL 2,14/09/25 10:00,14/09/25 11:55,,,,
HAL12500931::PROPEL WISDOM,HAL12500931,PROPEL WISDOM,2025-09-11,2025-09-13,3,199.98,7.80,Limestone,nan,Seatrans Shipmanagement,SAIL/MHC,12(16:58),13(01:42),13(01:42),13(01:42),"27,000",NA,11(17:51),nan,nan,nan,nan,nan,nan,,2,14/09/25 05:54,,2,15/09/25 17:00,15/09/25 19:10,,,,
HAL12500916::SKIATHOS,HAL12500916,SKIATHOS,2025-09-09,2025-09-13,5,229.00,8.20,Lam Coke,nan,Eveready Shipping Agencies & Logistic,Orissa Alloy Steel & Rashmi Cement &India Coke & Power/MHC,12(10:54),11(17:36),12(10:54),12(10:54),"29,050",NA,12(12:42),nan,nan,nan,nan,nan,nan,,13,14/09/25 04:12,14/09/25 05:45,12,16/09/25 09:15,16/09/25 10:55,,,,
HAL12500850::MSC MAKOTO II,HAL12500850,MSC MAKOTO II,2025-08-28,2025-09-14,15,175.49,8.60,Container,nan,MSC Agency,Slot Charterers,11(13:54),11(19:18),11(19:18),NA,871 Boxes,1263 TEUs,09(14:53),nan,nan,nan,nan,nan,nan,"Vessel neaped in all Night Tides | VesselneapedinallNightTides.Vesselcalled in Day tide on date | Vessel neaped in all Night Tides. Vesselwas calledin13(Day)tidebutcouldnotsupplied due to Marine constraint. However, Vessel called in Day tide on date",10,14/09/25 21:00,14/09/25 21:15,11,17/09/25 17:29,17/09/25 17:45,,,,
HAL12500932::OCEAN GAS,HAL12500932,OCEAN GAS,2025-09-11,2025-09-14,4,225.28,8.30,nan,PROPANE-(I)-11200 BUTANE-(I)-9800,ATLANTIC GLOBAL,IOCL,nan,nan,nan,nan,nan,nan,nan,10(10:06),13(09:36),13(09:36),28,IOPPL,HOJ-I/HOJ-II B-16(O)/17(O),Ullage confirmation & Readiness Documents are awaited. | Vessel called in Day tide on date at B/17(O),HOJ-II,14/09/25 15:06,14/09/25 16:54,HOJ-II,15/09/25 19:36,16/09/25 01:42,,,,
HAL12500937::PROSPER (COASTAL),HAL12500937,PROSPER (COASTAL),2025-09-11,2025-09-14,4,126.60,6.20,nan,LUBE OIL-(E)10000,ATLANTIC GLOBAL,IOCL,nan,nan,nan,nan,nan,nan,nan,10(10:30),11(09:52),11(09:52),48,IOCL,HOJ-I B-16(O),Vessel declared on 11(09:52). | 1. Vessel declared on 11(09:52). 2. Vessel called in Day tide on date at B/16(O),,,,,,,,,,
HAL12500926::VISHVA VIJAY,HAL12500926,VISHVA VIJAY,2025-09-11,2025-09-14,4,229.00,8.30,Steam Coal,nan,Seatrans Shipmanagement,SS Minmet/MHC,11(16:42),12(12:12),12(12:12),12(12:12),"35,000",NA,12(22:53),nan,nan,nan,nan,nan,nan,Vessel called in Day tide on date,8,14/09/25 19:36,14/09/25 21:00,11,16/09/25 08:15,16/09/25 23:50,BERTH-8,BERTH-4,16/09/25 12:15,
HAL12500902::NICOLAUS SCHULTE,HAL12500902,NICOLAUS SCHULTE,2025-09-10,2025-09-15,6,229.00,7.80,Coking Coal,nan,TMILL,Tata Steel/MHC,10(10:48),13(07:36),13(07:36),13(07:36),"31,596",NA,11(11:43),nan,nan,nan,nan,nan,nan,Reporting time as per Agent | Vessel called in Day tide on date,2,15/09/25 20:30,15/09/25 21:55,8,17/09/25 04:45,17/09/25 10:10,,,,
HAL12500891::SOL PIONEER,HAL12500891,SOL PIONEER,2025-09-03,2025-09-15,12,149.60,6.40,Container,nan,Transworld Global Logistics,Slot Charterers,Ready,EX KDS-14th,14(01:40),NA,92 Boxes,174 TEUs,13(14:02),nan,nan,nan,nan,nan,nan,"Only Export | Only Export. F/W at KDS on 14(01:40). As requested from Agent, the subject vessel Seniority swapped with M.V. SOL STRIDE | Only Export. F/W at KDS on 14(01:40). As requested from Agent, the subject vessel Seniority swapped with M.V. SOL STRIDE. ReportedatSandheadson14(22:48).Vessel called in Day tide on date",11,15/09/25 19:00,15/09/25 19:15,11,16/09/25 05:40,16/09/25 09:10,BERTH-11,BERTH-12,16/09/25 05:50,
HAL12500938::SOL STRIDE,HAL12500938,SOL STRIDE,2025-09-12,2025-09-15,4,149.60,6.40,Container,nan,Transworld Global Logistics,Slot Charterers,Ready,EX KDS-14th,13(06:05),NA,77 Boxes,142 TEUs,13(14:02),nan,nan,nan,nan,nan,nan,"Only Export | Only Export. F/W at KDS on 13(06:05). As requested from Agent, the subject vessel Seniority swapped with M.V. SOL PIONEER | Only Export. F/W at KDS on 13(06:05). As requested from Agent, the subject vessel Seniority swapped with M.V. SOL PIONEER. Reported at Sandheads on 14(23:54)",11,16/09/25 07:00,16/09/25 09:00,5,16/09/25 17:30,16/09/25 20:40,,,,
HAL12500929::VASSOS,HAL12500929,VASSOS,2025-09-12,2025-09-15,4,229.00,8.30,Steam Coal,nan,Seatrans Shipmanagement,Narsingh Merchantile/MHC,13(10:38),13(17:54),13(17:54),13(17:54),"35,000",NA,12(23:55),nan,nan,nan,nan,nan,nan,,12,16/09/25 10:20,16/09/25 19:42,10,18/09/25 00:10,18/09/25 01:00,BERTH-12,BERTH-13,16/09/25 11:24,16/09/25 12:35
HAL12500940::AMALIA,HAL12500940,AMALIA,2025-09-12,2025-09-16,5,228.65,8.30,nan,NAPHTHA-(I)-28275,BEN LINE AGENCIES,HPL,nan,nan,nan,nan,nan,nan,nan,15(19:48),13(10:04),15(19:48),HOJ-I=38 HOJ-II&III=29,HPL,HOJ-I/HOJ-II/HOJ-III B-16(O)/17(O)/18(O),Ullage confirmation & Readiness Documents are awaited. | Vessel neaped till 16th September'2025.,HOJ-III,20/09/25 11:00,20/09/25 13:24,HOJ-III,21/09/25 12:36,21/09/25 19:24,,,,
HAL12500904::AQUAVITA EVOLUTION,HAL12500904,AQUAVITA EVOLUTION,2025-09-13,2025-09-16,4,229.00,8.30,Coking Coal,nan,Beline Agencies,Tata Steel/MHC,13(10:30),14(15:15),14(15:15),14(15:15),"32,259",NA,11(16:58),nan,nan,nan,nan,nan,nan,Vessel called in Day tide on date,HOJ-III,16/09/25 18:18,16/09/25 23:40,8,18/09/25 12:15,18/09/25 17:15,,,,
HAL12500927::CNC RICH,HAL12500927,CNC RICH,2025-09-11,2025-09-16,6,123.17,8.00,nan,PARAXYLENE-(I)9770,SAMUDRA MARINE,MCPI,nan,nan,nan,nan,nan,nan,nan,ETA-19(09:30),Not Ready,Not Ready,N/A,MCPI,HOJ-I & OT-II B-16(O)& OT-II,Ullage confirmation & Readiness Documents are awaited.,TERMINAL,20/09/25 10:30,20/09/25 13:42,TERMINAL 2,21/09/25 11:30,22/09/25 07:48,,,,
HAL12500945::CORONET (COASTAL),HAL12500945,CORONET (COASTAL),2025-09-12,2025-09-16,5,183.22,7.40,nan,MS-(I)-11000 HSD-(E)-15000,ATLANTIC GLOBAL,IOCL,nan,nan,nan,nan,nan,nan,nan,11(09:48),11(16:16),11(16:16),56,IOCL,HOJ-I / HOJ-II B-16(O)/17(O),Vessel declared on 11(16:16).,,,,,,,,,,
HAL12500959::COURAGE,HAL12500959,COURAGE,2025-09-15,2025-09-16,2,183.37,7.80,nan,NAPHTHA-(E)-15000,ATLANTIC GLOBAL,IOCL,nan,nan,nan,nan,nan,nan,nan,13(14:36),15(10:18),15(10:18),40,IOCL,HOJ-I/HOJ-II B-16(O)/17(O),Vessel declared on 15(10:18).,HOJ-I,19/09/25 09:06,19/09/25 11:00,4B,21/09/25 03:48,20/09/25 20:06,,,,
HAL12500895R::FAIRWAY (COASTAL),HAL12500895R,FAIRWAY (COASTAL),2025-09-12,2025-09-16,5,171.26,7.00,nan,MS-(E)-1500 HSD-(E)-9800 ATF-(E)-1000,ATLANTIC GLOBAL,IOCL,nan,nan,nan,nan,nan,nan,nan,09(15:30),11(11:08),11(11:08),36,IOCL,HOJ-I B-16(O),Vessel declared on 11(11:08). | 1. Vessel called at B/16(O) 2. Vessel declared on 11(11:08).,,,,,,,,,,
HAL12500921::FIRST LION,HAL12500921,FIRST LION,2025-09-10,2025-09-16,7,126.50,5.00,nan,MS-(E)-10500,SAMUDRA MARINE,HPL,nan,nan,nan,nan,nan,nan,nan,ETA-16(16:00),14(10:19),ETA-16(16:00),29,HPL,HOJ-I / HOJ-III B-16(O)/18(O),Readiness Documents are awaited.,HOJ-I,18/09/25 08:12,18/09/25 10:00,HOJ-I,19/09/25 04:00,19/09/25 06:12,,,,
HAL12500951::GLOBE POLARIS,HAL12500951,GLOBE POLARIS,2025-09-13,2025-09-16,4,228.59,8.40,nan,PROPANE-(I)-11500 BUTANE-(I)-11500,ATLANTIC GLOBAL,HPCL,nan,nan,nan,nan,nan,nan,nan,15(13:30),13(09:50),15(13:30),HOJ-I=38 HOJ-II=34,AEGIS,HOJ-I/HOJ-II B-16(O)/17(O),Vessel neaped on 15th & 16th September'2025. | Vessel neaped on 15th & 16th September 2025. | Vessel neaped till 16th September 2025.,HOJ-II,17/09/25 08:24,17/09/25 10:18,HOJ-II,18/09/25 16:12,18/09/25 17:36,,,,
HAL12500935::GREEN SARITA,HAL12500935,GREEN SARITA,2025-09-11,2025-09-16,6,226.27,8.50,nan,PROPANE-(I)-10800 BUTANE-(I)-10700,SAMSARA SHIPPING,BPCL,nan,nan,nan,nan,nan,nan,nan,15(18:48),15(12:18),15(18:48),36,BPCL,HOJ-III B-18(O),Ullage confirmation & Readiness Documents are awaited. | 1. Vessel neaped till 16th September'2025. 2. Ullage confirmation & Readiness Documents are awaited.,HOJ-III,18/09/25 08:54,18/09/25 11:30,HOJ-III,19/09/25 16:00,19/09/25 18:36,,,,
HAL12500941::HISUI,HAL12500941,HISUI,2025-09-12,2025-09-16,5,226.00,8.30,nan,PROPANE-(I)-9902 BUTANE-(I)-10901,ATLANTIC GLOBAL,IOCL,nan,nan,nan,nan,nan,nan,nan,14(05:36),16(09:25),16(09:25),30,IOPPL,HOJ-I/HOJ-II B-16(O)/17(O),"Ullage confirmation & Readiness Documents are awaited. | 1. As intimated from Terminal, the required ullage may be available on 17th/18th September '2025. 2. Ullage confirmation & Readiness Documents are awaited.",HOJ-II,19/09/25 09:36,19/09/25 11:00,7,20/09/25 13:00,21/09/25 07:45,,,,
HAL12500946::SANMAR SNEHA,HAL12500946,SANMAR SNEHA,2025-09-12,2025-09-16,5,200.00,8.30,nan,NAPHTHA-(I)-25000,ATLANTIC GLOBAL,HPL,nan,nan,nan,nan,nan,nan,nan,15(21:24),13(10:03),15(21:24),HOJ-I=31 HOJ-II&III=25,HPL,HOJ-I/HOJ-II/HOJ-III B-16(O)/17(O)/18(O),Ullage confirmation & Readiness Documents are awaited. | Vessel called at B/18(O),,,,13,18/09/25 03:00,18/09/25 03:50,,,,
HAL12500939::VELSHEDA,HAL12500939,VELSHEDA,2025-09-13,2025-09-16,4,228.99,8.30,Coking Coal,nan,TMILL,Tata Steel/MHC,15(09:38),15(19:54),15(19:54),15(19:54),"31,840",NA,13(11:34),nan,nan,nan,nan,nan,nan,,2,17/09/25 11:00,17/09/25 12:30,2,18/09/25 18:25,18/09/25 22:45,,,,
HAL12500894::ZUNAIRAH ZARISHA 3,HAL12500894,ZUNAIRAH ZARISHA 3,2025-09-03,2025-09-16,13,82.98,4.50,Container,nan,Everett (India),Slot Charterers,Ready,EX KDS-15th,NA,NA,38 Boxes,55 TEUs,14(12:17),nan,nan,nan,nan,nan,nan,Only Export | Only Export. F/W at KDS on 14(20:20) | Only Export. F/W at KDS on 14(20:20). Vessel called in Day tide on date,8,16/09/25 20:18,17/09/25 01:30,,,,,,,
HAL12500914::STRIGGLA,HAL12500914,STRIGGLA,2025-09-07,2025-09-17,7,225.00,8.50,Metallurgical Coke,nan,Liberty Highrise,Narsingh Ispat/MHC,10(16:46),13(20:00),13(20:00),13(20:00),"33,850",NA,12(08:02),nan,nan,nan,nan,nan,nan,"To lighten 3,400 MT at Sagar | To lighten 2,150 MT at Sagar | Lightening2,150MTatSagar.C/WatSagaron 14(08:55) | Lightened2,150MTatSagar.F/WatSagaron 14(15:30).Vesselneapedon15(Day)&16(Day) Tides",13,18/09/25 10:06,18/09/25 14:30,13,20/09/25 10:45,20/09/25 17:10,,,,
HAL12500910::LUCKY JOY,HAL12500910,LUCKY JOY,2025-09-13,2025-09-18,6,225.00,7.82,Pci Coal,nan,GAC Shipping,Shyam Sel And Power/MHC,13(16:53),15(23:48),15(23:48),15(23:48),"32,000",NA,12(16:19),nan,nan,nan,nan,nan,nan,Vessel called in Night tide on date,8,18/09/25 22:10,18/09/25 23:30,8,20/09/25 14:00,20/09/25 15:25,,,,
HAL12500954::SSL SABARIMALAI,HAL12500954,SSL SABARIMALAI,2025-09-14,2025-09-18,5,143.15,8.10,Container,nan,Unifeeder Agencies,Slot Charterers,16(15:28),17(18:06),17(18:06),NA,496 Boxes,550 TEUs,15(15:28),nan,nan,nan,nan,nan,nan,Vessel called in Day tide on date,10,18/09/25 12:15,18/09/25 12:30,10,19/09/25 18:00,20/09/25 02:05,,,,
HAL12500964::VISHVA UDAY,HAL12500964,VISHVA UDAY,2025-09-16,2025-09-18,3,229.00,8.00,Coking Coal,nan,The Shipping Corporation,SAIL/MHC,Not Ready,17(07:42),NA,NA,"33,000",NA,16(07:48),nan,nan,nan,nan,nan,nan,Reporting time as per Agent | Vessel called in Night tide on date,2,18/09/25 23:42,19/09/25 01:00,2,20/09/25 15:00,20/09/25 19:15,BERTH-2,BERTH-4B,20/09/25 12:45,20/09/25 17:00
HAL12500952::GLORY V,HAL12500952,GLORY V,2025-09-14,2025-09-19,5,225.00,7.80,Coking Coal & Sample Cargo,nan,Spartans Marine Servives,SAIL & Sarasch Carbon Natural/ISPHL,BOT Berth,18(19:18),18(19:18),18(19:18),"32,354",NA,18(10:57),nan,nan,nan,nan,nan,nan,Vessel called in Day tide on date,4A,19/09/25 10:42,19/09/25 11:40,4A,21/09/25 17:50,21/09/25 19:30,,,,
HAL12500928::ORCHARD STAR,HAL12500928,ORCHARD STAR,2025-09-11,2025-09-19,9,158.56,7.60,Container,nan,Far Shipping,Slot Charterers,17(15:34),18(18:06),18(18:06),NA,312 Boxes,416 TEUs,17(13:37),nan,nan,nan,nan,nan,nan,Only Import | Only Import. Vessel called in Night tide on date | Only Import. Vessel was late for tide on 18(Night). Vessel called in Day tide on date,11,19/09/25 14:30,19/09/25 14:45,11,20/09/25 01:35,20/09/25 04:20,,,,
HAL12500912::SITC RUIDE,HAL12500912,SITC RUIDE,2025-09-07,2025-09-19,13,171.90,8.50,Container,nan,Eastern Liner Shipping,Slot Charterers,16(18:22),18(22:50),18(22:50),NA,"1,255 Boxes","2,106 TEUs",16(13:42),nan,nan,nan,nan,nan,nan,Vessel called in Night tide on date,10,20/09/25 04:00,,10,22/09/25 18:05,22/09/25 19:50,,,,
HAL12500970::DORIC KATANA,HAL12500970,DORIC KATANA,2025-09-17,2025-09-20,4,228.99,8.35,Coking Coal,nan,Infinity Shipping,SAIL/MHC,19(14:55),19(03:54),19(03:54),19(03:54),"33,000",NA,19(13:08),nan,nan,nan,nan,nan,nan,Vessel swapped from BOT Berth to Port Berth | VesselswappedfromBOTBerthtoPortBerthon 17th | VesselswappedfromBOTBerthtoPortBerth on 17th. Vessel called in Day tide on date | VesselswappedfromBOTBerthtoPortBerthon 17th. Vessel called in Day tide on date,2,20/09/25 13:56,20/09/25 17:45,2,21/09/25 22:35,22/09/25 01:15,,,,
HAL12500863::ESCADA,HAL12500863,ESCADA,2025-08-29,2025-09-20,20,154.00,7.15,Container,nan,Samsara Shipping,Slot Charterers,Ready,EX Diamond Harbour-19th,18(21:00),NA,449 Boxes,800 TEUs,19(09:44),nan,nan,nan,nan,nan,nan,F/W at KDS on 10(09:25) | F/W at KDS on 10(09:25). | F/WatDiamondHarbouron18(21:00)&sailed from Diamond harbour for Haldia on 19(05:55). | F/WatDiamondHarbouron18(21:00)&sailed fromDiamondharbourforHaldia on19(05:55). Reported at Sandheads on 19(15:00). Vessel called in Day tide on date,11,20/09/25 16:45,21/09/25 02:25,11,21/09/25 13:20,21/09/25 15:05,,,,
HAL12500993::MSC RION,HAL12500993,MSC RION,2025-09-20,2025-09-20,1,184.10,8.50,Container,nan,Msc Agency,Slot Charterers,Not Ready,ETA-26th,NA,NA,04 Boxes,NA,NA,nan,nan,nan,nan,nan,nan,,,,,,,,,,,
HAL12500924::PANORAMA,HAL12500924,PANORAMA,2025-09-13,2025-09-20,8,229.02,7.85,Steam Coal,nan,Eveready Shipping Agencies & Logistics,Haldia Petrochemicals/MHC,13(15:16),16(13:30),16(13:30),16(13:30),"31,230",NA,15(18:42),nan,nan,nan,nan,nan,nan,Vessel called in Night tide on date | Inside Dock,12,20/09/25 01:54,,13,23/09/25 15:25,23/09/25 18:10,BERTH-12,BERTH-13,20/09/25 18:12,
HAL12500943::PROPEL GLORY,HAL12500943,PROPEL GLORY,2025-09-12,2025-09-20,9,197.00,8.10,Limestone,nan,Seatrans Shipmanagement,SAIL/MHC,Not Ready,19(01:00),NA,NA,"27,000",NA,16(08:54),nan,nan,nan,nan,nan,nan,Late for tide on 18(Night) | Vessel was late for tide on 18(Night) | Vesselwaslatefortideon18(Night).Vessel called in Day tide on date | Vessel was late for tide on 18(Night). Vessel called in Day tide on date,9,20/09/25 11:48,20/09/25 14:40,8,22/09/25 00:10,22/09/25 03:25,BERTH-9,BERTH-8,20/09/25 16:18,20/09/25 19:00
HAL12500960::ULTRA COURAGE,HAL12500960,ULTRA COURAGE,2025-09-16,2025-09-20,2,199.90,8.37,Dolomite,nan,TMILL,Tata Steel/TMILL,16(12:00),19(18:06),19(18:06),23(18:06),"28,500",NA,NA,nan,nan,nan,nan,nan,nan,,12,21/09/25 00:54,,12,22/09/25 10:35,22/09/25 15:35,,,,
HAL12500956::BERGE NANTONG,HAL12500956,BERGE NANTONG,2025-09-14,2025-09-21,5,225.30,8.50,nan,PROPANE-(I)-10400 BUTANE-(I)-10400,INTEROCEAN,IOCL,nan,nan,nan,nan,nan,nan,nan,15(23:48),17(08:40),17(08:40),31,IOPPL,HOJ-I/HOJ-II B-16(O)/17(O),1. Vessel neaped on 16th September'2025. 2. Ullage confirmation & Readiness Documents are awaited. | Vessel called in Day tide on date at B/16(O),HOJ-I,21/09/25 10:54,21/09/25 12:24,HOJ-I,22/09/25 16:00,22/09/25 20:12,,,,
HAL12500953::EVER SHINING,HAL12500953,EVER SHINING,2025-09-16,2025-09-21,6,228.90,7.99,Coking Coal,nan,Gac Shipping,Shyam Sel & Power & Trafigura India/MHC,18(11:12),18(18:48),18(18:48),18(18:48),"33,000",NA,16(18:49),nan,nan,nan,nan,nan,nan,,2,22/09/25 02:12,,2,23/09/25 15:30,23/09/25 19:55,,,,
HAL12500936::JAG VASANT,HAL12500936,JAG VASANT,2025-09-11,2025-09-21,8,230.00,8.70,nan,PROPANE-(I)-12789 BUTANE-(I)-12760,SAMSARA SHIPPING,BPCL,nan,nan,nan,nan,nan,nan,nan,15(18:30),19(17:59),19(17:59),36,BPCL,HOJ-III B-18(O),Ullage confirmation & Readiness Documents are awaited. | 1. Vessel neaped till 17th September'2025. 2. Ullage confirmation & Readiness Documents are awaited.,HOJ-III,22/09/25 11:30,22/09/25 12:48,13,24/09/25 05:30,24/09/25 08:48,,,,
HAL12500950::NAVIG8 HONOR,HAL12500950,NAVIG8 HONOR,2025-09-13,2025-09-21,6,228.00,8.70,nan,NAPHTHA-(I)-30500,ATLANTIC GLOBAL,HPL,nan,nan,nan,nan,nan,nan,nan,19(18:30),18(13:13),19(17:42),HOJ-I=37 HOJ-II&III=29,HPL,HOJ-I/HOJ-II/HOJ-III B-16(O)/17(O)/18(O),"Ullage confirmation & Readiness Documents are awaited. | 1. As requested by Terminal (HPL), vessel seniority swapped with M.T. SANMAR SNEHA vide email dated 20(11:34). 2. Vessel called in Day tide on date at B/17(O)",HOJ-II,21/09/25 11:30,21/09/25 12:30,HOJ-II,22/09/25 18:00,23/09/25 08:18,,,,
HAL12500949::SSL THAMIRABARANI,HAL12500949,SSL THAMIRABARANI,2025-09-13,2025-09-21,9,142.70,8.10,Container,nan,Unifeeder Agencies,Slot Charterers,17(17:38),19(05:15),19(05:15),NA,171 Boxes,237 TEUs,17(14:10),nan,nan,nan,nan,nan,nan,Only Import | Only Import. Vessel called in Day tide on date,4B,21/09/25 13:20,22/09/25 01:20,11,22/09/25 04:45,22/09/25 07:30,BERTH-4B,BERTH-11,21/09/25 16:35,21/09/25 17:35
HAL12500972::WOOJIN ELVIS,HAL12500972,WOOJIN ELVIS,2025-09-20,2025-09-21,2,124.00,8.00,nan,PARAXYLENE-(I)-9541,SAMUDRA MARINE,MCPI,nan,nan,nan,nan,nan,nan,nan,ETA-21(11:30),20(16:44),ETA-21(11:30),27,MCPI,HOJ-I & OT-II B-16(O)& OT-II,Ullage confirmation & Readiness Documents are awaited.,TERMINAL,22/09/25 11:25,22/09/25 14:36,11,24/09/25 05:42,24/09/25 09:05,,,,
HAL12500974::YM MASCOT,HAL12500974,YM MASCOT,2025-09-17,2025-09-21,5,229.00,8.04,PCI Coal,nan,TMILL,SAIL/ISPHL,BOT Berth,ETA-21(11:00),NA,NA,"33,000",NA,NA,nan,nan,nan,nan,nan,nan,,4A,22/09/25 00:30,22/09/25 03:30,HOJ-III,23/09/25 10:45,24/09/25 12:55,,,,
HAL12500966::AGIOS NEKTARIOS I,HAL12500966,AGIOS NEKTARIOS I,2025-09-21,2025-09-22,2,189.99,7.20,MOP,nan,Infinity Shipping,Indorama India/TMILL,17(14:00),21(18:58),21(18:58),25(18:58),"22,200",NA,NA,nan,nan,nan,nan,nan,nan,Vessel called in Day tide on date,12,22/09/25 16:36,22/09/25 22:30,12,24/09/25 23:55,25/09/25 07:55,,,,
HAL12500899R::MSC DIYA F,HAL12500899R,MSC DIYA F,2025-09-16,2025-09-22,7,147.83,7.00,Container,nan,MSC Agency,Slot Charterers,Ready,EX KDS-21st,20(08:00),NA,153 Boxes,202 TEUs,21(12:10),nan,nan,nan,nan,nan,nan,"Only Export | Only Export. F/W at KDS on 20(08:00) | OnlyExport.F/WatKDSon20(08:00).AsperAgent, vessel reported at Sandheads on 21(23:30)",,,,,,,,,,
HAL12500976::ROSTRUM HEDONIST,HAL12500976,ROSTRUM HEDONIST,2025-09-17,2025-09-22,6,229.00,8.60,Coking Coal,nan,V Ocean Shipping,SAIL/MHC,Not Ready,21(12:30),NA,NA,"35,000",NA,21(09:53),nan,nan,nan,nan,nan,nan,Vessel neaped in all Night Tides | VesselneapedinallNightTides.VesselcalledinDay tide on date,8,22/09/25 12:42,22/09/25 13:30,8,24/09/25 02:25,24/09/25 03:20,,,,
HAL12500913::SITC PYEONGTAEK,HAL12500913,SITC PYEONGTAEK,2025-09-07,2025-09-22,16,161.85,8.40,Container,nan,Eastern Liner Shipping Pvt. Ltd,Slot Charterers,18(18:46),20(01:00),20(01:00),NA,630 Boxes,"1,224 TEUs",16(16:34),nan,nan,nan,nan,nan,nan,Vessel called in Day tide on date,11,22/09/25 15:00,22/09/25 16:20,11,24/09/25 05:30,24/09/25 08:45,,,,
HAL12500971::BRIGHT WIND,HAL12500971,BRIGHT WIND,2025-09-21,2025-09-23,3,228.99,8.50,Coking Coal,nan,TMILL,Tata Steel/MHC,20(11:14),22(21:40),22(21:40),22(21:40),"35,958",NA,NA,nan,nan,nan,nan,nan,nan,Vessel called in Day tide on date,4B,23/09/25 15:42,23/09/25 21:42,2,25/09/25 09:30,25/09/25 14:55,BERTH-4B,BERTH-2,23/09/25 20:36,23/09/25 21:10
HAL12500981::BW OAK,HAL12500981,BW OAK,2025-09-20,2025-09-23,4,225.48,8.30,nan,PROPANE-(I)-11050 BUTANE-(I)-11931,ATLANTIC GLOBAL,HPCL,nan,nan,nan,nan,nan,nan,nan,20(01:12),19(09:15),20(01:12),HOJ-I=38 HOJ-II=32,AEGIS,HOJ-I/HOJ-II B-16(O)/17(O),Vessel called at B/17(O),HOJ-II,23/09/25 12:00,23/09/25 13:30,HOJ-II,24/09/25 19:30,25/09/25 09:30,,,,
HAL12500984::ORANGE FRIENDSHIP,HAL12500984,ORANGE FRIENDSHIP,2025-09-18,2025-09-23,6,228.90,8.00,Coking Coal,nan,Gac Shipping,SAIL/MHC,Not Ready,21(19:18),NA,NA,"33,000",NA,17(16:35),nan,nan,nan,nan,nan,nan,VesselswappedfromBOTBerthtoPortBerthon 22(12:23),8,24/09/25 04:18,,8,25/09/25 18:30,26/09/25 03:15,,,,
HAL12500944::SANMAR SNEHA,HAL12500944,SANMAR SNEHA,2025-09-12,2025-09-23,9,200.00,7.30,nan,NAPHTHA-(I)-23500,INTEROCEAN,HPL,nan,nan,nan,nan,nan,nan,nan,19(17:42),18(13:27),19(18:30),HOJ-I=30 HOJ-II&III=23,HPL,HOJ-I/HOJ-II/HOJ-III B-16(O)/17(O)/18(O),"Ullage confirmation & Readiness Documents are awaited. | As requested by Terminal (HPL), vessel seniority swapped with M.T. NAVIG8 HONOR vide email dated 20(11:34) | 1. As requested by Terminal (HPL), vessel seniority swapped with M.T. NAVIG8 HONOR vide email dated 20(11:34) 2. Vessel called at B/16(O)",HOJ-I,23/09/25 11:06,23/09/25 12:48,HOJ-I,24/09/25 13:00,24/09/25 20:54,,,,
HAL12500967::ZUNAIRAH ZARISHA 4,HAL12500967,ZUNAIRAH ZARISHA 4,2025-09-16,2025-09-23,8,82.98,3.50,Container,nan,Everett (India),Slot Charterers,Not Ready,ETA-23(17:00),NA,NA,63 Boxes,NA,22910:43),nan,nan,nan,nan,nan,nan,,10,24/09/25 01:00,24/09/25 05:25,10,25/09/25 05:00,25/09/25 05:25,,,,
HAL12500983::BERGE NINGBO,HAL12500983,BERGE NINGBO,2025-09-20,2025-09-24,5,225.30,7.90,nan,PROPANE-(I)-5800 BUTANE-(I)-5800,INTEROCEAN,IOCL,nan,nan,nan,nan,nan,nan,nan,21(07:54),22(13:18),22(13:18),16,IOPPL,HOJ-I/HOJ-II B-16(O)/17(O),Ullage confirmation & Readiness Documents are awaited. | 1. Reporting time as per Agent. 2. Ullage confirmation & Readiness Documents are awaited.,HOJ-I,27/09/25 13:18,27/09/25 15:30,HOJ-I,28/09/25 07:42,28/09/25 10:45,,,,
HAL12500923::BLUE PHOENIX,HAL12500923,BLUE PHOENIX,2025-09-10,2025-09-24,12,96.69,5.00,nan,MTBE-(E)-4200,SAMUDRA MARINE,ADVANCED PERFORMANCE,nan,nan,nan,nan,nan,nan,nan,18(02:10),18(11:36),18(11:36),17,ADVANCED PERFORMANCE,HOJ-I B-16(O),"Readiness Documents are awaited. | Ullage confirmation & Readiness Documents are awaited. | Vessel could not be supplied at B/16(O) on 20(Night) tide due to Marine Constraint | Vessel could not be supplied at B/16(O) on 20(Night) tide due to Marine Constraint. | Vessel was called at HOJ-I on 20th Sep'2025 PM tide and again on 22nd Sep'2025 PM tide, however was not supplied due to Marine Constraint.",HOJ-I,28/09/25 13:12,28/09/25 14:42,HOJ-I,28/09/25 21:18,28/09/25 22:20,,,,
HAL12500945R::CORONET (COASTAL),HAL12500945R,CORONET (COASTAL),2025-09-20,2025-09-24,5,183.22,7.40,nan,MS-(I)-11000 HSD-(E)-15000,ATLANTIC GLOBAL,IOCL,nan,nan,nan,nan,nan,nan,nan,11(09:48),11(16:16),11(16:16),56,IOCL,HOJ-I / HOJ-II B-16(O)/17(O),Vessel declared on 11(16:16).,,,,,,,,,,
HAL12500990::DM CONDOR,HAL12500990,DM CONDOR,2025-09-20,2025-09-24,5,134.16,8.50,nan,PARAXYLENE-(I)9516,SAMUDRA MARINE,MCPI,nan,nan,nan,nan,nan,nan,nan,ETA-25(12:00),24(09:35),ETA-25(12:00),27,MCPI,HOJ-I & OT-II B-16(O)& OT-II,Ullage confirmation & Readiness Documents are awaited.,,,,HOJ-III,27/09/25 08:36,27/09/25 09:48,,,,
HAL12501012::ELONA,HAL12501012,ELONA,2025-09-23,2025-09-24,2,228.90,8.25,Coking Coal,nan,J M Baxi Marine Services,SAIL/ISPHL,BOT Berth,23(14:52),23(14:52),23(14:52),"33,000",NA,NA,nan,nan,nan,nan,nan,nan,Vessel called in Day tide on date,4A,24/09/25 14:00,24/09/25 14:50,,,,,,,
HAL12500988::ENEOS GUNJO,HAL12500988,ENEOS GUNJO,2025-09-20,2025-09-24,5,229.90,8.00,nan,PROPANE-(I)-11211 BUTANE-(I)-10963,ATLANTIC GLOBAL,HPCL,nan,nan,nan,nan,nan,nan,nan,22(07:06),Not Ready,Not Ready,N/A,AEGIS,HOJ-I/HOJ-II B-16(O)/17(O),Ullage confirmation & Readiness Documents are awaited.,HOJ-II,27/09/25 13:36,27/09/25 15:24,HOJ-II,28/09/25 20:18,,,,,
HAL12500992::HELEN M (COASTAL),HAL12500992,HELEN M (COASTAL),2025-09-20,2025-09-24,5,179.90,7.70,nan,HSD-(I)-11447 MS-(I)-4404,ATLANTIC GLOBAL,RELIANCE INDUSTRIES,nan,nan,nan,nan,nan,nan,nan,22(21:24),22(10:26),22(21:24),35,RELIANCE INDUSTRIES,HOJ-III B-18(O),Ullage confirmation & Readiness Documents are awaited. | Vessel called at B/18(O),,,,,,,,,,
HAL12500947::NV SUNSHINE,HAL12500947,NV SUNSHINE,2025-09-13,2025-09-24,9,226.00,7.30,nan,PROPANE-(I)-10078 BUTANE-(I)-9080,ISS SHIPPING,IOCL,nan,nan,nan,nan,nan,nan,nan,18(04:12),20(11:18),20(11:18),26,IOPPL,HOJ-I/HOJ-II B-16(O)/17(O),Ullage confirmation & Readiness Documents are awaited.,HOJ-II,25/09/25 12:40,25/09/25 13:48,,,,,,,
HAL12501006::ROYAL PERIDOT,HAL12501006,ROYAL PERIDOT,2025-09-23,2025-09-24,2,128.60,8.50,nan,PARAXYLENE-(I)10977,ISS SHIPPING,MCPI,nan,nan,nan,nan,nan,nan,nan,ETA-25(16:00),Not Ready,Not Ready,N/A,MCPI,HOJ-I & OT-II B-16(O)& OT-II,Ullage confirmation & Readiness Documents are awaited.,TERMINAL,28/09/25 14:00,28/09/25 16:54,,,,,,,
HAL12500994::SANMAR SWARA,HAL12500994,SANMAR SWARA,2025-09-20,2025-09-24,5,228.49,8.30,nan,NAPHTHA-(I)-32000,INTEROCEAN,HPL,nan,nan,nan,nan,nan,nan,nan,ETA-26th (AM),24(09:42),ETA-26th (AM),HOJ-I=39 HOJ-II&III=30,HPL,HOJ-I/HOJ-II/HOJ-III B-16(O)/17(O)/18(O),Ullage confirmation & Readiness Documents are awaited.,HOJ-III,27/09/25 13:36,27/09/25 15:18,HOJ-III,28/09/25 17:24,,,,,
HAL12501015::PETER S,HAL12501015,PETER S,2025-09-23,2025-09-25,3,229.00,8.63,PCI Coal,nan,Eveready Shipping,SAIL/MHC,Not Ready,25(01:30),NA,NA,"34,987",NA,22(17:03),nan,nan,nan,nan,nan,nan,VesselswappedfromBOTBerthtoPortBerthon 24(15:26). Vessel called in Day tide on date,13,26/09/25 01:42,26/09/25 05:15,6,27/09/25 22:48,,BERTH-8,BERTH-4B,28/09/25 02:50,
HAL12501004::RYAN BAY,HAL12501004,RYAN BAY,2025-09-23,2025-09-25,3,228.99,8.00,PCI Coal,nan,V Ocean Shipping,SAIL/MHC,Not Ready,24(10:42),NA,NA,"35,000",NA,23(13:18),nan,nan,nan,nan,nan,nan,Late for Tide on 24(Day) | LateforTideon24(Day).VesselcalledinDaytideon date | LateforTideon24(Day).VesselcalledinDaytide on date,,,,2,27/09/25 04:10,27/09/25 09:40,BERTH-13,BERTH-2,25/09/25 16:12,25/09/25 16:55
HAL12501018::SHARDANA,HAL12501018,SHARDANA,2025-09-24,2025-09-25,2,228.99,8.17,Coking Coal,nan,Atlantic Global Shipping,Rungta Mines/MHC,24(11:01),25(03:00),25(03:00),25(03:00),"30,000",NA,24(17:10),nan,nan,nan,nan,nan,nan,,13,25/09/25 13:55,26/09/25 03:30,TERMINAL 2,27/09/25 08:50,27/09/25 09:50,,,,
HAL12500986::FORTUNE TIGER,HAL12500986,FORTUNE TIGER,2025-09-22,2025-09-26,5,189.99,8.00,Manganese Ore,nan,Gac Shipping (India),Various/MHC,23(11:31),26(08:24),26(08:24),26(08:24),"26,500",NA,24(11:20),nan,nan,nan,nan,nan,nan,Vessel late for tide on 26(Day) tide,,,,4B,01/10/25 02:00,01/10/25 06:50,,,,
HAL12500977::GOLDEN JAKE,HAL12500977,GOLDEN JAKE,2025-09-17,2025-09-26,10,228.99,7.97,Coking Coal,nan,J M Baxi Marine Services,SAIL/ISPHL,BOT Berth,24(15:48),24(15:48),24(15:48),"33,000",NA,23(19:31),nan,nan,nan,nan,nan,nan,,,,,,,,,,,
HAL12501025::HSL VEGAS,HAL12501025,HSL VEGAS,2025-09-25,2025-09-26,2,228.90,8.28,Coking Coial,nan,TMILL,SAIL/ISPHL,BOT Berth,ETA-28(00:01),NA,NA,"33,000",NA,NA,nan,nan,nan,nan,nan,nan,,,,,,,,,,,
HAL12500993::MSC RIONA,HAL12500993,MSC RIONA,2025-09-21,2025-09-26,6,184.10,6.50,Container,nan,MSC Agency,Slot Charterers,25(15:09),ETA-26(10:00),NA,NA,581 Boxes,702 TEUS,25(13:02),nan,nan,nan,nan,nan,nan,,11,27/09/25 06:45,27/09/25 07:00,11,28/09/25 07:15,28/09/25 07:50,,,,
HAL12501001::PROGRESS TRADER,HAL12501001,PROGRESS TRADER,2025-09-26,2025-09-26,1,229.00,8.50,Limestone & Pyroxenite,nan,TMILL,Tata Steel/TMILL,Not Ready,ETA-27(12:00),NA,NA,"31,027",NA,NA,nan,nan,nan,nan,nan,nan,,12,28/09/25 02:06,28/09/25 03:20,12,30/09/25 05:15,30/09/25 10:50,,,,
HAL12500973::PROPEL GRACE,HAL12500973,PROPEL GRACE,2025-09-17,2025-09-26,10,199.98,7.90,Limestone,nan,Seatrans Shipmanagement,SAIL/MHC,Not Ready,24(14:24),NA,NA,"27,000",NA,25(11:56),nan,nan,nan,nan,nan,nan,M.V.PETERSwassuppliedinlieuofM.V.PROPEL GRACE.Vesselcouldnotbesuppliedon25(Night) tide in 03rd lock due to draft restriction.,2,27/09/25 15:18,27/09/25 16:30,2,29/09/25 00:50,,BERTH-2,BERTH-4,29/09/25 03:50,
HAL12500999::SSL SABARIMALAI,HAL12500999,SSL SABARIMALAI,2025-09-21,2025-09-26,6,143.15,8.50,Container,nan,Unifeeder Agencies,Slot Charterers,Not Ready,ETA-27(13:00),NA,NA,88 Boxes,650 TEUS,NA,nan,nan,nan,nan,nan,nan,,10,28/09/25 07:00,28/09/25 07:15,10,28/09/25 22:00,,BERTH-10,BERTH-11,28/09/25 23:45,29/09/25 00:30
HAL12501011::VISHVA JYOTI,HAL12501011,VISHVA JYOTI,2025-09-23,2025-09-26,4,229.00,8.20,Limestone,nan,Seatrans Shipmanagement,SAIL/MHC,Not Ready,ETA-26(12:00),NA,NA,"33,000",NA,25(12:38),nan,nan,nan,nan,nan,nan,,8,28/09/25 04:30,28/09/25 05:20,,,,,,,
HAL12501043::AL WATHBA,HAL12501043,AL WATHBA,2025-09-26,2025-09-28,2,199.90,7.50,Steam Coal,nan,Alap Carriers,Narayani Coal Commercial/MHC,27(12:51),27(11:42),27(12:51),27(12:51),"24,000",NA,26(17:21),nan,nan,nan,nan,nan,nan,Vessel called in Day tide on date,13,28/09/25 15:00,28/09/25 16:25,13,29/09/25 19:55,30/09/25 06:50,,,,
HAL12501045::HSL VEGAS,HAL12501045,HSL VEGAS,2025-09-28,2025-09-28,1,228.90,8.20,Coking Coal,nan,TMILL,SAIL/ISPHL,BOT Berth,28(02:36),28(02:36),28(02:36),"33,000",NA,27(11:23),nan,nan,nan,nan,nan,nan,,2,29/09/25 04:40,29/09/25 05:50,2,30/09/25 12:15,30/09/25 18:30,BERTH-2,BERTH-4A O,30/09/25 16:40,
HAL12500969::MSC TIGER F,HAL12500969,MSC TIGER F,2025-09-17,2025-09-28,11,154.51,8.40,Container,nan,MSC Agency,Slot Charterers,26(09:57),ETA-28(17:00),NA,NA,957 Boxes,"1,225 TEUs",26(11:26),nan,nan,nan,nan,nan,nan,,,,,11,01/10/25 22:10,02/10/25 10:25,BERTH-11,BERTH-7,02/10/25 00:15,
HAL12500968::SITC CAGAYAN,HAL12500968,SITC CAGAYAN,2025-09-16,2025-09-28,12,188.80,8.40,Container,nan,Eastern Liner Shipping,Slot Charterers,27(04:08),ETA-28(14:00),NA,NA,"1,241 Boxes","2,042 TEUs",27(10:34),nan,nan,nan,nan,nan,nan,,10,29/09/25 03:15,29/09/25 04:15,,,,,,,
HAL12501054::THEODORE JR,HAL12501054,THEODORE JR,2025-09-28,2025-09-28,1,228.99,8.25,Coking Coal,nan,TMILL,SAIL/ISPHL,BOT Berth,ETA-28(23:30),NA,NA,"33,000",NA,NA,nan,nan,nan,nan,nan,nan,,,,,,,,,,,
HAL12501047::AG VALIANT,HAL12501047,AG VALIANT,2025-09-28,2025-09-29,2,153.50,6.63,Rock Phosphate,nan,Alap Carriers,Various/MHC,27(16:02),28(07:15),28(07:15),28(07:15),"12,300",NA,27(11:41),nan,nan,nan,nan,nan,nan,Priority may not be accorded | Prioritymaynotbeaccorded.Vesselwascalledin 29(Day) tide but could not be supplied due to Marine constraint,13,30/09/25 07:25,30/09/25 09:25,13,01/10/25 12:00,01/10/25 13:10,,,,
HAL12501029::BW MINDORO,HAL12501029,BW MINDORO,2025-09-29,2025-09-29,1,226.10,8.30,nan,PROPANE-(I)-10625 BUTANE-(I)-9992,ATLANTIC GLOBAL,IOCL,nan,nan,nan,nan,nan,nan,nan,24(01:00),25(12:47),25(12:47),30,IOPPL,HOJ-I/HOJ-II B-16(O)/17(O),Vessel called at B/16(O),,,,6,30/09/25 20:36,01/10/25 13:12,,,,
HAL12501003::ECO DIAGON ALLEY,HAL12501003,ECO DIAGON ALLEY,2025-09-22,2025-09-29,6,225.00,7.60,Coking Coal,nan,Eveready Shipping,Tata International/MHC,24(11:54),28(09:30),28(09:30),28(09:30),"26,700",NA,27914:39),nan,nan,nan,nan,nan,nan,Reporting time as per Agent,8,30/09/25 06:05,30/09/25 07:30,8,01/10/25 14:10,02/10/25 15:40,BERTH-8,BERTH-4A O,01/10/25 17:18,
HAL12501013::GLAMOR,HAL12501013,GLAMOR,2025-09-24,2025-09-29,3,154.35,7.68,Rock Phosphate,nan,Alap Carriers,Indorama India & Progressive Fertichem/TMILL,20(10:30),ETA-30(00:45),NA,NA,"10,200",NA,NA,nan,nan,nan,nan,nan,nan,,2,30/09/25 17:42,30/09/25 18:25,12,01/10/25 20:10,02/10/25 22:25,BERTH-12,BERTH-4B,02/10/25 01:10,
HAL12501041::MARVELOUS STAR,HAL12501041,MARVELOUS STAR,2025-09-26,2025-09-29,3,229.00,8.00,Coking Coal,nan,Gac Shipping,SAIL/MHC,Not Ready,ETA-30(01:00),NA,NA,"33,000",NA,NA,nan,nan,nan,nan,nan,nan,,5,30/09/25 16:25,30/09/25 21:18,2,02/10/25 03:05,,BERTH-2 | OFF,BERTH-13 O | BERTH-2 OF,02/10/25 04:45 | 02/10/25 18:10,
HAL12501022::SANMAR SNEHA,HAL12501022,SANMAR SNEHA,2025-09-24,2025-09-29,2,200.00,7.90,nan,NAPHTHA-(I)-24649,ATLANTIC GLOBAL,HPL,nan,nan,nan,nan,nan,nan,nan,26(09:54),24(16:45),26(09:54),HOJ-I=31 HOJ-II&III=24,HPL,HOJ-I/HOJ-II/HOJ-III B-16(O)/17(O)/18(O),Ullage confirmation & Readiness Documents are awaited. | Vessel called at B/17(O),,,,HOJ-II,30/09/25 10:12,30/09/25 11:06,,,,
HAL12501028R::SANMAR SONGBIRD (COASTAL),HAL12501028R,SANMAR SONGBIRD (COASTAL),2025-09-29,2025-09-29,1,182.50,7.50,nan,NAPHTHA-(E)15000 HSD-(E)5000,ATLANTIC GLOBAL,IOCL,nan,nan,nan,nan,nan,nan,nan,28(07:24),27(12:45),28(07:24),N/A,IOCL,HOJ-I/HOJ-II 16(O)/17(O),1. Vessel declared on 27(12:45). 2. Reporting time as per agent.,,,,,,,,,,
HAL12501033::SANMAR SONNET (COASTAL),HAL12501033,SANMAR SONNET (COASTAL),2025-09-29,2025-09-29,1,240.99,8.00,nan,HSD-(I)-27958 MS-(I)-11879,ATLANTIC GLOBAL,BPCL,nan,nan,nan,nan,nan,nan,nan,25(22:06),27(13:33),27(13:33),HOJ-II=40 HOJ-III=48,BPCL,HOJ-II/HOJ-III 17(O)/18(O),Vessel called at B/18(O),,,,,,,,,,
HAL12501060::THEODORE JR,HAL12501060,THEODORE JR,2025-09-29,2025-09-29,1,228.99,8.25,Coking Coal,nan,TMILL,SAIL/ISPHL,BOT Berth,29(02:00),29(02:00),29(02:00),"33,000",NA,NA,nan,nan,nan,nan,nan,nan,Vessel called in Day tide on date,,,,4A,01/10/25 20:30,02/10/25 23:45,,,,
HAL12501030::TONINI DESTINY,HAL12501030,TONINI DESTINY,2025-09-29,2025-09-29,1,199.90,8.30,Steam Coal,nan,Gac Shipping (India),Various/MHC,27(14:42),ETA-02nd,NA,NA,"30,000",NA,26(10:59),nan,nan,nan,nan,nan,nan,,,,,,,,,,,
HAL12501002::FLAG EVI,HAL12501002,FLAG EVI,2025-09-22,2025-10-01,4,228.90,7.22,Nut Coke,nan,Sea Jewel Shipping,Various/MHC,26(15:51),01(01:18),01(01:18),01(01:18),"27,883",NA,28(11:48),nan,nan,nan,nan,nan,nan,Vessel called in Day tide on date,13,01/10/25 17:00,01/10/25 18:30,12,03/10/25 03:30,03/10/25 17:00,BERTH-13,BERTH-4A,03/10/25 05:35,
HAL12501034::LEO GREEN,HAL12501034,LEO GREEN,2025-09-29,2025-10-01,2,230.00,8.40,nan,PROPANE-(I)-10885 BUTANE-(I)-10820,ATLANTIC GLOBAL,BPCL,nan,nan,nan,nan,nan,nan,nan,27(07:42),25(17:03),27(07:42),36,BPCL,HOJ-III B-18(O),"1. Vessel neaped on 30th Sep & 01st Oct 2. Vessel was called at HOJ-III on 29th Sep'2025 AM tide, However could not be supplied as she was considered Neaped. Backup Vessel M.T. SANMAR SONNET is being Supplied.",HOJ-III,02/10/25 08:00,02/10/25 13:00,8,03/10/25 18:30,04/10/25 05:00,,,,
HAL12500987::MSC MAKOTO II,HAL12500987,MSC MAKOTO II,2025-09-19,2025-10-01,11,175.49,8.50,Container,nan,MSC Agency,Slot Charterers,28(09:43),29(18:50),29(18:50),NA,769 Boxes,"1,294 TEUs",NA,nan,nan,nan,nan,nan,nan,Vessel neaped on 01(Day) Tide,9 OFF,02/10/25 11:50,02/10/25 23:40,10,04/10/25 18:00,05/10/25 01:00,BERTH-9 | BERTH-10,BERTH-10 | BERTH-4B,02/10/25 17:15 | 04/10/25 19:40,02/10/25 17:30 | 05/10/25 05:20
HAL12501009::NEW GALAXY,HAL12501009,NEW GALAXY,2025-09-28,2025-10-01,3,189.99,7.20,Manganese Ore,nan,Seatrans Shipmanagement,Various/MHC,25(12:44),29(08:00),29(08:00),29(08:00),"23,970",NA,27(12:31),nan,nan,nan,nan,nan,nan,Reporting time as per Agent | Vessel called in Day tide on date,8,01/10/25 18:54,01/10/25 20:30,4B,02/10/25 19:42,03/10/25 18:25,BERTH-8,BERTH-4B,03/10/25 09:25,03/10/25 12:30
HAL12500928R::ORCHARD STAR,HAL12500928R,ORCHARD STAR,2025-09-21,2025-10-01,9,158.56,5.10,Container,nan,Far Shipping,Slot Charterers,Ready,EX KDS-28th,27(12:30),NA,346 Boxes,450 TEUs,29(15:45),nan,nan,nan,nan,nan,nan,Only Export | Only Export. F/W at KDS on 27(12:30) | OnlyExport.F/WatKDSon27(12:30).Reportedat Sandheads on 28(22:06) | OnlyExport.F/WatKDSon27(12:30).Reportedat Sandheadson28(22:06).VesselcalledinDaytide on date,,,,,,,,,,
HAL12501036::PIONEER ELITE,HAL12501036,PIONEER ELITE,2025-09-29,2025-10-01,2,115.33,8.30,Calcite Chips,nan,TMILL,Artemyn (India)/TMILL,26(11:00),30(18:18),30(18:18),04(18:18),"10,000",NA,26(12:02),nan,nan,nan,nan,nan,nan,Vessel neaped on 01(Day) Tide,12,02/10/25 08:15,02/10/25 13:20,4B,03/10/25 18:42,04/10/25 05:30,,,,
HAL12500980::VELA,HAL12500980,VELA,2025-09-26,2025-10-01,4,190.00,8.30,Manganese Ore,nan,Seahorse Ship Agencies,Various/MHC,26(15:37),28(16:54),28(16:54),28(16:54),"26,735",NA,26(15:54),nan,nan,nan,nan,nan,nan,Vessel neaped on 01(Day) Tide | Vesselneapedon01(Day)&01(Night)Tide.Vessel was called in 30(Night) tide but could not be supplied due to Marine constraint,2,02/10/25 10:06,02/10/25 11:15,4A,04/10/25 02:24,04/10/25 04:54,,,,
HAL12501049::BW OAK,HAL12501049,BW OAK,2025-09-29,2025-10-02,3,225.48,8.30,nan,PROPANE-(I)-10986 BUTANE-(I)-11050,ATLANTIC GLOBAL,HPCL,nan,nan,nan,nan,nan,nan,nan,29(23:42),29(12:54),29(23:42),HOJ-I=40 HOJ-II=32,AEGIS,HOJ-I/HOJ-II B-16(O)/17(O),Ullage confirmation & Readiness Documents are awaited. | Vessel neaped on 1st Oct'2025.,HOJ-II,03/10/25 08:06,03/10/25 09:30,HOJ-II,04/10/25 15:00,04/10/25 18:00,,,,
HAL12500985::GAS EXPLORER,HAL12500985,GAS EXPLORER,2025-09-20,2025-10-02,8,99.98,4.50,nan,BUTADIENE-(E)-3150,SAMUDRA MARINE,HPL,nan,nan,nan,nan,nan,nan,nan,24(23:24),25(09:48),27(09:48),20,HPL,HOJ-I B-16(O),Readiness Documents are awaited. | Revised Seniority at par with category 4 vessels. (Vessel waiting for more than 48 Hrs),HOJ-I,03/10/25 07:18,03/10/25 09:00,13,03/10/25 04:40,03/10/25 19:30,,,,
HAL12501050::GIO PRIDE,HAL12501050,GIO PRIDE,2025-10-02,2025-10-02,1,228.99,8.60,Coking Coal,nan,Gac Shipping,SAIL/ISPHL,BOT Berth,ETA-04th,NA,NA,"33,000",NA,NA,nan,nan,nan,nan,nan,nan,,,,,,,,,,,
HAL12501042::RIPLEY PROGRESS,HAL12501042,RIPLEY PROGRESS,2025-09-29,2025-10-02,3,225.00,7.20,Thermal Coal,nan,Seatrans Shipmanagement,Andhra Pradesh Power Devlopment/Mechanical,29(12:24),02(03:00),02(03:00),02(03:00),"27,840",NA,01(16:54),nan,nan,nan,nan,nan,nan,Coastal | Coastal.Vesselcouldnotbesuppliedon02(Day) tideduetolatefortide.VesselcalledinNighttide on date,4,02/10/25 20:25,,4,04/10/25 15:35,04/10/25 23:25,,,,
HAL12501030::TOMINI DESTINY,HAL12501030,TOMINI DESTINY,2025-10-01,2025-10-02,2,199.90,8.30,Steam Coal,nan,Gac Shipping,Various/MHC,27(14:42),ETA-02(11:30),NA,NA,"30,000",NA,26(10:59),nan,nan,nan,nan,nan,nan,,13,03/10/25 09:24,03/10/25 11:00,4A,05/10/25 09:00,05/10/25 17:40,,,,
HAL12501037::CATALINA,HAL12501037,CATALINA,2025-09-26,2025-10-03,6,225.00,8.30,Coking Coal,nan,Interocean Shipping,SAIL/MHC,Not Ready,27(06:36),NA,NA,"32,051",NA,NA,nan,nan,nan,nan,nan,nan,Vessel restriction from D.G. Shipping | VesselrestrictionfromD.G.Shipping.Vesselneaped on 01(Day) Tide | Vessel restriction from D.G. Shipping. Vessel neaped on 01(Day) Tide | VesselrestrictionfromD.G.Shipping.Vesselwas neaped on 01(Day) Tide | Vessel restriction from D.G. Shipping. Vessel was neaped on 01(Day) Tide,,,,,,,,,,
HAL12501023::CNC BULL,HAL12501023,CNC BULL,2025-09-29,2025-10-03,4,134.16,4.90,nan,MS-(E)10000,WILHELMSEN,HPL,nan,nan,nan,nan,nan,nan,nan,01(14:40),02(13:51),02(13:51),29,HPL,HOJ-I/HOJ-III B-16(O)/18(O),Ullage confirmation & Readiness Documents are awaited. | 1. Readiness Documents are awaited. 2.NOR yet to be tendered. Estimated NOR-01(15:00),HOJ-III,04/10/25 08:40,04/10/25 11:00,8,05/10/25 04:00,05/10/25 06:06,,,,
HAL12500958::DS OCEAN,HAL12500958,DS OCEAN,2025-09-14,2025-10-03,12,141.00,7.35,nan,PARAXYLENE-(I)9521,SAMUDRA MARINE,MCPI,nan,nan,nan,nan,nan,nan,nan,27(16:42),02(11:35),02(11:35),27,MCPI,HOJ-I & OT-II B-16(O)& OT-II,Ullage confirmation & Readiness Documents are awaited. | Vessel readiness withdrawn. | 1. Vessel readiness withdrawn. 2. Vessel Re-readiness-02(11:35),TERMINAL,04/10/25 08:48,04/10/25 12:12,13,05/10/25 08:30,05/10/25 18:06,,,,
HAL12501048::GREEN SACHI,HAL12501048,GREEN SACHI,2025-09-29,2025-10-03,4,225.25,8.60,nan,PROPANE-(I)-13000 BUTANE-(I)-11934,SAMSARA SHIPPING,BPCL,nan,nan,nan,nan,nan,nan,nan,ETA-03(23:00),Not Ready,Not Ready,N/A,BPCL,HOJ-III B-18(O),Ullage confirmation & Readiness Documents are awaited.,,,,,,,,,,
HAL12501051::GREEN SANVI,HAL12501051,GREEN SANVI,2025-09-29,2025-10-03,4,225.28,8.30,nan,PROPANE-(I)-10641 BUTANE-(I)-10049,SAMSARA SHIPPING,BPCL,nan,nan,nan,nan,nan,nan,nan,ETA-05(16:00),Not Ready,Not Ready,N/A,BPCL,HOJ-III B-18(O),Ullage confirmation & Readiness Documents are awaited.,,,,,,,,,,
HAL12500989::PEBBLES (COASTAL),HAL12500989,PEBBLES (COASTAL),2025-09-20,2025-10-03,9,129.20,6.00,nan,LUBE OIL-(E)9500,ATLANTIC GLOBAL,IOCL,nan,nan,nan,nan,nan,nan,nan,21(17:18),19(18:03),21(17:18),48,IOCL,HOJ-I B-16(O),,,,,,,,,,,
HAL12501020::SAKIZAYA VICTORY,HAL12501020,SAKIZAYA VICTORY,2025-09-29,2025-10-03,4,229.00,7.80,Steam Coal,nan,Gac Shipping,IVL Dhunseri Petrochem/MHC,26(15:13),02(01:06),02(01:06),02(01:06),"32,000",NA,26(10:51),nan,nan,nan,nan,nan,nan,Vessel called in Night tide on date | Inside dock,6,02/10/25 22:15,,11,05/10/25 00:30,05/10/25 12:00,BERTH-6 | BERTH-8,BERTH-8 | BERTH-4A,03/10/25 12:00 | 05/10/25 02:45,
HAL12500965::SOL FORTUNE,HAL12500965,SOL FORTUNE,2025-09-16,2025-10-03,16,149.60,8.40,Container,nan,Transworld Global Logistics,Slot Charterers,29(15:57),02(18:00),02(18:00),NA,546 Boxes,803 TEUs,30(11:29),nan,nan,nan,nan,nan,nan,Vessel Called in Day tide on date,11,03/10/25 11:30,03/10/25 12:30,4B,05/10/25 00:20,05/10/25 06:10,,,,
HAL12501021::GAS VIRGO,HAL12501021,GAS VIRGO,2025-09-24,2025-10-04,6,229.95,8.50,nan,PROPANE-(I)-12933 BUTANE-(I)-12192,SEAWORLD SHIPPING,BPCL,nan,nan,nan,nan,nan,nan,nan,01(12:18),Not Ready,Not Ready,N/A,BPCL,HOJ-III B-18(O),Ullage confirmation & Readiness Documents are awaited. | 1. Vessel neaped on 1st Oct'2025. 2. Ullage confirmation & Readiness Documents are awaited. | 1. Ullage confirmation & Readiness Documents are awaited.,HOJ-III,05/10/25 10:06,05/10/25 12:24,,,,,,,
HAL12501035::MAPLE GAS,HAL12501035,MAPLE GAS,2025-09-29,2025-10-04,5,229.90,8.10,nan,PROPANE-(I)-11448 BUTANE-(I)-11578,INTEROCEAN,IOCL,nan,nan,nan,nan,nan,nan,nan,28(21:36),01(09:47),01(09:47),31,IOPPL,HOJ-I/HOJ-II B-16(O)/17(O),"Ullage confirmation & Readiness Documents are awaited. | Vessel was called at HOJ-I on 4th Oct'2025 AM tide, However could not be supplied due to Marine constrant.",HOJ-II,05/10/25 09:48,05/10/25 11:18,HOJ-III,07/10/25 02:00,07/10/25 07:42,,,,
HAL12501053::MONA LISA,HAL12501053,MONA LISA,2025-10-01,2025-10-04,4,199.98,8.32,Steam Coal,nan,Alap Carriers,Hongshi Shivam Cement/MHC,29(10:11),03(20:30),03(20:30),03(20:30),"29,300",NA,03(13:49),nan,nan,nan,nan,nan,nan,Vessel called in Night tide on date,4,04/10/25 23:54,,8,06/10/25 09:30,07/10/25 01:40,BERTH-4,BERTH-8,05/10/25 04:06,
HAL12501016::NORD UTOPIA,HAL12501016,NORD UTOPIA,2025-10-01,2025-10-04,4,199.98,8.21,Manganese Ore,nan,Gac Shipping,Various/MHC,27(15:15),03(16:54),03(16:54),03(16:54),"28,600",NA,26(11:25),nan,nan,nan,nan,nan,nan,Vessel late for tide on 03(Night) tide | Vessellatefortideon03(Night)tide.Vesselcalled in Day tide on date,2,04/10/25 10:42,04/10/25 12:00,HOJ-I,05/10/25 18:10,06/10/25 13:05,,,,
HAL12501065::SSL SABARIMALAI,HAL12501065,SSL SABARIMALAI,2025-10-01,2025-10-04,4,143.15,8.50,Container,nan,Unifeeder Agencies,Slot Charterers,02(15:07),03(10:36),03(10:36),NA,380 Boxes,500 TEUs,02(22:01),nan,nan,nan,nan,nan,nan,Vessel called in Night tide on date,10,04/10/25 22:50,04/10/25 23:05,11,05/10/25 23:30,06/10/25 01:50,,,,
HAL12501017::SWARNA PUSHP (COASTAL),HAL12501017,SWARNA PUSHP (COASTAL),2025-09-24,2025-10-04,6,184.95,8.00,nan,HSD-(E)-10000,ATLANTIC GLOBAL,IOCL,nan,nan,nan,nan,nan,nan,nan,ETA-04.10.2025,Not Ready,Not Ready,N/A,IOCL,HOJ-I B-16(O),Readiness Documents are awaited. | Ullage confirmation & Readiness Documents are awaited. | 1. VCN may be cancelled. 2. Readiness Documents are awaited.,,,,,,,,,,
HAL12501068::ESCADA,HAL12501068,ESCADA,2025-10-02,2025-10-05,4,154.00,7.60,Container,nan,Samsara Shipping,Slot Charterers,03(13:35),04(15:24),04(15:24),NA,26 Boxes,52 TEUs,03(13:19),nan,nan,nan,nan,nan,nan,Only Import | Only Import. Late for tide on 04(Night). Vessel called in Day tide on date,12,05/10/25 12:06,05/10/25 23:30,5,06/10/25 03:50,08/10/25 14:40,BERTH-12,BERTH-11,06/10/25 02:00,06/10/25 02:15
HAL12501050::GEOPRIDE,HAL12501050,GEOPRIDE,2025-10-03,2025-10-05,3,228.99,8.00,Coking Coal,nan,Gac Shipping,SAIL/ISPHL,BOT Berth,ETA-05(13:00),NA,NA,"33,000",NA,03(13:11),nan,nan,nan,nan,nan,nan,,,,,,,,,,,
HAL12500982::HARI AKASH (COASTAL),HAL12500982,HARI AKASH (COASTAL),2025-09-20,2025-10-05,11,117.27,8.20,nan,MS-(I)-8020,ATLANTIC GLOBAL,IOCL,nan,nan,nan,nan,nan,nan,nan,16(13:54),19(18:06),19(18:06),36,IOCL,HOJ-I B-16(O),Proceed to Paradip for bunkering,,,,,,,,,,
HAL12501019::RIO RITA,HAL12501019,RIO RITA,2025-10-01,2025-10-05,5,199.90,8.28,Manganese Ore,nan,Gac Shipping,Various/MHC,27(14:31),05(05:12),05(05:12),05(05:12),"30,000",NA,26(10:44),nan,nan,nan,nan,nan,nan,Late for tide on 05(Day),13,05/10/25 22:24,06/10/25 01:00,HOJ-II,06/10/25 14:36,07/10/25 07:54,,,,
HAL12500991::SOL PIONEER,HAL12500991,SOL PIONEER,2025-09-19,2025-10-05,15,149.60,6.50,Container,nan,Transworld Global Logistics,Slot Charterers,Ready,EX KDS-04th,03(16:00),NA,115 Boxes,216 TEUs,04(12:53),nan,nan,nan,nan,nan,nan,Only Export | Only Export. F/W at KDS on 03(16:00) | OnlyExport.F/WatKDSon03(16:00).Reportedat Sandheadson04(19:12).VesselcalledinDaytide on date,11,05/10/25 11:00,05/10/25 12:45,TERMINAL 2,05/10/25 21:35,05/10/25 23:35,,,,
HAL12500972R::WOOJIN ELVIS,HAL12500972R,WOOJIN ELVIS,2025-09-20,2025-10-05,11,124.00,5.60,nan,BENZENE-(E)6300,J.M.BAXI MARINE,HPL,nan,nan,nan,nan,nan,nan,nan,21(12:00),25(12:36),25(12:36),21,HPL,HOJ-I B-16(O),Readiness Documents are awaited. | 1. Readiness Documents are awaited. 2. NOR yet to be tendered.,,,,,,,,,,
HAL12501070::CS CRYSTAL,HAL12501070,CS CRYSTAL,2025-10-04,2025-10-06,2,178.70,8.95,Steel coils,nan,J M Baxi Marine Services,Various/TMILL,04(12:30),06(03:00),06(03:00),14(03:00),"24,523",NA,03(12:14),nan,nan,nan,nan,nan,nan,VesselneapedinallNighttides. Vesselcalledin Day tide on date,,,,12,09/10/25 09:30,09/10/25 18:15,,,,
HAL12501027::GINGA COUGAR,HAL12501027,GINGA COUGAR,2025-10-06,2025-10-06,1,159.98,6.80,Phosphoric Acid,nan,J M Baxi Marine Services,Indorama India,02(10:00),ETA-06(12:00),NA,NA,"5,889",NA,01(18:35),nan,nan,nan,nan,nan,nan,Priority may not be accorded,2,06/10/25 14:18,06/10/25 15:20,13,07/10/25 09:45,07/10/25 14:35,,,,
HAL12501038::GLOBE ATLAS,HAL12501038,GLOBE ATLAS,2025-09-29,2025-10-06,7,230.00,8.00,nan,PROPANE-(I)-11050 BUTANE-(I)-10974,WILHELMSEN,HPCL,nan,nan,nan,nan,nan,nan,nan,29(23:30),03(15:07),03(15:07),HOJ-I=40 HOJ-II=32,AEGIS,HOJ-I/HOJ-II B-16(O)/17(O),Ullage confirmation & Readiness Documents are awaited.,HOJ-II,07/10/25 10:48,07/10/25 12:30,HOJ-II,08/10/25 19:12,09/10/25 08:42,,,,
HAL12501000::KANKO MARU,HAL12501000,KANKO MARU,2025-09-29,2025-10-06,7,229.00,8.50,Coking Coal,nan,TMILL,Tata Steel/MHC,26(11:32),06(00:45),06(00:45),06(00:45),"35,905",NA,03(16:20),nan,nan,nan,nan,nan,nan,Vessel called in Day tide on date,12,06/10/25 11:42,06/10/25 13:05,2,08/10/25 06:40,08/10/25 06:55,,,,
HAL12500997::NAGUAL,HAL12500997,NAGUAL,2025-10-02,2025-10-06,5,177.85,7.50,Soda Ash,nan,Infinity Shipping,Sudarshan Silicate,04(16:20),04(10:30),04(16:20),08(16:20),"10,000",NA,29(10:26),nan,nan,nan,nan,nan,nan,Vessel can work only B/10,6,07/10/25 00:40,07/10/25 02:48,5,10/10/25 10:50,10/10/25 18:20,,,,
HAL12501059::OCEAN FORTUNE,HAL12501059,OCEAN FORTUNE,2025-10-06,2025-10-06,1,179.99,7.20,HR Coils,nan,Seatrans Shipmanagement,Various/TMILL,05(12:00),06(06:10),06(06:10),14(06:10),"2,665",NA,NA,nan,nan,nan,nan,nan,nan,Reporting time as per Agent,12,10/10/25 02:42,10/10/25 03:45,12,10/10/25 07:55,10/10/25 09:15,,,,
HAL12501073::SHENG HANG HUA 16,HAL12501073,SHENG HANG HUA 16,2025-10-06,2025-10-06,1,119.88,7.10,Nitric Acid,nan,Atlantic Global Shipping,Lasons India Pvt Ltd,06(10:11),ETA-06(14:00),NA,NA,"5,240",NA,NA,nan,nan,nan,nan,nan,nan,Priority may not be accorded,7,08/10/25 01:30,08/10/25 03:06,7,08/10/25 13:36,08/10/25 17:25,,,,
HAL12501071::STI DUCHESSA (COASTAL),HAL12501071,STI DUCHESSA (COASTAL),2025-10-04,2025-10-06,3,183.12,8.20,nan,HSD-(I)-12140 MS-(I)-2902,ATLANTIC GLOBAL,RELANCE INDUSTRIES,nan,nan,nan,nan,nan,nan,nan,03(20:12),06(10:06),06(10:06),35,RELANCE INDUSTRIES,HOJ-III B-18(O),Ullage confirmation & Readiness Documents are awaited.,,,,,,,,,,
HAL12501056::SUMIRE GAS,HAL12501056,SUMIRE GAS,2025-09-29,2025-10-06,7,229.90,8.00,nan,PROPANE-(I)-10317.93 BUTANE-(I)-10560.98,ATLANTIC GLOBAL,IOCL,nan,nan,nan,nan,nan,nan,nan,01(08:15),02(13:15),02(13:15),28,IOPPL,HOJ-I/HOJ-II B-16(O)/17(O),Ullage confirmation & Readiness Documents are awaited.,HOJ-I,07/10/25 10:42,07/10/25 12:00,HOJ-I,08/10/25 13:24,08/10/25 21:06,,,,
HAL12501077::CAPRICORN TRADER,HAL12501077,CAPRICORN TRADER,2025-10-05,2025-10-07,3,228.99,7.91,Coking Coal,nan,J M Baxi Marine Services,SAIL/MHC,Not Ready,06(18:36),NA,NA,"33,000",NA,NA,nan,nan,nan,nan,nan,nan,Vessel called in Day tide on date,8,07/10/25 13:30,07/10/25 14:35,8,09/10/25 01:35,09/10/25 03:45,,,,
HAL12501058::DM DRAGON,HAL12501058,DM DRAGON,2025-09-29,2025-10-07,8,126.50,8.10,nan,PARAXYLENE-(I)9521,SAMUDRA MARINE,MCPI,nan,nan,nan,nan,nan,nan,nan,06(04:50),06(08:08),07(08:08),27,MCPI,HOJ-I & OT-II B-16(O)& OT-II,Ullage confirmation & Readiness Documents are awaited. | Revised Seniority at par with category 4 vessels. (Vessel waiting for more than 24 Hrs),TERMINAL,08/10/25 11:10,08/10/25 13:40,TERMINAL 2,09/10/25 09:40,10/10/25 08:54,,,,
HAL12501069::AM UMANG,HAL12501069,AM UMANG,2025-10-03,2025-10-08,6,228.99,8.50,Pyroxenite,nan,TMILL,Samsara Shipping/MHC,06(11:09),ETA-08(14:00),NA,NA,"37,889",NA,05(19:32),nan,nan,nan,nan,nan,nan,VesselneapedinallNightTides.Vesselswapped from TMILL Berth to Port Berth on 06(10:17) | VesselswappedfromTMILLBerthtoPortBerthon 06(10:17). Vessel was late for tide on 08(Day),2,09/10/25 02:12,09/10/25 03:20,2,10/10/25 13:25,10/10/25 16:15,,,,
HAL12501094::SYROS I,HAL12501094,SYROS I,2025-10-07,2025-10-08,2,229.02,8.00,Coking Coal,nan,Seatrans Shipmanagement Services,SAIL/ISPHL,BOT Berth,08(05:36),08(05:36),08(05:36),"33,000",NA,NA,nan,nan,nan,nan,nan,nan,,4A,09/10/25 04:00,09/10/25 04:55,4A,11/10/25 13:30,12/10/25 04:35,,,,
HAL12500811::ERA S,HAL12500811,ERA S,2025-08-20,2025-10-09,29,189.80,6.16,Sulphur,nan,Alap Carriers,Sai Sulphonates/TMILL,20(10:30),07(20:00),07(20:00),11(20:00),"12,599",NA,14(10:33),nan,nan,nan,nan,nan,nan,Late for tide on 15(Day) | Late fortide on 15(Day) &15(Night). Vessel called in Day tide on date | VesselshiftedtoParadipanchorageduetodispute between Owner & Charterer Agent | VesselshiftedtoParadipanchorageduetodispute between Owner & Charterer Agent. Vessel is 16 NauticalMilesaway from SandheadsAnchorage. No update receives from Vessel | VesselshiftedtoParadipanchorageduetodispute between Owner & Charterer Agent. Vessel is 16 NauticalMilesaway from SandheadsAnchorage. No update received from vessel. | Vessel is at Kakinada for technical support. No further updated from Vessel Agent,13,10/10/25 04:42,,12,11/10/25 17:20,11/10/25 18:45,BERTH-13,BERTH-12,10/10/25 13:45,10/10/25 16:25
HAL12501040::GAS QUANTUM,HAL12501040,GAS QUANTUM,2025-09-29,2025-10-09,10,173.70,8.00,nan,AMMONIA-(I)-11100,SEAFREIGHT SHIPPING,INDORAMA INDIA,nan,nan,nan,nan,nan,nan,nan,04(07:12),27(10:40),04(07:12),22,INDORAMA INDIA,HOJ-I B-16(O),Vessel called at B/16(O),HOJ-I,09/10/25 12:12,09/10/25 13:36,HOJ-I,10/10/25 12:00,10/10/25 21:30,,,,
HAL12501104::MV MSC TIGER F,HAL12501104,MV MSC TIGER F,2025-10-09,2025-10-09,1,154.51,8.50,Container,nan,MSC Agency (India),Slot Charterers,Not Ready,ETA-14th,NA,NA,Nil,NA,NA,nan,nan,nan,nan,nan,nan,,,,,,,,,,,
HAL12501087::SKY RUNNER,HAL12501087,SKY RUNNER,2025-10-07,2025-10-09,3,128.60,5.20,nan,BENZENE-(E)-6300,SAMUDRA MARINE,HPL,nan,nan,nan,nan,nan,nan,nan,06(13:00),Not Ready,Not Ready,N/A,HPL,HOJ-I B-16(O),Readiness Documents are awaited.,HOJ-I,20/10/25 10:12,20/10/25 12:30,HOJ-I,21/10/25 05:59,21/10/25 07:36,,,,
HAL12501088::VISHVA VINAY,HAL12501088,VISHVA VINAY,2025-10-07,2025-10-09,3,229.00,8.10,Coking Coal,nan,The Shipping Corporation,SAIL/MHC,Not Ready,09(00:42),NA,NA,"32,000",NA,NA,nan,nan,nan,nan,nan,nan,Vessel called in Day tide on date,8,09/10/25 16:24,09/10/25 17:45,8,11/10/25 03:00,11/10/25 05:10,,,,
HAL12501046::ZUNAIRAH ZARISHA 4,HAL12501046,ZUNAIRAH ZARISHA 4,2025-09-28,2025-10-09,11,82.98,3.60,Container,nan,Everett (India) Pvt Ltd,Slot Charterers,08(10:31),08(17:35),08(17:35),NA,58 Boxes,270 TEUs,08(11:09),nan,nan,nan,nan,nan,nan,Vessel called in Day tide on date,10,09/10/25 14:30,09/10/25 16:15,10,10/10/25 05:30,10/10/25 08:10,,,,
HAL12501063::ARETHOUSA,HAL12501063,ARETHOUSA,2025-10-01,2025-10-10,10,225.00,8.20,Coking Coal,nan,Gac Shipping,SAIL/MHC,Not Ready,09(23:36),NA,NA,"32,000",NA,NA,nan,nan,nan,nan,nan,nan,VesselswappedfromBOTBerthtoPortBerthon 08(14:21) | Vessel swapped from BOT Berth to Port Berth on 08(14:21),8,11/10/25 06:06,11/10/25 16:30,8,13/10/25 01:20,13/10/25 06:30,,,,
HAL12501099::HAKUTA,HAL12501099,HAKUTA,2025-10-08,2025-10-10,3,228.99,8.15,Coking Coal,nan,TMILL,SAIL/MHC,Not Ready,09(21:30),NA,NA,"33,000",NA,NA,nan,nan,nan,nan,nan,nan,Vessel swapped from BOT Berth to Port Berth on 09(11:14). Vessel called in Day tide on date,2,10/10/25 17:54,10/10/25 18:55,2,12/10/25 08:55,12/10/25 09:20,,,,
HAL12501076::SHIVALIK,HAL12501076,SHIVALIK,2025-10-05,2025-10-10,6,225.28,8.50,nan,PROPANE-(I)-11614 BUTANE-(I)-11090,INTEROCEAN,IOCL,nan,nan,nan,nan,nan,nan,nan,10(03:48),08(09:48),10(03:48),31,IOPPL,HOJ-I/HOJ-II B-16(O)/17(O),Ullage confirmation & Readiness Documents are awaited. | Vessel called at B/17(O),HOJ-II,10/10/25 13:06,10/10/25 14:24,HOJ-II,11/10/25 21:00,12/10/25 10:54,,,,
HAL12501061::SITC MINGCHENG,HAL12501061,SITC MINGCHENG,2025-10-01,2025-10-10,10,188.80,8.60,Container,nan,Eastern Liner Shipping,Slot Charterers,08(10:37),10(03:30),10(03:30),NA,"1,160 Boxes","2,033 TEUs",08(17:14),nan,nan,nan,nan,nan,nan,Vessel neaped in all Night Tides | VesselneapedinallNightTides.VesselcalledinDay tide on date,10,10/10/25 16:45,10/10/25 17:00,10,12/10/25 21:58,12/10/25 22:30,,,,
HAL12501014::VAN INFINITY,HAL12501014,VAN INFINITY,2025-10-02,2025-10-10,9,189.99,8.40,Manganese Ore,nan,Gac Shipping,Various/MHC,06(10:34),07(14:45),07(14:45),07(14:45),"28,521",NA,26(17:41),nan,nan,nan,nan,nan,nan,"To lighten 4,160 MT at Sagar | Lightening 4,160 MT at Sagar. (BOB-3,610 MT). Aftercompletionoflighterageopertaionexpected draft would be 8.40 | Lightened 4,160 MT at Sagar. F/W at Sagar on 08(21:00) | Lightened 4,160 MT at Sagar. F/W at Sagar on 08(21:00).Vesselcouldnotbesuppliedon09(Night) tide due to Engine break-down. Engine ready on 09(14:30)",13,11/10/25 02:42,11/10/25 04:30,13,12/10/25 10:45,12/10/25 17:20,,,,
HAL12501103::W ARCTURUS,HAL12501103,W ARCTURUS,2025-10-09,2025-10-10,2,229.00,8.26,Coking Coal,nan,Searans Shipmanagement,SAIL/MHC,Not Ready,ETA-11(18:00),NA,NA,"33,000",NA,NA,nan,nan,nan,nan,nan,nan,,,,,,,,,,,
HAL12501072::BAY SPIRIT,HAL12501072,BAY SPIRIT,2025-10-04,2025-10-11,8,119.62,8.20,nan,PARAXYLENE-(I)9527,SAMUDRA MARINE,MCPI,nan,nan,nan,nan,nan,nan,nan,10(04:20),09(10:15),10(04:20),27,MCPI,HOJ-I & OT-II B-16(O)& OT-II,Ullage confirmation & Readiness Documents are awaited. | Vessel called at OT-II,TERMINAL,11/10/25 13:00,11/10/25 15:48,TERMINAL 2,12/10/25 11:00,12/10/25 22:30,,,,
HAL12501064::BH FORTUNE,HAL12501064,BH FORTUNE,2025-10-02,2025-10-11,10,229.00,8.50,Limestone & Pyroxenite,nan,TMILL,Tata Steel/TMILL,06(10:30),09(12:36),09(12:36),13(12:36),"35,845",NA,05(10:52),nan,nan,nan,nan,nan,nan,Importerhasrequestedvideemailtheywilltakethe subjectvesselonlyaftercompletionofM.V.ERAS& M.V. OCEAN FORTUNE | Importerhasrequestedvideemailtheywilltakethesubject vessel only after completion of M.V. ERA S & M.V. OCEAN FORTUNE,12,12/10/25 03:24,12/10/25 04:45,12,14/10/25 11:35,14/10/25 22:40,,,,
HAL12501079::GREEN SACHI,HAL12501079,GREEN SACHI,2025-10-05,2025-10-11,7,225.28,8.60,nan,PROPANE-(I)-13000 BUTANE-(I)-11934,ATLANTIC GLOBAL,BPCL,nan,nan,nan,nan,nan,nan,nan,04(01:00),10(11:03),10(11:03),36,BPCL,HOJ-III B-18(O),Ullage confirmation & Readiness Documents are awaited. | Vessel called at B/18(O),HOJ-III,11/10/25 13:00,11/10/25 17:00,HOJ-III,13/10/25 05:30,13/10/25 11:54,,,,
HAL12501097::KOTA RUKUN,HAL12501097,KOTA RUKUN,2025-10-08,2025-10-11,4,144.01,8.10,Container,nan,PIL (India) Pvt Ltd,Slot Charterers,Not Ready,ETA-13(23:00),NA,NA,Nil,NA,NA,nan,nan,nan,nan,nan,nan,"Only Import | As per Agent, the voyage of the vessel may be cancelled",,,,,,,,,,
HAL12501106::PAN NAVIGATOR,HAL12501106,PAN NAVIGATOR,2025-10-09,2025-10-11,3,228.99,7.95,Coking Coal,nan,J M Baxi Marine Services,SAIL/ISPHL,BOT Berth,ETA-11(16:30),NA,NA,"33,000",NA,10(10:26),nan,nan,nan,nan,nan,nan,,4A,12/10/25 05:18,,4A,14/10/25 08:45,14/10/25 10:15,,,,
HAL12501083::TRADER,HAL12501083,TRADER,2025-10-07,2025-10-11,5,166.15,8.50,Container,nan,MSC Agency,Slot Charterers,10(12:56),10(22:06),10(22:06),NA,527 Boxes,780 TEUs,10(13:11),nan,nan,nan,nan,nan,nan,,11,11/10/25 16:30,11/10/25 17:30,11,13/10/25 07:30,13/10/25 09:55,,,,
HAL12501117::ZUNAIRAH ZARISHA,HAL12501117,ZUNAIRAH ZARISHA,2025-10-11,2025-10-11,1,82.98,3.50,Container,nan,Everett (India) Pvt Ltd,Slot Charterers,Not Ready,ETA-16th,NA,NA,Nil,NA,NA,nan,nan,nan,nan,nan,nan,,,,,,,,,,,
HAL12501114::ADASTRA,HAL12501114,ADASTRA,2025-10-11,2025-10-12,2,183.00,7.44,Rock Phosphate,nan,V ocean Shipping,Indorama India & Progressive Fertichem/GBTPL,11(11:00),ETA-12(11:00),NA,NA,"22,000",NA,11(11:19),nan,nan,nan,nan,nan,nan,Late for tide on 12(Day),4B,13/10/25 06:05,13/10/25 08:50,8,16/10/25 02:15,16/10/25 11:40,,,,
HAL12500948::CHS COLOMBO,HAL12500948,CHS COLOMBO,2025-09-13,2025-10-12,28,150.73,8.30,Container,nan,MSC Agency,Slot Charterers,10(14:52),11(20:00),11(20:00),NA,193 Boxes,245 TEUs,10(14:30),nan,nan,nan,nan,nan,nan,Only Export | Only Import | Only Import. Vessel called in Day tide on date,4,12/10/25 16:24,13/10/25 05:30,10,13/10/25 12:30,13/10/25 18:25,BERTH-4,BERTH-10,13/10/25 00:30,13/10/25 03:30
HAL12501052::FAIRWAY (COASTAL),HAL12501052,FAIRWAY (COASTAL),2025-09-29,2025-10-12,13,171.26,7.00,nan,HSD-(E)-7100 MS-(E)-1500 ATF-(E)-1550,ATLANTIC GLOBAL,IOCL,nan,nan,nan,nan,nan,nan,nan,26(07:00),26(15:58),26(15:58),36,IOCL,HOJ-I B-16(O),"Vessel was called at HOJ-I on 11th Oct'2025 AM tide, However could not be supplied due to Marine constraint. | 1. Vessel was called at HOJ-I on 11th Oct'2025 AM tide, However could not be supplied due to Marine constraint. 2. Vesel called in Day tide on date at B/16(O)",,,,,,,,,,
HAL12501096::GREEN SHAKTI,HAL12501096,GREEN SHAKTI,2025-10-08,2025-10-12,5,225.28,8.30,nan,PROPANE-(I)-11000 BUTANE-(I)-11000,ATLANTIC GLOBAL,HPCL,nan,nan,nan,nan,nan,nan,nan,08(21:48),09(12:58),09(12:58),HOJ-I=42 HOJ-II =34,AEGIS,HOJ-I/HOJ-II B-16(O)/17(O),Ullage confirmation & Readiness Documents are awaited. | Vesel called in Day tide on date at B/17(O),HOJ-II,12/10/25 14:24,12/10/25 15:36,HOJ-II,13/10/25 20:36,13/10/25 23:40,,,,
HAL12501078::XING SHUN HAI,HAL12501078,XING SHUN HAI,2025-10-05,2025-10-12,5,229.00,8.10,Lam Coke,nan,Eveready Shipping Agencies,Narsingh Ispat & India Coke & Power/MHC,10(12:51),11(05:30),11(05:30),11(05:30),"30,500",NA,11(12:43),nan,nan,nan,nan,nan,nan,Vesselwascalledin12(Day)tidebutcouldnotbesupplieddue to Marine constraint,13,13/10/25 03:54,,13,14/10/25 21:50,15/10/25 00:30,,,,
HAL12501110::ROYAL STELLAR,HAL12501110,ROYAL STELLAR,2025-10-10,2025-10-13,4,228.99,8.15,Coking Coal,nan,Gac Shipping,SAIL/MHC,Not Ready,12(23:48),NA,NA,"33,000",NA,12(15:54),nan,nan,nan,nan,nan,nan,VesselswappedfromBOTBerthtoPortBerth.Vesselneapedon 15(Day) | VesselswappedfromBOTBerthtoPortBerthon12(11:47). Vessel called in Day tide on date,2,13/10/25 17:10,13/10/25 17:45,2,15/10/25 05:40,15/10/25 11:45,BERTH-2,BERTH-12,15/10/25 07:40,
HAL12501031::SANMAR SNEHA (COASTAL),HAL12501031,SANMAR SNEHA (COASTAL),2025-09-29,2025-10-13,14,200.00,8.25,nan,NAPHTHA-(I)-26000,BEN LINE AGENCIES,HPL,nan,nan,nan,nan,nan,nan,nan,11(15:36),01(10:17),11(15:36),HOJ-I=34 HOJ-II & III=26,HPL,HOJ-I/HOJ-II/HOJ-III B-16(O)/17(O)/18(O),Ullage confirmation & Readiness Documents are awaited. | Vessel neaped on 14th Oct'25 & 15th Oct'25. | 1. Vessel neaped on 14th Oct'25 & 15th Oct'25. 2. Vessel called at B/18(O),,,,,,,,,,
HAL12501105::FANTASEA,HAL12501105,FANTASEA,2025-10-09,2025-10-14,6,224.94,8.10,PCI Coal,nan,Eveready Shipping,SAIL/MHC,Not Ready,13(07:00),NA,NA,"33,000",NA,NA,nan,nan,nan,nan,nan,nan,Vessel swapped from BOT Berth to Port Berth | ReportingtimeasperAgent.VesselswappedfromBOTBerthto PortBerthon12(10:52).Vesselwascalledin13(Day)tidebut could not be supplied due to unable to pickup Pilot | ReportingtimeasperAgent.VesselswappedfromBOTBerthto PortBerthon12(10:52).Vesselwascalledin13(Day)tidebut could not be supplied due to Pilot ladder problem | Vessel swapped from BOT Berth to Port Berth on 12(10:52). Vesselwascalledin13(Day)&13(Night)tidebutcouldnotbe suppliedduetoPilotladderproblem.VesselcalledinDaytideon date | VesselswappedfromBOTBerthtoPortBerthon12(10:52). Vesselwascalledin13(Day)&13(Night)tidebutcouldnotbe suppliedduetoPilotladderproblem.VesselcalledinDaytide on date,HOJ-I,14/10/25 17:30,14/10/25 18:42,HOJ-I,16/10/25 03:00,16/10/25 13:10,,,,
HAL12501075::MADO,HAL12501075,MADO,2025-10-05,2025-10-14,10,225.13,8.20,nan,PROPANE-(I)-11106 BUTANE-(I)-11126,INTEROCEAN,IOCL,nan,nan,nan,nan,nan,nan,nan,11(08:40),11(09:53),10(17:05),30,IOPPL,HOJ-I/HOJ-II B-16(O)/17(O),"Ullage confirmation & Readiness Documents are awaited. | As requested from Importer (IOCL), vessel seniority swapped with M.T. BW PINE vide email dated 11(11:32) | 1. As requested from Importer (IOCL), vessel seniority swapped with M.T. BW PINE vide email dated 11(11:32) 2. Vessel neaped on 15th Oct'25 | 1. As requested from Importer (IOCL), vessel seniority swapped with M.T. BW PINE vide email dated 11(11:32) 2. Vessel called at B/16(O)",,,,11,15/10/25 19:48,16/10/25 04:06,,,,
HAL12501090::MARIBLUE,HAL12501090,MARIBLUE,2025-10-11,2025-10-14,4,189.99,8.27,Manganese Ore,nan,Seavision Shipping,Various/MHC,11(16:25),12(16:30),12(16:30),12(16:30),"26,900",NA,07(23:34),nan,nan,nan,nan,nan,nan,"To lighten 2,000 MT at Sagar | Lightening2,000MTatSagar.C/WatSagaron13(07:15).After completion of lighterage opertaion expected draft would be 8.20 | Lightened2,000MTatSagar.C/WatSagaron13(07:15).F/Wat Sagar on 13(16:00)ate",2,15/10/25 08:45,15/10/25 10:00,2,16/10/25 18:25,16/10/25 23:25,,,,
HAL12501081::MSC QINGDAO F,HAL12501081,MSC QINGDAO F,2025-10-07,2025-10-14,8,170.00,8.50,Container,nan,MSC Agency,Slot Charterers,12(09:36),13(20:55),13(20:55),NA,147 Boxes,222 TEUs,11(14:55),nan,nan,nan,nan,nan,nan,Only Import. Vessel nepaed on 14(Day) & 15(Day) | OnlyImport.Vesselwascalledin13(Night)tidebutcouldnotbe suppliedduetoEngineproblem.Vesselnepaedon14(Day)& 15(Day),11,15/10/25 11:00,15/10/25 11:15,12,15/10/25 17:10,15/10/25 22:30,,,,
HAL12501055::OCEAN HAPPINESS,HAL12501055,OCEAN HAPPINESS,2025-10-03,2025-10-14,12,179.99,8.27,Lentils,nan,Greym Marine,Louis Dreyfus Company,11(12:27),09(10:30),11(12:27),15(12:27),"20,028",NA,NA,nan,nan,nan,nan,nan,nan,"Tolighten3,300MTatSagar.Cargodestinedfor KDS | To lighten 3,300 MT at Sagar. Cargo destined for KDS | Tolighten3,300MTatSagar.Cargodestinedfor KDS. Reporting time as per Agent | To lighten 3,300 MT at Sagar. Cargo destined for KDS. | Lightening 3,300 MT at Sagar. Cargo destined for KDS. | Lightened 3,300 MT at Sagar. F/W at Sagar on 13(19:00).Lighterage cargo destined for KDS. Vessel called in Day tide on date",8,14/10/25 19:00,14/10/25 20:10,13,18/10/25 11:55,22/10/25 17:20,,,,
HAL12501071R::STI DUCHESSA (COASTAL),HAL12501071R,STI DUCHESSA (COASTAL),2025-10-09,2025-10-14,6,183.12,7.65,nan,NAPHTHA-(E)-15000,ATLANTIC GLOBAL,IOCL,nan,nan,nan,nan,nan,nan,nan,09(02:48),12(13:02),12(13:02),36,IOCL,HOJ-I/HOJ-II B-16(O)/17(O),1. Ullage confirmation & Readiness Documents are awaited. 2. NOR yet to be tendered. | Readiness Documents are awaited. | Vessel called at B/17(O),,,,,,,,,,
HAL12501120::W ARCTURUS,HAL12501120,W ARCTURUS,2025-10-12,2025-10-14,3,229.00,8.30,Coking Coal,nan,Seatrans Shipmanagement Services,SAIL/ISPHL,BOT Berth,13(00:42),13(00:42),13(00:42),"33,000",NA,11(16:16),nan,nan,nan,nan,nan,nan,VesselswappedfromPortBerthtoBOTBerth.Vesselneapedon 14(Day) & 15(Day) | VesselswappedfromPortBerthtoBOTBerthon13th.Vessel neaped on 14(Day) & 15(Day),4A,15/10/25 07:06,15/10/25 08:10,4A,17/10/25 11:15,17/10/25 13:50,,,,
HAL12501074::BW PINE,HAL12501074,BW PINE,2025-10-04,2025-10-15,12,226.00,8.40,nan,PROPANE-(I)-11569 BUTANE-(I)-12170,ATLANTIC GLOBAL,IOCL,nan,nan,nan,nan,nan,nan,nan,10(13:18),10(17:05),11(09:53),32,IOPPL,HOJ-I/HOJ-II B-16(O)/17(O),"Ullage confirmation & Readiness Documents are awaited. | Vessel neaped from 13th Oct'25 to 15th Oct'25. | 1. Vessel neaped from 13th Oct'25 to 15th Oct'25. 2. As requested from Importer (IOCL), vessel seniority swapped with M.T. MADO vide email dated 11(11:32) | 1. Vessel neaped till 15th Oct'25. 2. As requested from Importer (IOCL), vessel seniority swapped with M.T. MADO vide email dated 11(11:32)",HOJ-II,16/10/25 07:45,16/10/25 08:54,13,17/10/25 19:42,,OIL JETTY,OIL JETTY -,17/10/25 08:30,17/10/25 10:48
HAL12501044::MILA,HAL12501044,MILA,2025-10-04,2025-10-15,9,199.98,8.40,Manganese Ore,nan,Infinity Shipping,Various/MHC,10(14:13),12(18:18),12(18:18),12(18:18),"31,060",NA,11(17:22),nan,nan,nan,nan,nan,nan,"To lighten 2,600 MT at Sagar | Lightening2,600MTatSagar.C/WatSagaron13(06:55).After completion of lighterage opertaion expected draft would be 8.40 | Lightenied2,600MTatSagar.C/WatSagaron13(06:55).After completionoflighterageopertaionexpecteddraftF/WatSagar on 13(16:00) | Lightened2,600MTatSagar.C/WatSagaron13(06:55).F/Wat Sagar on 13(15:45). Vessel neaped on 14 (Day) & 15(Day)",13,16/10/25 09:18,16/10/25 10:25,10,17/10/25 20:00,18/10/25 00:50,,,,
HAL12501124::SANMAR SANTOOR (COASTAL),HAL12501124,SANMAR SANTOOR (COASTAL),2025-10-14,2025-10-15,2,182.50,7.90,nan,HSD-(I)-15019 MS-(I)-2990,ATLANTIC GLOBAL,BPCL,nan,nan,nan,nan,nan,nan,nan,13(12:36),14(09:37),14(09:37),30,BPCL,HOJ-I/HOJ-II/HOJ-III B-16(O)/17(O)/18(O),"As inform by BPCL, they will be able to receive cargo from the vessel at HOJ-III from 15.10.2025 onwards and from HOJ- I&II from 16.10.2025. | Vessel called at B/18(O)",,,,,,,,,,
HAL12501093::SSL SABARIMALAI,HAL12501093,SSL SABARIMALAI,2025-10-07,2025-10-15,9,143.15,8.00,Container,nan,Unifeeder Agencies,Slot Charterers,13(16:40),14(23:00),14(23:00),NA,529 Boxes,570 TEUs,14(16:27),nan,nan,nan,nan,nan,nan,Vessel called in Day tide on date,10,15/10/25 21:15,15/10/25 21:30,10,17/10/25 00:06,17/10/25 01:00,,,,
HAL12501084::GREEN SANVI,HAL12501084,GREEN SANVI,2025-10-07,2025-10-16,10,225.28,8.20,nan,PROPANE-(I)-10641 BUTANE-(I)-10049,ATLANTIC GLOBAL,BPCL,nan,nan,nan,nan,nan,nan,nan,05(23:48),13(18:58),13(18:58),36,BPCL,HOJ-III B-18(O),Ullage confirmation & Readiness Documents are awaited. | 1. Vessel neaped on 15th Oct'25 2. Ullage confirmation & Readiness Documents are awaited. | Vessel neaped on 15th Oct'25,HOJ-III,17/10/25 09:12,17/10/25 10:48,,,,,,,
HAL12501082::ORCHARD STAR,HAL12501082,ORCHARD STAR,2025-10-07,2025-10-16,10,158.56,8.10,Container,nan,Far Shipping,Slot Charterers,15(10:01),15(22:00),15(22:00),NA,399 Boxes,420 TEUs,14(09:49),nan,nan,nan,nan,nan,nan,Only Import | Only Import. Vessel called in Night tide on date,12,17/10/25 00:06,,12,17/10/25 21:05,17/10/25 22:40,,,,
HAL12501098::PINE GAS,HAL12501098,PINE GAS,2025-10-08,2025-10-16,9,225.27,8.20,nan,PROPANE-(I)-11000 BUTANE-(I)-11050,ATLANTIC GLOBAL,HPCL,nan,nan,nan,nan,nan,nan,nan,11(08:14),14(11:56),14(11:56),HOJ-I=42 HOJ-II=34,AEGIS,HOJ-I/HOJ-II B-16(O)/17(O),Ullage confirmation & Readiness Documents are awaited. | 1. Vessel neaped on 15th Oct'25 2. Ullage confirmation & Readiness Documents are awaited. | Vessel neaped on 15th Oct'25.,HOJ-II,17/10/25 08:42,17/10/25 10:00,,,,,,,
HAL12501111::RUI NING 22,HAL12501111,RUI NING 22,2025-10-13,2025-10-16,4,225.00,7.80,Metallurgical Coke,nan,Seatrans Shipmanagement,Various/MHC,11(13:50),15(12:42),15(12:42),15(12:42),"21,026",NA,14(15:34),nan,nan,nan,nan,nan,nan,Vessel called in Night tide on date,8,16/10/25 21:30,16/10/25 22:50,HOJ-I,17/10/25 03:30,,,,,
HAL12501091::SITC SHEKOU,HAL12501091,SITC SHEKOU,2025-10-07,2025-10-16,10,188.80,8.40,Container,nan,Eastern Liner Shipping,Slot Charterers,14(16:15),15(20:46),15(20:46),NA,993 Boxes,"2,176 TEUs",14(12:08),nan,nan,nan,nan,nan,nan,Vessel called in Day tide on date,11,16/10/25 11:45,16/10/25 13:45,,,,,,,
HAL12501130::GAS VENUS,HAL12501130,GAS VENUS,2025-10-15,2025-10-17,3,230.00,8.20,nan,PROPANE-(I)-11970 BUTANE-(I)-11161,INTEROCEAN,IOCL,nan,nan,nan,nan,nan,nan,nan,15(03:12),15(12:12),15(12:12),31,IOPPL,HOJ-I/HOJ-II B-16(O)/17(O),1. Vessel neaped on 15th Oct'25. 2. Ullage confirmation & Readiness Documents are awaited.,,,,HOJ-II,19/10/25 15:54,19/10/25 18:36,,,,
HAL12501131::RIPLEY PROGRESS,HAL12501131,RIPLEY PROGRESS,2025-10-15,2025-10-17,3,225.00,7.20,Thermal Coal,nan,Seatrans Shipmanagement,Andhra Pradesh Power Development/Mechanical,16(13:08),17(01:35),17(01:35),17(01:35),"29,000",NA,NA,nan,nan,nan,nan,nan,nan,Coastal | Coastal. Vessel called in Day tide on date,4,17/10/25 14:48,17/10/25 16:00,4,19/10/25 16:00,19/10/25 23:05,,,,
HAL12501062::VISHVA MALHAR,HAL12501062,VISHVA MALHAR,2025-10-01,2025-10-17,17,189.99,8.60,Limestone,nan,Seatrans Shipmanagement,SAIL/MHC,Not Ready,13(07:54),NA,NA,"27,000",NA,07(15:11),nan,nan,nan,nan,nan,nan,"Vessel neaped all Night Tides | VesselneapedallNightTides.Vesselwaslatefor tide on 08(Day) | VesselneapedallNightTides.Nofurtherupdatefrom Master of the vessel | VesselneapedinallNightTidesand13(Day),14(Day)&15(Day) also | ReportingtimeasperAgent.VesselneapedinallNightTidesand 13(Day), 14(Day) & 15(Day) also | ReportingtimeasperAgent.VesselneapedinallNightTides and 13(Day), 14(Day) & 15(Day) also | Vessel neaped in all Night Tides and 13(Day), 14(Day) & 15(Day) also | Vesselwasneapedtill15thaswellasinallNightTides.Vessel called in Day tide on date",2,17/10/25 10:54,17/10/25 11:40,4,18/10/25 21:25,23/10/25 03:10,BERTH-2,BERTH-12,19/10/25 13:40,
HAL12501122::ZUNAIRAH ZARISHA 3,HAL12501122,ZUNAIRAH ZARISHA 3,2025-10-12,2025-10-17,6,82.98,3.60,Container,nan,Everett (India) Pvt Ltd,Slot Charterers,15(22:00),14(18:36),15(22:00),NA,213 Boxes,300 TEUs,15(10:45),nan,nan,nan,nan,nan,nan,Vessel called in Night tide on date,10,17/10/25 23:40,18/10/25 00:40,,,,,,,
HAL12501156::AQUAVITA ETERNITY,HAL12501156,AQUAVITA ETERNITY,2025-10-18,2025-10-18,1,229.00,8.50,Coking Coal,nan,J M Baxi Marine Services,SAIL/ISPHL,BOT Berth,ETA-18(16:00),NA,NA,"33,000",NA,NA,nan,nan,nan,nan,nan,nan,,,,,4A,21/10/25 01:45,21/10/25 13:05,,,,
HAL12501085::BLPL BLESSING,HAL12501085,BLPL BLESSING,2025-10-07,2025-10-18,12,150.73,8.36,Container,nan,Transworld Global Logistics Solutions,Slot Charterers,15(17:06),17(17:42),17(17:42),NA,91 Boxes,141 TEUs,15(16:43),nan,nan,nan,nan,nan,nan,Only Import | Only Import. Vessel called in Night tide on date,,,,11,19/10/25 08:15,21/10/25 22:35,BERTH-11,BERTH-5,20/10/25 20:20,
HAL12501146::ESCADA,HAL12501146,ESCADA,2025-10-17,2025-10-18,2,154.00,8.80,Container,nan,Samsara Shipping,Slot Charterers,17(20:22),ETA-18(11:00),NA,NA,259 Boxes,304 TEUs,NA,nan,nan,nan,nan,nan,nan,Vessel neaped in all Night tides. Only Import,10,19/10/25 11:45,19/10/25 12:00,10,20/10/25 00:20,20/10/25 01:45,,,,
HAL12501102::FORTUNE (COASTAL),HAL12501102,FORTUNE (COASTAL),2025-10-09,2025-10-18,10,127.90,6.20,nan,LUBE OIL-(E)-5400,ATLANTIC GLOBAL,IOCL,nan,nan,nan,nan,nan,nan,nan,09(05:42),12(13:08),12(13:08),24,IOCL,HOJ-I B-16(O),"Vessel declared on 08(11:22). | Vessel submitted readines documents on 08(11:22). However, readines documents withdrawn vide email dated 10(11:50) | 1. Vessel submitted readines documents on 08(11:22). However, readines documents withdrawn vide email dated 10(11:50) 2. Vessel Re-readines vide email dated- 12(13:08)",,,,,,,,,,
HAL12501137::JAG AALOK,HAL12501137,JAG AALOK,2025-10-16,2025-10-18,3,229.00,8.10,Coking Coal,nan,Gac Shipping,SAIL/MHC,Not Ready,ETA-19(02:30),NA,NA,"33,000",NA,NA,nan,nan,nan,nan,nan,nan,,2,19/10/25 23:24,20/10/25 00:06,HOJ-III,21/10/25 10:45,22/10/25 15:25,BERTH-2,BERTH-13,21/10/25 11:30,
HAL12501135::JAG PUSHPA (COASTAL),HAL12501135,JAG PUSHPA (COASTAL),2025-10-15,2025-10-18,4,183.00,8.40,nan,HSD-(I)-11285 MS-(I)-5546,ATLANTIC GLOBAL,RELIANCE INDUSTRIES,nan,nan,nan,nan,nan,nan,nan,17(13:00),17(14:21),17(14:21),35,RELIANCE INDUSTRIES,HOJ-III B-18(O),Ullage confirmation & Readiness Documents are awaited.,,,,,,,,,,
HAL12501153::KAMUI GALAXY,HAL12501153,KAMUI GALAXY,2025-10-17,2025-10-18,2,157.03,6.80,nan,MS-(E)-10500,SAMUDRA MARINE,HPL,nan,nan,nan,nan,nan,nan,nan,17(09:24),17(09:55),17(09:55),29,HPL,HOJ-I/HOJ-III B-16(O)/18(O),Vessel declared on 17(09:55). | 1. Vessel declared on 17(09:55). 2. Vessel called at B/18(O),,,,HOJ-III,19/10/25 22:00,20/10/25 06:55,,,,
HAL12501113::LA LUNA,HAL12501113,LA LUNA,2025-10-14,2025-10-18,5,199.98,7.90,Manganese Ore,nan,S2 Shipping LLP,Various/MHC,16(11:27),ETA-18(19:00),NA,NA,"26,670",NA,NA,nan,nan,nan,nan,nan,nan,,8,19/10/25 12:40,19/10/25 14:30,8,20/10/25 17:50,21/10/25 01:10,,,,
HAL12501115::SC TIANJIN,HAL12501115,SC TIANJIN,2025-10-11,2025-10-18,8,127.20,8.00,nan,PARAXYLENE-(I)9576,SAMUDRA MARINE,MCPI,nan,nan,nan,nan,nan,nan,nan,17(08:25),17(09:02),18(09:02),27,MCPI,HOJ-I & OT-II B-16(O)& OT-II,Ullage confirmation & Readiness Documents are awaited. | Revised Seniority at par with category 4 vessels. (Vessel waiting for more than 24 Hrs),TERMINAL,19/10/25 09:30,19/10/25 12:40,TERMINAL 2,20/10/25 08:05,22/10/25 07:54,,,,
HAL12501108::ZHE HAI 512,HAL12501108,ZHE HAI 512,2025-10-11,2025-10-18,8,189.99,8.30,Manganese Ore,nan,Sakura Logistics,Various/MHC,11(13:59),13(23:54),13(23:54),13(23:54),"29,600",NA,15(15:26),nan,nan,nan,nan,nan,nan,"To lighten 3,500 MT at Sagar | Tolighten3,500MTatSagar.VesselcalledinNighttideondate at Sagar | Tolighten3,500MTatSagar.VesselcalledinDaytideondateat Sagar | Lightened3,500MTatSagar.F/WatSagaron18(02:30).Vessel wascalledin17(Night)tidebutcouldnotbesuppliedduetolate completion at Sagar. Vessel called in Night tide on date",,,,13,20/10/25 04:30,20/10/25 14:40,,,,
HAL12501087::,HAL12501087,,2025-10-10,2025-10-18,9,128.60,5.20,nan,MTBE-(E)-3150,MARINE,ADVANCED PERFORMANCE,nan,nan,nan,nan,nan,nan,nan,06(13:00),15(13:44),15(13:44),20,ADVANCED PERFORMANCE,B-16(O),Readiness Documents are awaited. | Documents are awaited.,,,,,,,,,,
HAL12501145::DS PANTHER,HAL12501145,DS PANTHER,2025-10-17,2025-10-20,3,128.60,7.88,nan,PARAXYLENE-(I)9527,SAMUDRA MARINE,MCPI,nan,nan,nan,nan,nan,nan,nan,ETA-20(11:00),19(09:22),ETA-20(11:00),27,MCPI,HOJ-I & OT-II B-16(O)& OT-II,Ullage confirmation & Readiness Documents are awaited.,2,21/10/25 12:25,21/10/25 14:45,12,22/10/25 10:40,23/10/25 08:10,BERTH-2,BERTH-4,23/10/25 02:30,
HAL12501143::HISUI,HAL12501143,HISUI,2025-10-17,2025-10-20,3,226.00,8.20,nan,PROPANE-(I)-10788 BUTANE-(I)-12028,ATLANTIC GLOBAL,IOCL,nan,nan,nan,nan,nan,nan,nan,19(10:42),19(23:05),19(23:05),31,IOPPL,HOJ-I/HOJ-II B-16(O)/17(O),Ullage confirmation & Readiness Documents are awaited.,HOJ-II,21/10/25 11:12,21/10/25 12:30,2,22/10/25 15:42,23/10/25 08:12,,,,
HAL12501125::HONG HAO,HAL12501125,HONG HAO,2025-10-14,2025-10-20,6,110.00,4.70,nan,BUTADIENE-(E)-3150,SAMUDRA MARINE,HPL,nan,nan,nan,nan,nan,nan,nan,17(11:30),17(14:50),19(14:50),20,HPL,HOJ-I B-16(O),Readiness Documents are awaited. | Revised Seniority at par with category 4 vessels. (Vessel waiting for more than 48 Hrs),HOJ-I,21/10/25 09:48,21/10/25 11:24,10,22/10/25 05:00,22/10/25 07:42,,,,
HAL12501104::MSC TIGER F,HAL12501104,MSC TIGER F,2025-10-10,2025-10-20,10,154.51,8.40,Container,nan,MSC Agency (India),Slot Charterers,14(15:15),15(22:18),15(22:18),NA,668 Boxes,960 TEUs,16(13:38),nan,nan,nan,nan,nan,nan,"Vesselwascalledin18(Day)tidebutcouldnotsupplieddueto star board side achoring problem | Vesselwascalledin18(Day),18(Night),19(Day)&19(Night)tide butcouldnotsuppliedduetostarboardsideachoringproblem. Vessel called in Day tide on date",10,20/10/25 12:25,20/10/25 12:40,11,21/10/25 20:45,22/10/25 01:00,,,,
HAL12501166::ROSTRUM CYNIC,HAL12501166,ROSTRUM CYNIC,2025-10-18,2025-10-20,2,229.00,8.27,Coking Coal,nan,V Ocean Shipping,SAIL/MHC,Not Ready,19(21:00),NA,NA,"33,150",NA,19(10:55),nan,nan,nan,nan,nan,nan,,8,21/10/25 02:24,21/10/25 03:05,HOJ-II,22/10/25 12:25,23/10/25 06:30,,,,
HAL12501117::ZUNAIRAH ZARISHA 4,HAL12501117,ZUNAIRAH ZARISHA 4,2025-10-12,2025-10-20,8,82.98,3.50,Container,nan,Everett (India) Pvt Ltd,Slot Charterers,18(21:23),ETA-20(17:00),NA,NA,120 Boxes,NA,NA,nan,nan,nan,nan,nan,nan,,11,21/10/25 00:30,21/10/25 00:45,5,21/10/25 16:00,22/10/25 00:15,,,,
HAL12500948R::CHS COLOMBO,HAL12500948R,CHS COLOMBO,2025-10-18,2025-10-22,4,150.733,6.80,Container,nan,MSC Agency,Slot Charterers,Ready,Ex KDS-23rd,18(02:30),NA,166 Boxes,294 TEUs,19(21:39),nan,nan,nan,nan,nan,nan,"Only Export. F/W at KDS on 18(02:30) | OnlyExport.F/WatKDSon18(02:30).AsperAgent,thevoyage of the vessel may be cancelled",,,,,,,,,,
HAL12501138::MARIANNA GLORY,HAL12501138,MARIANNA GLORY,2025-10-16,2025-10-22,6,164.80,7.70,nan,AMMONIA-(I)-10500,EMINENCE SHIPPING,INDORAMA INDIA,nan,nan,nan,nan,nan,nan,nan,20(09:12),17(11:02),20(09:12),22,INDORAMA INDIA,HOJ-I B-16(O),Ullage confirmation & Readiness Documents are awaited. | Vessel called at B/16(O),HOJ-I,22/10/25 12:18,22/10/25 15:00,HOJ-II,23/10/25 09:48,23/10/25 20:52,,,,
HAL12501171::MYKONOS,HAL12501171,MYKONOS,2025-10-21,2025-10-22,2,229.00,8.20,Coking Coal,nan,J M Baxi Marine Services,SAIL/MHC,Not Ready,21(23:00),NA,NA,"33,000",NA,21(12:02),nan,nan,nan,nan,nan,nan,Vessel swapped from BOT Berth to Port Berth. Vessel was calledin22(Day)tidebutcouldnotsuppliedduetoMarine Constraint | VesselswappedfromBOTBerthtoPortBerth. Vesselwascalled in 22(Day) tide but could not supplied due to Marine Constraint,2,23/10/25 02:40,23/10/25 03:40,2,24/10/25 13:20,24/10/25 18:10,,,,
HAL12501127::OTHRYS,HAL12501127,OTHRYS,2025-10-15,2025-10-22,6,199.90,8.00,Manganese Ore,nan,Ben Line Agencies,Various/MHC,18(15:17),21(21:45),21(21:45),NA,"28,000",NA,18(13:54),nan,nan,nan,nan,nan,nan,Vesselwascalledin22(Day)tidebutcouldnotsupplieddueto Marine Constraint,13,23/10/25 00:30,23/10/25 02:05,7,24/10/25 02:40,24/10/25 16:25,,,,
HAL12501170::REIMEI,HAL12501170,REIMEI,2025-10-20,2025-10-22,3,226.00,8.6,nan,PROPANE-(I)-12350 BUTANE-(I)-12381,ATLANTIC GLOBAL,BPCL,nan,nan,nan,nan,nan,nan,nan,21(13:30),20(12:16),21(13:30),36,BPCL,HOJ-III B-18(O),Readiness Documents are awaited. | Vessel called at B/18(O),HOJ-III,22/10/25 12:06,22/10/25 13:36,13,23/10/25 23:12,24/10/25 08:36,,,,
HAL12501152::BW LOYALTY,HAL12501152,BW LOYALTY,2025-10-17,2025-10-23,6,226.00,8.20,nan,PROPANE-(I)-10000 BUTANE-(I)-10500,ATLANTIC GLOBAL,HPCL,nan,nan,nan,nan,nan,nan,nan,21(05:12),17(10:29),21(05:12),HOJ-I=40 HOJ-II=32,AEGIS,HOJ-I/HOJ-II B-16(O)/17(O),Vessel called at B/17(O),HOJ-II,23/10/25 11:18,23/10/25 13:12,HOJ-II,24/10/25 17:00,24/10/25 21:12,,,,
HAL12501158::METTLE STAR,HAL12501158,METTLE STAR,2025-10-20,2025-10-23,4,228.99,8.13,Coking Coal,nan,TMILL,Tata Steel/MHC,22(21:04),22(04:24),22(21:04),22(21:04),"32,000",NA,21(10:59),nan,nan,nan,nan,nan,nan,"Vessel swapped from TMILL Berth to GBTPL Berth | VesselswappedfromTMILLBerthtoGBTPLBerth.Again, Vessel swappedfromGBTPLBerthtoMHCBerthon22(21:04).Vessel called in Day tide on date",8,23/10/25 12:30,23/10/25 13:50,8,25/10/25 01:30,25/10/25 09:10,,,,
HAL12501169::SACHI,HAL12501169,SACHI,2025-10-20,2025-10-23,4,199.99,8.40,Peas,nan,Greym Marine,Various,Not Ready,22(22:00),NA,NA,"26,949",NA,22(22:48),nan,nan,nan,nan,nan,nan,,9,24/10/25 03:18,,9,02/11/25 17:00,03/11/25 05:20,,,,
HAL12501057::SEA PLAIN 8,HAL12501057,SEA PLAIN 8,2025-10-04,2025-10-23,12,174.70,8.35,Rock Phosphate,nan,Alap Carriers,Variuos/TMILL,07(12:00),21(06:24),21(06:24),25(06:24),"20,500",NA,20(10:55),nan,nan,nan,nan,nan,nan,"Vessel neaped in all Night Tides | VesselneapedinallNightTides.Vesselwascalledin21(Day) tide but could not supplied due to Marine Constraint | VesselneapedinallNightTides.Vesselwascalledin21(Day)& 21(Night) tide but could not supplied due to Marine Constraint | VesselneapedinallNightTides.Vesselwascalledin21(Day)& 21(Night)tidebutcouldnotsuppliedduetoMarineConstraint. However, Vessel called in Day tide on date",12,23/10/25 16:40,23/10/25 19:00,,,,,,,
HAL12501121::SITC CEBU,HAL12501121,SITC CEBU,2025-10-12,2025-10-23,11,188.80,8.50,Container,nan,Eastern Liner Shipping,Slot Charterers,18(07:40),22(01:36),22(01:36),NA,"1,174 Boxes","2,146 TEUs",20(23:52),nan,nan,nan,nan,nan,nan,Vessel called in Day tide on date,10,23/10/25 14:35,23/10/25 14:50,10,25/10/25 04:15,25/10/25 05:00,,,,
HAL12501163::SSL SABARIMALAI,HAL12501163,SSL SABARIMALAI,2025-10-18,2025-10-23,5,143.15,8.50,Container,nan,Unifeeder Agencies,Slot Charterers,20(12:05),21(18:42),21(18:42),NA,347 Boxes,400 TEUs,20(16:27),nan,nan,nan,nan,nan,nan,Vesselwascalledin22(Day)tidebutcouldnotsupplieddueto Marine Constraint | Vesselwascalledin22(Day)&22(Night)tidebutcouldnot supplied due to Marine Constraint,11,24/10/25 01:45,24/10/25 02:45,11,25/10/25 05:30,25/10/25 06:15,,,,
HAL12501181::ASIAN HONOR,HAL12501181,ASIAN HONOR,2025-10-24,2025-10-24,1,110.67,8.40,Wood Pulp,nan,Pharos Shipping & Overseas,Emami Paper Mills,Not Ready,ETA-25(22:00),NA,NA,"8,080",NA,NA,nan,nan,nan,nan,nan,nan,,5,26/10/25 16:42,26/10/25 18:30,11,29/10/25 13:18,29/10/25 20:20,BERTH-5,BERTH-11,29/10/25 17:15,
HAL12501081R::MSC QINGDAO F,HAL12501081R,MSC QINGDAO F,2025-10-23,2025-10-24,2,170.16,6.70,Container,nan,MSC Agency,Slot Charterers,Ready,Ex KDS-22nd,22(12:23),NA,156 Boxes,200 TEUs,23(12:51),nan,nan,nan,nan,nan,nan,"OnlyExport.F/WatKDSon21(10:40).ReportedatSandheads on 22(23:18) | OnlyExport.F/WatKDSon21(10:40).However,vesseldeclared on 22(12:23)",,,,,,,,,,
HAL12501165::PROSPER (COASTAL),HAL12501165,PROSPER (COASTAL),2025-10-18,2025-10-24,6,128.60,6.20,nan,LUBE OIL-(E)-10000,ATLANTIC GLOBAL,IOCL,nan,nan,nan,nan,nan,nan,nan,18(00:06),17(15:27),18(00:06),48,IOCL,HOJ-I B-16(O),Vessel declared on 17(15:27) | 1. Vessel declared on 17(15:27) 2. Vessel called at B/16(O),,,,,,,,,,
HAL12501161::SANMAR SWARA (COASTAL),HAL12501161,SANMAR SWARA (COASTAL),2025-10-18,2025-10-24,6,228.49,7.90,nan,HSD-(I)-11444 MS-(I)-14994,ATLANTIC GLOBAL,BPCL,nan,nan,nan,nan,nan,nan,nan,18(02:00),21(10:01),21(10:01),HOJ-I & II=35 HOJ-III=40,BPCL,HOJ-I/HOJ-II/HOJ-III B-16(O)/17(O)/18(O),"Ullage confirmation & Readiness Documents are awaited. | As per BPCL they can receive the cargo from the vessel at HOJ-III from 22.10.2025 onwards,and from HOJ-I & HOJ-II from 23.10.2025 onwards. | Vessel called at B/18(O)",,,,,,,,,,
HAL12501139::AFRICAN CHEETAH,HAL12501139,AFRICAN CHEETAH,2025-10-16,2025-10-25,9,199.99,8.40,Gypsum,nan,Alap Carriers,Parag Vinimay/TMILL,24(12:44),20(01:36),24(12:44),28(12:44),"35,050",NA,NA,nan,nan,nan,nan,nan,nan,Full lighterage at Diamond Harbour,,,,,,,,,,
HAL12501132::BBG KUANTAN,HAL12501132,BBG KUANTAN,2025-10-15,2025-10-25,7,228.90,8.35,Coking Coal,nan,Kanoo Shipping,Rungta Mines/MHC,22(16:32),25(09:36),25(09:36),25(09:36),"29,707",NA,22(16:06),nan,nan,nan,nan,nan,nan,Reporting time as per Agent,2,26/10/25 01:50,26/10/25 03:10,HOJ-I,27/10/25 02:12,27/10/25 18:15,,,,
HAL12501148::BW TYR,HAL12501148,BW TYR,2025-10-17,2025-10-25,8,225.46,7.80,nan,PROPANE-(I)-9650 BUTANE-(I)-9650,ATLANTIC GLOBAL,IOCL,nan,nan,nan,nan,nan,nan,nan,22(12:24),20(06:42),22(12:24),26,IOPPL,HOJ-I/HOJ-II B-16(O)/17(O),Ullage confirmation & Readiness Documents are awaited. | Vessel called at B/17(O),HOJ-II,25/10/25 12:48,25/10/25 14:00,HOJ-II,26/10/25 07:00,27/10/25 10:24,OIL JETTY,OIL JETTY -,26/10/25 11:48,26/10/25 12:18
HAL12501159::MAMA SARA,HAL12501159,MAMA SARA,2025-10-20,2025-10-25,6,229.00,8.10,Coking Coal,nan,Kanoo Shipping,Tata Steel/MHC,24(12:44),25(06:55),25(06:55),25(06:55),"30,000",NA,24(11:14),nan,nan,nan,nan,nan,nan,Reporting time as per Agent. Vessel called in Day tide on date,13,25/10/25 15:30,25/10/25 17:10,13,27/10/25 03:50,27/10/25 04:15,,,,
HAL12501189::ROYAL PERIDIT,HAL12501189,ROYAL PERIDIT,2025-10-23,2025-10-25,3,128.60,8.30,nan,PARAXYLENE-(I)-10512,ISS SHIPPING,MCPI,nan,nan,nan,nan,nan,nan,nan,ETA-27(18:00),Not Ready,Not Ready,N/A,MCPI,HOJ-I & OT-II B-16(O)& OT-II,Ullage confirmation & Readiness Documents are awaited.,,,,,,,,,,
HAL12501150::SITC NANSHA,HAL12501150,SITC NANSHA,2025-10-17,2025-10-25,8,188.80,8.30,Container,nan,Eastern Liner Shipping,Slot Charterers,23(18:03),ETA-25(16:30),NA,NA,538 Boxes,"1,018 TEUs",24(20:44),nan,nan,nan,nan,nan,nan,,10,26/10/25 04:20,26/10/25 04:35,HOJ-I,27/10/25 02:12,27/10/25 06:45,,,,
HAL12501128::IKAN BELIAK,HAL12501128,IKAN BELIAK,2025-10-15,2025-10-26,11,228.94,8.43,Coking Coal,nan,Kanoo Shipping,Mahalaxmi Ennore Coke & Mahalaxmi Associates/MHC,18(11:42),18(04:12),18(11:42),18(11:42),"31,846",NA,15(13:26),nan,nan,nan,nan,nan,nan,"As intimated by Agent, vessel is NRA until further notice | AsintimatedbyAgent,vesselisNRAuntilfurthernotice.NRA withdrawnon25(20:54)byAgent.VesselcalledinDaytideon date",8,26/10/25 15:00,26/10/25 16:10,2,26/10/25 07:00,28/10/25 03:50,,,,
HAL12501142::ISSARA NAREE,HAL12501142,ISSARA NAREE,2025-10-16,2025-10-26,8,199.90,8.40,Manganese Ore,nan,Gac Shipping,Various/MHC,25(13:07),ETA-26(18:00),NA,NA,"30,000",NA,21(17:14),nan,nan,nan,nan,nan,nan,,13,27/10/25 05:16,,13,28/10/25 23:30,29/10/25 06:20,BERTH-13,BERTH-12,29/10/25 01:15,
HAL12501116::PIGEON POINT,HAL12501116,PIGEON POINT,2025-10-11,2025-10-26,15,186.00,7.00,nan,REFORMATE-(I)-14000 MS-(I)-800,INTEROCEAN,IOCL,nan,nan,nan,nan,nan,nan,nan,13(02:00),12(12:51),13(02:00),36,IOCL,HOJ-I/HOJ-II B-16(O)/17(O),"Ullage confirmation & Readiness Documents are awaited. | AS informed by Sagar VTS, vessel could not be supplied at HOJ-II due to port Anchor lost during heaving up port anchor, | 1. As informed by Sagar VTS, vessel could not be supplied at HOJ-II due to port Anchor lost during heaving up port anchor. 2. Vessel called in Day tide on date at B/17(O)",HOJ-II,26/10/25 14:06,26/10/25 16:48,8,27/10/25 11:40,28/10/25 10:24,,,,
HAL12501184::DING HENG 22,HAL12501184,DING HENG 22,2025-10-23,2025-10-27,5,111.98,5.00,nan,MTBE-(E)-4200,SAMUDRA MARINE,ADVANCED PERFORMANCE,nan,nan,nan,nan,nan,nan,nan,24(15:24),24(12:20),24(15:24),17,ADVANCED PERFORMANCE,HOJ-I B-16(O),Readiness Documents are awaited. | Vessel could not be supplied on 25(Night) tide due to Marine Constraint | 1. Vessel could not be supplied on 25(Night) tide due to Marine Constraint. 2. Vessel called at B/16(O),HOJ-I,27/10/25 12:48,27/10/25 14:24,HOJ-II,28/10/25 00:30,28/10/25 10:06,,,,
HAL12501176::NORA SCHULTE,HAL12501176,NORA SCHULTE,2025-10-23,2025-10-27,5,229.00,8.40,Coking Coal,nan,TMILL,Tata Steel/GBTPL,26(11:30),27(01:00),27(01:00),27(01:00),"34,000",NA,NA,nan,nan,nan,nan,nan,nan,Vessel swapped from Port Berth to GBTPL Berth | VesselswappedfromPortBerthtoGBTPLBerth.Vesselcalledin Day tide on date,4B,27/10/25 16:30,27/10/25 18:00,5,29/10/25 18:30,29/10/25 23:24,,,,
HAL12501082R::ORCHARD STAR,HAL12501082R,ORCHARD STAR,2025-10-20,2025-10-27,8,158.56,5.00,Container,nan,Far Shipping,Slot Charterers,Ready,Ex KDS-26th,26(02:50),NA,416 Boxes,750 TEUs,26(08:59),nan,nan,nan,nan,nan,nan,Only Export | Only Export. F/W at KDS on 26(02:50) | OnlyExport.F/WatKDSon26(02:50).ReportedatSandheads on 26(20:30). Vessel called in Day tide on date,,,,,,,,,,
HAL12501189::ROYAL PERIDOT,HAL12501189,ROYAL PERIDOT,2025-10-26,2025-10-27,2,128.60,8.50,nan,PARAXYLENE-(I)-10512,ISS SHIPPING,MCPI,nan,nan,nan,nan,nan,nan,nan,ETA-27(16:00),26(10:54),ETA-27(16:00),29,MCPI,HOJ-I & OT-II B-16(O)& OT-II,Ullage confirmation & Readiness Documents are awaited.,,,,4,29/10/25 00:36,,BERTH-2,BERTH-11,29/10/25 02:55,
HAL12501185::SHINE CORAL,HAL12501185,SHINE CORAL,2025-10-23,2025-10-27,5,229.00,8.18,Coking Coal,nan,Gac Shipping,SAIL/ISPHL,BOT Berth,27(10:06),27(10:06),27(10:06),"33,000",NA,26(14:25),nan,nan,nan,nan,nan,nan,Reporting time as per Agent,6,28/10/25 03:00,,4A,30/10/25 10:10,30/10/25 19:35,,,,
HAL12501133::SOL STRIDE,HAL12501133,SOL STRIDE,2025-10-15,2025-10-27,12,149.60,6.50,Container,nan,Transworld Global Logistics,Slot Charterers,Ready,Ex KDS-30th,NA,NA,Nil,NA,NA,nan,nan,nan,nan,nan,nan,Only Export | OnlyExport.Vesselvoyagemaybecancelledasintimatedby vessel agent.,,,,,,,,,,
HAL12501134::TRADER,HAL12501134,TRADER,2025-10-15,2025-10-27,12,166.15,8.40,Container,nan,MSC Agency,Slot Charterers,26(12:32),27(03:00),27(03:00),NA,664 Boxes,987 TEUs,26(22:28),nan,nan,nan,nan,nan,nan,Vessel called in Day tide on date,11,27/10/25 14:55,27/10/25 15:10,11,28/10/25 20:40,28/10/25 21:10,,,,
HAL12501209::ASTARTE,HAL12501209,ASTARTE,2025-10-26,2025-10-28,3,229.00,8.20,Limestone,nan,Seatrans Shipmanagement,SAIL/MHC,Not Ready,ETA-28(15:00),NA,NA,"33,000",NA,NA,nan,nan,nan,nan,nan,nan,,2,29/10/25 05:30,,2,30/10/25 20:15,30/10/25 23:25,,,,
HAL12501154::CHEMTRANS CANCALE,HAL12501154,CHEMTRANS CANCALE,2025-10-28,2025-10-28,1,228.60,7.20,CBFS,nan,Interocean Shipping,PCBL Chemical,23(14:11),28(03:30),28(03:30),NA,"11,000",NA,24(11:10),nan,nan,nan,nan,nan,nan,Vessel called in Day tide on date,7,28/10/25 16:30,28/10/25 19:12,10,28/10/25 23:30,29/10/25 10:40,,,,
HAL12501186::GAS AL NEGEH,HAL12501186,GAS AL NEGEH,2025-10-23,2025-10-28,6,225.48,8.00,nan,PROPANE-(I)-10700 BUTANE-(I)-10700,ATLANTIC GLOBAL,IOCL,nan,nan,nan,nan,nan,nan,nan,21(17:30),23(09:16),23(09:16),29,IOPPL,HOJ-I/HOJ-II B-16(O)/17(O),"As intimated from terminal (IOPPL), they will take the vessel only after completion of M.T. BW TYR | Vessel called at B/17(O)",HOJ-II,28/10/25 14:15,28/10/25 16:00,6,29/10/25 00:36,29/10/25 23:00,,,,
HAL12501173::GREEN SANVI,HAL12501173,GREEN SANVI,2025-10-21,2025-10-28,8,225.28,8.30,nan,PROPANE-(I)-9712 BUTANE-(I)-10900,ATLANTIC GLOBAL,BPCL,nan,nan,nan,nan,nan,nan,nan,21(13:48),25(21:47),25(21:47),36,BPCL,HOJ-III B-18(O),Ullage confirmation & Readiness Documents are awaited. | Vessel called at B/18(O) during 27 Oct'2025 AM tide but could not be supplied due to Technical Issue. | 1. Vessel called at B/18(O) during 27 Oct'2025 AM tide but could not be supplied due to Technical Issue. 2. Vessel called at B/18(O),HOJ-III,28/10/25 14:36,28/10/25 16:42,HOJ-III,30/10/25 12:06,31/10/25 01:00,,,,
HAL12501140::ICE VICTORY,HAL12501140,ICE VICTORY,2025-10-16,2025-10-28,12,228.56,7.50,nan,CRUDE OIL-(I)-20805,ATLANTIC GLOBAL,NUMALIGARH,nan,nan,nan,nan,nan,nan,nan,20(23:18),18(12:14),20(23:18),50,NUMALIGARH,HOJ-I B-16(O),Ullage confirmation & Readiness Documents are awaited. | Vessel called at B/16(O),HOJ-I,28/10/25 14:24,28/10/25 15:54,HOJ-I,30/10/25 14:00,31/10/25 01:24,,,,
HAL12501172::KENZEN,HAL12501172,KENZEN,2025-10-21,2025-10-28,6,199.99,7.70,Manganese Ore,nan,Bothra Shipping Services,Shakambhari Ispat & SPS Steels Rolling/MHC,25(16:34),ETA-28(12:15),NA,NA,"25,908",NA,27(09:42),nan,nan,nan,nan,nan,nan,,13,29/10/25 03:06,29/10/25 05:00,13,30/10/25 06:50,30/10/25 12:35,,,,
HAL12501201::YANGZE 22,HAL12501201,YANGZE 22,2025-10-25,2025-10-29,5,229.00,8.30,PCI Coal,nan,GAC Shipping,Tata Steel/MHC,27(10:54),28(15:42),28(15:42),28(15:42),"34,350",NA,28(10:50),nan,nan,nan,nan,nan,nan,Vessel called in Day tide on date,8,29/10/25 17:18,29/10/25 18:30,8,31/10/25 09:15,31/10/25 11:20,,,,
HAL12501193::GAS YOUNG,HAL12501193,GAS YOUNG,2025-10-24,2025-10-30,7,225.16,8.20,nan,PROPANE-(I)-11936 BUTANE-(I)-10791,ATLANTIC GLOBAL,IOCL,nan,nan,nan,nan,nan,nan,nan,27(08:36),27(09:37),27(09:37),31,IOPPL,HOJ-I/HOJ-II B-16(O)/17(O),Ullage confirmation & Readiness Documents are awaited. | Vessel called at B/17(O),HOJ-II,30/10/25 16:54,30/10/25 18:48,HOJ-II,31/10/25 21:24,01/11/25 03:36,,,,
HAL12501206::SEA EMPIRE,HAL12501206,SEA EMPIRE,2025-10-27,2025-10-30,4,229.00,8.18,Steam Coal,nan,Eveready Shipping,Rawmet Resources & Electrosteel Castings/MHC,29(11:54),ETA-30(11:00),NA,NA,"31,250",NA,29(12:31),nan,nan,nan,nan,nan,nan,Vessel called in Day tide on date,13,30/10/25 19:30,30/10/25 20:45,13,01/11/25 16:30,01/11/25 22:20,,,,
HAL12501204::BERGE NINGBO,HAL12501204,BERGE NINGBO,2025-10-25,2025-10-31,7,225.30,8.30,nan,PROPANE-(I)-11509 BUTANE-(I)-10901,INTEROCEAN,IOCL,nan,nan,nan,nan,nan,nan,nan,31(07:12),31(09:33),31(09:33),30,IOPPL,HOJ-I/HOJ-II B-16(O)/17(O),Ullage confirmation & Readiness Documents are awaited.,HOJ-II,01/11/25 07:36,01/11/25 09:24,HOJ-I,02/11/25 16:30,03/11/25 06:05,OIL JETTY,OIL JETTY -,02/11/25 06:54,02/11/25 07:36
HAL12501219::BW LOYALTY,HAL12501219,BW LOYALTY,2025-10-28,2025-10-31,4,226.00,8.30,nan,PROPANE-(I)11226 BUTANE-(I)11050,ATLANTIC GLOBAL,HPCL,nan,nan,nan,nan,nan,nan,nan,ETA-31(16:00),28(18:16),ETA-31(16:00),HOJ-I=44 HOJ-II=36,AEGIS,HOJ-I/HOJ-II B-16(O)/17(O),Ullage confirmation & Readiness Documents are awaited.,HOJ-II,02/11/25 08:12,02/11/25 11:30,12,03/11/25 23:42,04/11/25 07:24,,,,
HAL12501174::FRITZI N,HAL12501174,FRITZI N,2025-10-21,2025-10-31,11,225.29,8.80,nan,PROPANE-(I)-12575 BUTANE-(I)-12331,SEAWORLD SHIPPING,BPCL,nan,nan,nan,nan,nan,nan,nan,24(16:48),28(13:01),28(13:01),36,BPCL,HOJ-III B-18(O),Ullage confirmation & Readiness Documents are awaited. | 1. Ullage confirmation & Readiness Documents are awaited. 2. Vessel neaped till-31st Oct'2025 | 1.Vessel neaped till-31st Oct'2025 2. Ullage confirmation & Readiness Documents are awaited. | 1.Vessel neaped till 31st Oct'2025 2. Ullage confirmation & Readiness Documents are awaited. | Vessel neaped till 31st Oct'2025,HOJ-III,02/11/25 08:18,02/11/25 14:36,4,03/11/25 15:06,04/11/25 07:06,,,,
HAL12501183::GAS EXPLORER,HAL12501183,GAS EXPLORER,2025-10-23,2025-10-31,9,99.98,4.75,nan,BUTADIENE-(E)-3150,SAMUDRA MARINE,HPL,nan,nan,nan,nan,nan,nan,nan,24(07:54),24(12:54),26(12:54),20,HPL,HOJ-I B-16(O),Readiness Documents are awaited. | Revised Seniority at par with category 4 vessels. (Vessel waiting for more than 48 Hrs) | 1. Revised Seniority at par with category 4 vessels. (Vessel waiting for more than 48 Hrs) 2. Vessel called at B/16(O),HOJ-I,31/10/25 17:24,31/10/25 18:45,HOJ-I,01/11/25 07:24,01/11/25 15:24,,,,
HAL12501200::HAFNIA TAGUS,HAL12501200,HAFNIA TAGUS,2025-10-25,2025-10-31,7,228.00,8.00,nan,NAPHTHA-(I)-25380,INTEROCEAN,HPL,nan,nan,nan,nan,nan,nan,nan,ETA-31(12:00),30(10:24),ETA-31(12:00),HOJ-I=32 HOJ-II&III=25,HPL,HOJ-I/HOJ-II/HOJ-III B-16(O)/17(O)/18(O),Ullage confirmation & Readiness Documents are awaited. | Vessel called at B/18(O),HOJ-III,31/10/25 18:48,31/10/25 20:48,HOJ-III,01/11/25 18:30,02/11/25 04:54,,,,
HAL12501235::HIGH TIDE,HAL12501235,HIGH TIDE,2025-10-30,2025-10-31,2,183.31,8.00,nan,HSD-(I)-11406 MS-(I)-5102,ATLANTIC GLOBAL,RELIANCE INDUSTRIES,nan,nan,nan,nan,nan,nan,nan,ETA-02(13:00),Not Ready,Not Ready,N/A,RELIANCE INDUSTRIES,HOJ-III B-18(O),Ullage confirmation & Readiness Documents are awaited.,HOJ-III,08/11/25 13:00,08/11/25 17:00,12,09/11/25 13:00,10/11/25 11:00,,,,
HAL12501237::KS GRACE,HAL12501237,KS GRACE,2025-10-31,2025-10-31,1,176.50,6.40,Coking Coal,nan,Spartans Marine Services,Tata Steel/GBTPL,30(11:30),ETA-31(14:00),NA,NA,"12,428",NA,NA,nan,nan,nan,nan,nan,nan,Vessel called in Day tide on date,4B,31/10/25 21:00,31/10/25 22:25,4B,02/11/25 00:45,02/11/25 02:10,,,,
HAL12501226::TRUONG MINH STAR,HAL12501226,TRUONG MINH STAR,2025-10-29,2025-10-31,3,118.83,7.63,Steel Scrap,nan,Seatrans Shipmanagement,Super Smelters,29(14:49),29(19:20),29(19:20),02(19:20),"9,111",NA,NA,nan,nan,nan,nan,nan,nan,Vessel can work only at B/10 | Vessel can work only at B/10. Vessel called in Day tide on date,5,31/10/25 19:45,01/11/25 01:00,HOJ-III,04/11/25 04:30,06/11/25 16:10,BERTH-5,BERTH-9,03/11/25 15:50,03/11/25 20:00
::,,,2025-10-24,2025-10-31,8,,,nan,,,,nan,nan,nan,nan,nan,nan,nan,,,,,,,,,,,,,,,,,
HAL12501197::AP ASTAREA,HAL12501197,AP ASTAREA,2025-10-25,2025-11-01,8,190.00,8.20,Limestone,nan,Seatrans Shipmanagement,SAIL/MHC,Not Ready,01(03:30),NA,NA,"27,000",NA,30(11:09),nan,nan,nan,nan,nan,nan,"Vessel was called in Day tide on date. However, vessel late for tide | VesselwascalledinDaytideondate.However,vessellatefor tide | Vesselwascalledin31(Day)&01(Day)tide.However,vessellate for tide. Vessel called in Night tide on date | Vesselwascalledin31(Day)&01(Day)tide.However,vessel late for tide. Vessel called in Night tide on date",2,01/11/25 19:54,01/11/25 21:00,2,03/11/25 04:10,03/11/25 11:55,,,,
HAL12501202::JY OCEAN,HAL12501202,JY OCEAN,2025-10-26,2025-11-01,7,229.00,8.50,Limestone,nan,TMILL,Tata Steel/TMILL,25(14:00),01(07:00),01(07:00),04(07:00),"34,000",NA,NA,nan,nan,nan,nan,nan,nan,Reporting time as per Agent. Vessel called in Night tide on date,12,01/11/25 21:24,01/11/25 22:50,8,03/11/25 10:00,04/11/25 02:35,,,,
HAL12501129::SOL PROGRESS,HAL12501129,SOL PROGRESS,2025-10-15,2025-11-01,17,149.60,6.30,Container,nan,Transworld Global Logistics,Slot Charterers,Ready,Ex KDS-01st,30(10:40),NA,198 Boxes,272 TEUs,31(13:05),nan,nan,nan,nan,nan,nan,Only Export | F/W at KDS on 30(10:40). Only Export | F/WatKDSon30(10:40).ETA-atSanheadson01(21:00).Only Export,11,02/11/25 11:15,02/11/25 11:30,11,02/11/25 22:45,03/11/25 01:30,,,,
HAL12501144::SOL PURPOSE,HAL12501144,SOL PURPOSE,2025-10-17,2025-11-01,15,149.60,6.30,Container,nan,Transworld Global Logistics,Slot Charterers,Ready,Ex KDS-01st,31(02:35),NA,83 Boxes,157 TEUs,31(16:17),nan,nan,nan,nan,nan,nan,Only Export | F/WatKDSon31(02:35).ETA-atSanheadson01(21:00).Only Export,10,02/11/25 12:40,02/11/25 12:55,10,02/11/25 17:20,02/11/25 20:40,,,,
HAL12501217::TAN BINH 239,HAL12501217,TAN BINH 239,2025-10-28,2025-11-01,5,178.00,8.50,Nut Coke,nan,Sea Jewel Shipping,Various/MHC,30(16:53),ETA-01(17:00),NA,NA,"22,000",NA,31(01:37),nan,nan,nan,nan,nan,nan,,8,02/11/25 09:10,02/11/25 10:45,6,03/11/25 04:10,03/11/25 17:10,,,,
HAL12501190::FAIRWAY (COASTAL),HAL12501190,FAIRWAY (COASTAL),2025-10-23,2025-11-02,10,171.26,7.40,nan,HSD-(E)-6000 MS-(E)-1500 ATF-(E)-1700,ATLANTIC GLOBAL,IOCL,nan,nan,nan,nan,nan,nan,nan,21(19:18),22(16:55),22(16:55),36,IOCL,HOJ-I B-16(O),Vessel Declared on 22(16:55),,,,,,,,,,
HAL12501210::FORTUNE (COASTAL),HAL12501210,FORTUNE (COASTAL),2025-10-26,2025-11-02,7,127.90,5.80,nan,LUBE OIL-(E)11000,ATLANTIC GLOBAL,IOCL,nan,nan,nan,nan,nan,nan,nan,25(00:30),25(12:52),25(12:52),48,IOCL,HOJ-I B-16(O),Vessel declared on 25(12:52),,,,,,,,,,
HAL12501119::KATAGALA CHAMPION,HAL12501119,KATAGALA CHAMPION,2025-10-15,2025-11-02,14,228.99,9.40,Coking Coal,nan,Deblines Pvt Ltd,Electrosteel Castings/MHC,18(16:50),29(14:00),29(14:00),29(14:00),"41,900",NA,27(10:25),nan,nan,nan,nan,nan,nan,"To lighten 8,400 MT at Sandheads | To lighten 7,900 MT at Sandheads",,,,,,,,,,
HAL12501227::NV SUNSHINE,HAL12501227,NV SUNSHINE,2025-10-29,2025-11-02,4,226.00,8.30,nan,PROPANE-(I)-11500 BUTANE-(I)-12333,ISS SHIPPING,HPCL,nan,nan,nan,nan,nan,nan,nan,31(17:00),Not Ready,Not Ready,N/A,AEGIS,HOJ-I/HOJ-II B-16(O)/17(O),Ullage confirmation & Readiness Documents are awaited.,HOJ-II,04/11/25 09:54,04/11/25 12:00,11,06/11/25 01:30,06/11/25 08:15,OIL JETTY,OIL JETTY -,05/11/25 08:48,05/11/25 10:42
HAL12501216::SANMAR SNEHA,HAL12501216,SANMAR SNEHA,2025-10-28,2025-11-02,5,200.00,8.55,nan,NAPHTHA-(I)-28700,ATLANTIC GLOBAL,HPL,nan,nan,nan,nan,nan,nan,nan,31(13:42),31(09:38),31(13:42),HOJ-I=35 HOJ-II&III=28,HPL,HOJ-I/HOJ-II/HOJ-III B-16(O)/17(O)/18(O),1. Vessel neaped till 31st Oct'2025 2. Ullage confirmation & Readiness Documents are awaited. | Vessel neaped till 31st Oct'2025,HOJ-III,04/11/25 10:18,04/11/25 11:54,10,05/11/25 14:00,05/11/25 19:24,,,,
HAL12501215::SC SHANGHAI,HAL12501215,SC SHANGHAI,2025-10-28,2025-11-02,5,128.60,8.50,nan,PARAXYLENE-(I)- 10020.027,ATLANTIC GLOBAL,MCPI,nan,nan,nan,nan,nan,nan,nan,01(06:45),31(11:56),02(06:45),28,MCPI,HOJ-I & OT-II B-16(O)& OT-II,Ullage confirmation & Readiness Documents are awaited. | Revised Seniority at par with category 4 vessels. (Vessel waiting for more than 24 Hrs),TERMINAL,03/11/25 09:12,03/11/25 12:12,TERMINAL 2,04/11/25 07:42,05/11/25 07:32,,,,
HAL12501157::AMNSI MAXIMUS,HAL12501157,AMNSI MAXIMUS,2025-10-20,2025-11-03,15,229.00,8.10,Limestone,nan,Samsara Shipping,Tata Steel/MHC,02(13:34),23(22:30),02(13:34),02(13:34),"33,850",NA,NA,nan,nan,nan,nan,nan,nan,"To lighten 45,257 MT at Sandheads | Lightening 45,257 MT at Sandheads. C/W - 24(09:00) | Lightening 45,257 MT at Sandheads. C/W - 24(09:00). (BOB- 33,357 MT) | Lightening 45,257 MT at Sandheads. C/W - 24(09:00). (BOB- 17,803 MT) | Lightening 45,257 MT at Sandheads. C/W - 24(09:00). (BOB- 9,900 MT) | Lightening45,257 MTatSandheads. (BOB-6,700MT). Vessel swapped from TMILL Berth to MHC Berth on 02(10:03) | VesselswappedfromTMILLBerthtoMHCBerthon02(10:03). Lightened 45,257 MT at Sandheads. F/W at Sandheads on 02(16:15). Vessel called in Day tide on date",2,03/11/25 12:54,03/11/25 23:40,2,05/11/25 09:20,05/11/25 14:40,- II,BERTH-12 O,05/11/25 11:20,
HAL12501247::CASTELLANI,HAL12501247,CASTELLANI,2025-11-01,2025-11-03,3,228.99,8.30,Coking Coal,nan,TMILL,SAIL/ISPHL,BOT Berth,03(09:30),03(09:30),03(09:30),"33,000",NA,NA,nan,nan,nan,nan,nan,nan,Reporting time as per Agent. Vessel called in Night tide on date,4A,03/11/25 22:42,04/11/25 01:00,HOJ-II,06/11/25 04:30,06/11/25 07:35,,,,
HAL12501211::SITC MAKASSAR,HAL12501211,SITC MAKASSAR,2025-10-26,2025-11-03,9,188.80,8.50,Container,nan,Eastern Liner Shipping,Slot Charterers,31(14:43),ETA-03(13:00),NA,NA,"1,155 Boxes","2,010 TEUs",31(18:30),nan,nan,nan,nan,nan,nan,Vessel called in Night tide on date,10,04/11/25 00:45,04/11/25 03:15,12 OFF,05/11/25 15:45,05/11/25 16:45,,,,
HAL12501208::SSL SABARIMALAI,HAL12501208,SSL SABARIMALAI,2025-10-26,2025-11-03,9,143.15,8.50,Container,nan,Unifeeder Agencies,Slot Charterers,02(11:12),ETA-03(12:00),NA,NA,619 Boxes,720 TEUs,02(10:32),nan,nan,nan,nan,nan,nan,Vessel called in Night tide on date,11,04/11/25 02:15,,8,06/11/25 01:20,06/11/25 02:55,,,,
HAL12501230::APOLLO OCEAN,HAL12501230,APOLLO OCEAN,2025-10-30,2025-11-04,4,230.00,7.40,nan,PROPANE-(I)-6000 BUTANE-(I)-6000,ATLANTIC GLOBAL,IOCL,nan,nan,nan,nan,nan,nan,nan,01(22:00),04(06:21),04(06:21),16,IOPPL,HOJ-I/HOJ-II B-16(O)/17(O),"Ullage confirmation & Readiness Documents are awaited. | 1. Ullage confirmation & Readiness Documents are awaited. 2. As intimated from Terminal (IOPPL), required ullage may be available on 05th November 2025.",HOJ-II,05/11/25 10:12,05/11/25 12:30,HOJ-I,05/11/25 05:00,06/11/25 08:36,,,,
HAL12501119::KATAGALAN CHAMPION,HAL12501119,KATAGALAN CHAMPION,2025-11-03,2025-11-04,2,228.99,8.10,Coking Coal,nan,Deblines Pvt Ltd,Electrosteel Castings/MHC,18(16:50),29(14:00),29(14:00),29(14:00),"34,000",NA,27(10:25),nan,nan,nan,nan,nan,nan,"Lightening 7,900 MT at Sandheads. (BOB-2,600 MT). After completion of lighterage opertaion expected draft would be 8.20 | Lightened 7,900 MT at Sandheads. F/W at Sandheads on 03(14:30). Vessel called in Day tide on date",13,04/11/25 11:36,04/11/25 13:00,13,07/11/25 08:10,07/11/25 16:20,,,,
HAL12501229::MYRTO,HAL12501229,MYRTO,2025-10-30,2025-11-04,6,228.99,7.92,Coking Coal,nan,TMILL,SAIL/MHC,Not Ready,03(15:35),NA,NA,"33,000",NA,30(11:04),nan,nan,nan,nan,nan,nan,VesselswappedfromBOTBerthtoMHCBerth.Vesselcalledin Day tide on date,8,04/11/25 14:10,04/11/25 15:10,HOJ-III,06/11/25 00:10,06/11/25 01:15,,,,
HAL12501168::RGR OKINAWA,HAL12501168,RGR OKINAWA,2025-10-24,2025-11-04,9,229.00,8.50,Coking Coal,nan,Kanoo Shipping,Tata Steel/GBTPL,01(22:00),01(22:00),01(22:00),01(22:00),"34,340",NA,03(11:57),nan,nan,nan,nan,nan,nan,"To lighten 15,395 MT at Sandheads | Tolighten15,500MTatSandheads.VesselswappedfromPort Berth to GPTPL Berth on 01(10:51) | VesselswappedfromPortBerthtoGBTPLBerthon01(10:51). Lightening15,500MTatSandheads.(BOB-10,800MT).After completion of lighterage opertaion expected draft would be 8.50 | VesselswappedfromPortBerthtoGBTPLBerthon01(10:51). Lightened 15,500 MT at Sandheads. F/W at Sandheads on 04(02:30)",4B,04/11/25 23:54,05/11/25 01:05,4B,08/11/25 15:25,08/11/25 21:10,,,,
HAL12501221::XENIA,HAL12501221,XENIA,2025-10-29,2025-11-04,5,229.00,8.50,Limestone & Dolomite,nan,TMILL,Tata Steel/TMILL,29(17:00),04(04:12),04(04:12),08(04:12),"36,926",NA,03(16:39),nan,nan,nan,nan,nan,nan,,12,05/11/25 01:36,05/11/25 02:18,12,07/11/25 08:00,07/11/25 08:40,,,,
HAL12501228::ALPHA CHARM,HAL12501228,ALPHA CHARM,2025-10-30,2025-11-05,3,229.00,8.17,Steam Coal,nan,GAC Shipping,Haldia Petrochemicals/MHC,04(15:51),ETA-06(01:30),NA,NA,"33,000",NA,03(15:12),nan,nan,nan,nan,nan,nan,,8,08/11/25 16:30,08/11/25 17:45,HOJ-I,10/11/25 00:54,10/11/25 18:00,BERTH-4,BERTH-9,10/11/25 05:00,
HAL12501205::BERGE NANTONG,HAL12501205,BERGE NANTONG,2025-10-25,2025-11-05,10,225.30,8.30,nan,PROPANE-(I)-11601 BUTANE-(I)-11145,INTEROCEAN,IOCL,nan,nan,nan,nan,nan,nan,nan,02(02:30),Not Ready,Not Ready,N/A,IOPPL,HOJ-I/HOJ-II B-16(O)/17(O),"Ullage confirmation & Readiness Documents are awaited. | 1. Ullage confirmation & Readiness Documents are awaited. 2. 2. As intimated from Terminal (IOPPL), required ullage may be available on 07th November 2025.",HOJ-II,08/11/25 12:30,08/11/25 14:06,11(S),09/11/25 15:00,10/11/25 11:06,OIL JETTY,OIL JETTY -,09/11/25 12:00,09/11/25 12:36
HAL12501222::BRIGHT WIND,HAL12501222,BRIGHT WIND,2025-10-29,2025-11-05,4,228.99,8.50,Pyroxenite,nan,TMILL,Tata Steel/TMILL,29(17:00),ETA-06(04:00),NA,NA,"30,000",NA,NA,nan,nan,nan,nan,nan,nan,,12,07/11/25 13:18,07/11/25 14:40,HOJ-II,09/11/25 08:00,10/11/25 08:30,- II | BERTH-4A,BERTH-4 | BERTH-2 OF,09/11/25 14:20 | 09/11/25 23:50,
HAL12501250::ECO CZAR,HAL12501250,ECO CZAR,2025-11-05,2025-11-05,1,224.86,7.46,Steam Coal,nan,Gac Shipping,Adani Enterprises/MHC,Not Ready,ETA-08(AM),NA,NA,"30,000",NA,04(11:28),nan,nan,nan,nan,nan,nan,,2,08/11/25 14:18,08/11/25 15:30,HOJ-I,10/11/25 04:10,10/11/25 22:20,BERTH-2,BERTH-4B,10/11/25 15:20,
HAL12501253::FORZA ROMA,HAL12501253,FORZA ROMA,2025-11-05,2025-11-05,1,171.59,8.30,Rock Phosphate,nan,Pharos Shipping & Overseas,Various/TMILL,Not Ready,ETA-07(AM),NA,NA,"18,000",NA,04(17:11),nan,nan,nan,nan,nan,nan,,12,09/11/25 15:42,09/11/25 18:35,12,11/11/25 08:30,11/11/25 10:30,,,,
HAL12501220::GAS AL AHMADIAH,HAL12501220,GAS AL AHMADIAH,2025-10-29,2025-11-05,6,228.45,8.20,nan,PROPANE-(I)-11550 BUTANE-(I)-10950,ATLANTIC GLOBAL,HPCL,nan,nan,nan,nan,nan,nan,nan,31(08:30),31(12:03),31(17:42),HOJ-I=44 HOJ-II=36,AEGIS,HOJ-I/HOJ-II B-16(O)/17(O),"Ullage confirmation & Readiness Documents are awaited. | 1. As per request from Importer (HPCL), vessel seniority swapped with M.T. BW LOYALTY vide email dated 01(15:28). 2. As intimated, M.T. GAS AL AHMADIAH can work only after completion of M.T. BW LOYALTY | As per request from Importer (HPCL), vessel seniority swapped with M.T. BW LOYALTY vide email dated 01(15:28). | 1. As per request from Importer (HPCL), vessel seniority swapped with M.T. BW LOYALTY vide email dated 01(15:28). 2. As per request from Importer (HPCL), vessel seniority swapped with M.T. NV SUNSHINE vide email dated 03(13:17).",HOJ-II,09/11/25 14:00,09/11/25 15:54,HOJ-II,11/11/25 09:12,11/11/25 11:48,,,,
HAL12501235::HIGH TIDE (COASTAL),HAL12501235,HIGH TIDE (COASTAL),2025-11-02,2025-11-05,3,183.31,8.00,nan,HSD-(I)-11406 MS-(I)-5102,ATLANTIC GLOBAL,RELIANCE INDUSTRIES,nan,nan,nan,nan,nan,nan,nan,03(18:24),31(11:35),03(18:24),37,RELIANCE INDUSTRIES,HOJ-III B-18(O),,,,,,,,,,,
HAL12501261::JAG PANKHI (COASTAL),HAL12501261,JAG PANKHI (COASTAL),2025-11-05,2025-11-05,1,182.85,8.00,nan,HSD-(I)-12500 MS-(I)-6000,ATLANTIC GLOBAL,BPCL,nan,nan,nan,nan,nan,nan,nan,04(09:30),04(14:37),04(14:37),HOJ-I&II=24 HOJ-III=34,BPCL,HOJ-I/HOJ-II/HOJ-III B-16(O)/17(O)/18(O),Vessel Declared on 04(14:37),,,,,,,,,,
HAL12501179::JAG PUSHPA (COASTAL),HAL12501179,JAG PUSHPA (COASTAL),2025-10-22,2025-11-05,13,183.00,8.20,nan,REFORMATE-(I)- 10000 MS-(I)-11000,J.M. BAXI,IOCL,nan,nan,nan,nan,nan,nan,nan,30(04:48),28(14:50),30(04:48),48,IOCL,HOJ-I/HOJ-II B-16(O)/17(O),Ullage confirmation & Readiness Documents are awaited.,,,,,,,,,,
HAL12501207::JAG VISHNU,HAL12501207,JAG VISHNU,2025-10-25,2025-11-05,10,230.00,7.80,nan,PROPANE-(I)-11850 BUTANE-(I)-10000,ATLANTIC GLOBAL,BPCL,nan,nan,nan,nan,nan,nan,nan,29(19:36),04(12:47),04(12:47),36,BPCL,HOJ-III B-18(O),Ullage confirmation & Readiness Documents are awaited.,HOJ-III,06/11/25 11:18,06/11/25 12:54,HOJ-I,07/11/25 21:42,08/11/25 09:30,,,,
HAL12501248::JI HANG 27,HAL12501248,JI HANG 27,2025-11-01,2025-11-05,5,136.70,6.50,Container,nan,JAK Maritime & Logistics,Slot Charterers,Not Ready,ETA-11th,NA,NA,Nil,NA,NA,nan,nan,nan,nan,nan,nan,,,,,,,,,,,
HAL12501136::MAKRA,HAL12501136,MAKRA,2025-10-16,2025-11-05,20,196.00,8.40,Manganese Ore,nan,Gac Shipping,Various/MHC,18(14:53),20(21:42),20(21:42),20(21:42),"29,000",NA,27(11:58),nan,nan,nan,nan,nan,nan,"To lighten 27,500 MT at Sandheads | Lightening 27,500 MT at Sandheads. (BOB-24,816 MT) | Lightening 27,500 MT at Sandheads. (BOB-22,138 MT) | Lightening 27,500 MT at Sandheads. (BOB-19,313 MT) | Lightening 27,500 MT at Sandheads. (BOB-17,313 MT) | Lightening 27,500 MT at Sandheads. (BOB-14,566 MT) | Lightening 27,500 MT at Sandheads. (BOB-14,000 MT) | Lightening 27,500 MT at Sandheads. (BOB-12,541 MT) | Lightening 27,500 MT at Sandheads. (BOB-9,700 MT) | Lightening27,500 MTatSandheads. (BOB-4,855 MT). After completion of lighterage opertaion expected draft would be 8.40 | Lightening 27,500 MT at Sandheads. (BOB-1,987 MT). After completion of lighterage opertaion expected draft would be 8.40 | Lightened 27,500 MT at Sandheads. F/W at Sandheads on 05(00:05). Vessel called in Day tide on date",2,05/11/25 13:00,05/11/25 14:20,2,08/11/25 08:15,08/11/25 09:10,,,,
HAL12501214::MSC AGGELIKI II,HAL12501214,MSC AGGELIKI II,2025-10-28,2025-11-05,9,176.91,8.35,Container,nan,MSC Agency,Slot Charterers,Not Ready,ETA-06(10:00),NA,NA,175 Boxes,NA,NA,nan,nan,nan,nan,nan,nan,,11,07/11/25 04:30,07/11/25 04:45,11,08/11/25 13:20,08/11/25 18:00,,,,
HAL12501251::MSC CHAEWON,HAL12501251,MSC CHAEWON,2025-11-04,2025-11-05,2,171.90,7.10,Container,nan,MSC Agency,Slot Charterers,Not Ready,ETA-07(01:00),NA,NA,104 Boxes,NA,04(11:39),nan,nan,nan,nan,nan,nan,,10,07/11/25 18:00,07/11/25 18:15,8,08/11/25 11:15,08/11/25 22:55,,,,
HAL12501242::ORCHARD STAR,HAL12501242,ORCHARD STAR,2025-10-31,2025-11-05,6,158.56,8.50,Container,nan,Far Shipping (India),Slot Charterers,Not Ready,ETA-08(17:00),NA,NA,42 Boxes,NA,NA,nan,nan,nan,nan,nan,nan,Only Import,11,09/11/25 19:00,09/11/25 19:15,HOJ-II,09/11/25 08:00,10/11/25 19:50,,,,
HAL12501241::SHUN FU WANG,HAL12501241,SHUN FU WANG,2025-11-02,2025-11-05,4,225.00,7.90,PCI Coal,nan,Eveready Shipping,Rawmet Resources/MHC,03(10:44),04(09:24),04(09:24),04(09:24),"30,000",NA,02(20:50),nan,nan,nan,nan,nan,nan,,8,06/11/25 13:00,06/11/25 14:20,9,07/11/25 18:30,07/11/25 20:10,,,,
HAL12501257::TAI KNIGHT,HAL12501257,TAI KNIGHT,2025-11-04,2025-11-05,2,228.99,8.25,Coking Coal,nan,Seatrans Shipmanagement,Tata International/MHC,Not Ready,ETA-05(20:00),NA,NA,"28,100",NA,NA,nan,nan,nan,nan,nan,nan,,13,07/11/25 15:18,07/11/25 16:50,HOJ-III,09/11/25 16:06,10/11/25 10:25,,,,
HAL12501254::THE ETERNAL,HAL12501254,THE ETERNAL,2025-11-04,2025-11-05,2,228.99,8.30,Coking Coal,nan,V Ocean Shipping,SAIL/ISPHL,BOT Berth,ETA-06(08:00),NA,NA,"35,417",NA,03(16:06),nan,nan,nan,nan,nan,nan,,4A,07/11/25 02:24,07/11/25 03:00,8,10/11/25 04:10,10/11/25 07:15,BERTH-12,BERTH-4B,09/11/25 15:40,
HAL12501218::TONG YOUNG,HAL12501218,TONG YOUNG,2025-10-28,2025-11-05,7,126.50,8.50,nan,PARAXYLENE-(I)- 10000,WILHELMSEN,MCPI,nan,nan,nan,nan,nan,nan,nan,05(08:30),04(09:53),05(08:30),27,MCPI,HOJ-I & OT-II B-16(O)& OT-II,Ullage confirmation & Readiness Documents are awaited.,TERMINAL,06/11/25 10:42,06/11/25 13:48,HOJ-III,07/11/25 09:30,08/11/25 09:25,,,,
HAL12501178::ZUNAIRAH ZARISHA 3,HAL12501178,ZUNAIRAH ZARISHA 3,2025-10-22,2025-11-05,15,82.98,3.00,Container,nan,Everett (India) Pvt Ltd,Slot Charterers,27(17:18),28(21:15),28(21:15),NA,130 Boxes,176 TEUs,27(16:37),nan,nan,nan,nan,nan,nan,Vessel is NRA till 29th as per Agent | Vessel is NRA till 01st November as per Agent | Vessel is NRA till 03rd November as per Agent | Vessel is NRA till 05th November as per Agent | Vessel is NRA till 06th November as per Agent,11,08/11/25 19:30,08/11/25 19:45,11,09/11/25 09:15,09/11/25 10:05,,,,
HAL12501199::ZUNAIRAH ZARISHA 4,HAL12501199,ZUNAIRAH ZARISHA 4,2025-10-25,2025-11-05,12,82.98,3.50,Container,nan,Everett (India) Pvt Ltd,Slot Charterers,Not Ready,ETA-07(PM),NA,NA,91 Boxes,NA,NA,nan,nan,nan,nan,nan,nan,,11(S),08/11/25 20:30,08/11/25 20:45,6,09/11/25 04:48,09/11/25 17:30,,,,
HAL12501236::DH DILIGENCY,HAL12501236,DH DILIGENCY,2025-10-31,2025-11-10,5,119.98,5.50,nan,BENZENE-(E)-6300,BEN LINE AGENCIES,HPL,nan,nan,nan,nan,nan,nan,nan,06(13:48),05(10:45),06(13:48),21,HPL,HOJ-I B-16(O),Readiness Documents are awaited. | Ullage confirmation & Readiness Documents are awaited. | Vessel called at B/16(O),HOJ-I,10/11/25 13:36,10/11/25 15:30,HOJ-I,11/11/25 10:00,11/11/25 11:54,,,,
HAL12501272::JAG VIRAAT,HAL12501272,JAG VIRAAT,2025-11-10,2025-11-10,1,230.00,8.30,nan,PROPANE-(I)-6010 BUTANE-(I)-16635,ATLANTIC GLOBAL,IOCL,nan,nan,nan,nan,nan,nan,nan,05(22:30),07(16:40),07(16:40),31,IOPPL,HOJ-I/HOJ-II B-16(O)/17(O),"Vessel was called at HOJ-I on 10th Nov'2025 AM tide, but could not be supplied due to Marine constraint. Instead, backup vessel M.T. DH DILIGENCY will be supplied at HOJ-I.",HOJ-I,11/11/25 16:18,12/11/25 05:45,13,12/11/25 11:00,13/11/25 14:12,OIL JETTY,OIL JETTY -,12/11/25 15:30,12/11/25 16:36
HAL12501274::LEADER,HAL12501274,LEADER,2025-11-10,2025-11-10,1,228.00,8.30,nan,NAPHTHA-(I)-29600,ATLANTIC GLOBAL,HPL,nan,nan,nan,nan,nan,nan,nan,08(12:30),07(09:43),08(12:30),HOJ-I=36 HOJ-II&III=28,HPL,HOJ-I/HOJ-II/HOJ-III B-16(O)/17(O)/18(O),Vessel called at B/18(O),HOJ-III,10/11/25 14:42,10/11/25 16:54,HOJ-III,11/11/25 18:00,12/11/25 00:06,,,,
HAL12501255::LUMINA,HAL12501255,LUMINA,2025-11-05,2025-11-10,2,189.99,7.75,MOP,nan,Interocean Shipping,Indorama India/TMILL,05(14:00),09(01:42),09(01:42),13(01:42),"24,200",NA,NA,nan,nan,nan,nan,nan,nan,,11,11/11/25 06:06,11/11/25 14:30,HOJ-I,14/11/25 05:00,15/11/25 15:30,BERTH-11,BERTH-12,11/11/25 11:12,11/11/25 15:20
HAL12501259::SANMAR SNEHA,HAL12501259,SANMAR SNEHA,2025-11-05,2025-11-10,2,200.00,7.40,nan,NAPHTHA-(I)-20499,BEN LINE AGENCIES,HPL,nan,nan,nan,nan,nan,nan,nan,08(15:12),07(12:20),08(15:12),HOJ-I=26 HOJ-II&III=20,HPL,HOJ-I/HOJ-II/HOJ-III B-16(O)/17(O)/18(O),Ullage confirmation & Readiness Documents are awaited.,HOJ-II,11/11/25 15:36,11/11/25 17:12,10,12/11/25 10:36,12/11/25 12:30,,,,
HAL12501270::SSL SABARIMALAI,HAL12501270,SSL SABARIMALAI,2025-11-10,2025-11-10,1,143.15,8.50,Container,nan,Unifeeder Agencies,Slot Charterers,09(00:04),10(04:45),10(04:45),NA,529 Boxes,650 TEUs,07(14:36),nan,nan,nan,nan,nan,nan,Reporting time as per Agent. Vessel called in Day tide on date,10,10/11/25 19:40,10/11/25 19:55,10,12/11/25 02:15,12/11/25 10:00,,,,
HAL12501249::UNITY MELODY,HAL12501249,UNITY MELODY,2025-11-10,2025-11-10,1,187.88,8.62,Manganese Ore,nan,S2 Shipping LLP,Various/MHC,09(10:10),09(17:54),09(17:54),09(17:54),"30,150",NA,09(10:10),nan,nan,nan,nan,nan,nan,VesselisneapedinallNightTides.VesselcalledinDaytideon date,13,10/11/25 15:24,10/11/25 16:40,9,13/11/25 02:40,13/11/25 08:30,,,,
HAL12501256::XIN HAI TONG 809,HAL12501256,XIN HAI TONG 809,2025-11-05,2025-11-10,2,225.00,8.26,Anthracite Coal & PCI Coal,nan,Atlantic Global Shipping,Rungta Mines/MHC,06(10:52),07(05:30),07(05:30),07(05:30),"31,703",NA,NA,nan,nan,nan,nan,nan,nan,"To lighten 42,583 MT at Sandheads | Lightened 41,683 MT at Sandheads. F/W at Sandheads on 09(22:50). Vessel called in Day tide on date",2,10/11/25 17:24,10/11/25 18:50,11,12/11/25 10:15,12/11/25 21:40,,,,
HAL12501271::KOTA RAJIN,HAL12501271,KOTA RAJIN,2025-11-10,2025-11-11,2,145.90,8.30,Container,nan,Pil (India) Pvt Ltd,Slot Charterers,10(19:19),ETA-11(22:00),NA,NA,104 Boxes,149 TEUs,10(19:07),nan,nan,nan,nan,nan,nan,Only Import,11,12/11/25 05:30,,7,12/11/25 19:15,12/11/25 19:45,,,,
HAL12501276::SHANDONG FU YI,HAL12501276,SHANDONG FU YI,2025-11-10,2025-11-11,2,229.00,8.40,Coking Coal,nan,TMILL,Tata Steel/MHC,08(13:07),10(12:30),10(12:30),10(12:30),"33,028",NA,10(11:06),nan,nan,nan,nan,nan,nan,Vessel swapped from GBTPL Berth to Port Berth on 08(11:17),8,12/11/25 07:18,12/11/25 08:45,HOJ-II,13/11/25 03:24,13/11/25 23:15,,,,
HAL12501252::DS COUGAR,HAL12501252,DS COUGAR,2025-11-04,2025-11-12,4,126.50,7.30,nan,METHANOL-(I)-6191,SAMUDRA MARINE,ADVANCED PERFORMANCE,nan,nan,nan,nan,nan,nan,nan,07(12:15),06(17:58),07(12:15),43,ADVANCED PERFORMANCE,HOJ-I B-16(O),Ullage confirmation & Readiness Documents are awaited. | Vessel called at B/16(O),HOJ-I,12/11/25 16:15,12/11/25 18:06,HOJ-III,14/11/25 00:24,14/11/25 14:48,,,,
HAL12501282::INDIGO SPICA,HAL12501282,INDIGO SPICA,2025-11-10,2025-11-12,3,189.93,7.96,Lentils & Peas,nan,Seavision Agency,Various,Not Ready,11(01:48),NA,NA,"20,626",NA,10(13:29),nan,nan,nan,nan,nan,nan,,9,13/11/25 07:00,13/11/25 12:12,6,21/11/25 17:42,22/11/25 04:00,,,,
HAL12501292::JAG VISHNU,HAL12501292,JAG VISHNU,2025-11-10,2025-11-12,2,230.00,8.30,nan,PROPANE-(I)-11700 BUTANE-(I)-11700,ATLANTIC GLOBAL,BPCL,nan,nan,nan,nan,nan,nan,nan,10(19:06),09(11:06),10(19:06),36,BPCL,HOJ-III B-18(O),Vessel declared on 09(10:19) | Vessel called at B/18(O),HOJ-III,12/11/25 17:00,12/11/25 18:24,4,13/11/25 19:42,14/11/25 03:15,,,,
HAL12501246::SITC CAGAYAN,HAL12501246,SITC CAGAYAN,2025-11-01,2025-11-12,8,188.80,8.30,Container,nan,Eastern Liner Shipping,Slot Charterers,10(13:35),12(04:54),12(04:54),NA,"1,158 Boxes","2,243 TEUs",10(18:42),nan,nan,nan,nan,nan,nan,Vessel called in Day tide on date,10,12/11/25 19:00,12/11/25 19:15,10,14/11/25 09:20,14/11/25 10:50,,,,
HAL12501268::VISHVA UDAY,HAL12501268,VISHVA UDAY,2025-11-10,2025-11-12,3,229.00,8.20,Coking Coal,nan,The Shipping Corporation,SAIL/MHC,Not Ready,ETA-12(12:00),NA,NA,"33,000",NA,NA,nan,nan,nan,nan,nan,nan,Vessel was late for tide on 12(Day) Tide,4A,12/11/25 20:18,12/11/25 20:50,4A,15/11/25 00:10,15/11/25 02:30,,,,
HAL12501279::CAPTAIN V MADIAS,HAL12501279,CAPTAIN V MADIAS,2025-11-07,2025-11-13,5,229.00,15.10,Coking Coal,nan,Seatrans Shipmanagement,SAIL/MHC,11(16:39),11(10:36),11(10:36),11(10:36),"76,749",NA,NA,nan,nan,nan,nan,nan,nan,"N/A | To lighten 43,000 MT at Sandheads | Lightening 43,000 MT at Sandheads. C/W at Sandheads on 11(15:00). (BOB-28,900 MT) | Lightening 43,000 MT at Sandheads. C/W at Sandheads on 11(15:00). (BOB-8,300 MT). After completion of lighterage opertaionexpecteddraftwouldbe8.50.Vesselwascalledin 13(Day) tide but could not supplied non completion at Sandheads | Lightening 43,000 MT at Sandheads. C/W at Sandheads on 11(15:00). (BOB-8,300 MT). After completion of lighterage opertaion expecteddraftwould be8.50. Vessel wascalled in 13(Day) tide but could not supplied non completion at Sandheads",2,14/11/25 08:18,14/11/25 09:10,2,15/11/25 21:50,15/11/25 23:45,,,,
HAL12501224::DESERT GLORY,HAL12501224,DESERT GLORY,2025-10-29,2025-11-13,4,193.07,8.13,Manganese Ore,nan,Eminence Shipping,Various/MHC,10(16:13),ETA-13(13:00),NA,NA,"26,900",NA,10(17:51),nan,nan,nan,nan,nan,nan,,13,14/11/25 09:54,14/11/25 11:30,13,15/11/25 23:50,16/11/25 04:40,,,,
HAL12501294::FORTUNE (COASTAL),HAL12501294,FORTUNE (COASTAL),2025-11-12,2025-11-13,2,127.90,6.00,nan,LUBE OIL-(E)10000,ATLANTIC GLOBAL,IOCL,nan,nan,nan,nan,nan,nan,nan,09(00:30),10(12:26),10(12:26),48,IOCL,HOJ-I B-16(O),Vessel Declared on 10(12:26),,,,,,,,,,
HAL12501308::JBU ONYX,HAL12501308,JBU ONYX,2025-11-13,2025-11-13,1,141.00,8.45,nan,PARAXYLENE-(I)-9528,BOTHRA SHIPPING,MCPI,nan,nan,nan,nan,nan,nan,nan,ETA-17(12:00),Not Ready,Not Ready,N/A,MCPI,HOJ-I & OT-II B-16(O)& OT-II,Ullage confirmation & Readiness Documents are awaited.,,,,,,,,,,
HAL12501288::JI HANG 27,HAL12501288,JI HANG 27,2025-11-10,2025-11-13,4,136.70,7.90,Container,nan,JAK Maritime & Logistics,Slot Charterers,Not Ready,ETA-14(04:00),NA,NA,Nil,NA,NA,nan,nan,nan,nan,nan,nan,,11,15/11/25 00:05,15/11/25 00:20,11,16/11/25 10:50,16/11/25 11:40,,,,
HAL12501264::KIRAN AUSTRALIA,HAL12501264,KIRAN AUSTRALIA,2025-11-10,2025-11-13,4,199.90,8.05,Manganese Ore,nan,Gac Shipping,Various/MHC,11(14:22),ETA-13(19:40),NA,NA,"28,500",NA,08(14:22),nan,nan,nan,nan,nan,nan,,8,14/11/25 19:48,14/11/25 21:15,8,16/11/25 07:00,16/11/25 16:30,,,,
HAL12501273::MISSION (COASTAL),HAL12501273,MISSION (COASTAL),2025-11-10,2025-11-13,3,179.99,8.00,nan,HSD-(I)-12117 MS-(I)-2624,ATLANTIC GLOBAL,RELIANCE INDUSTRIES,nan,nan,nan,nan,nan,nan,nan,08(15:00),11(10:29),13(10:29),35,RELIANCE INDUSTRIES,HOJ-III B-18(O),Ullage confirmation & Readiness Documents are awaited. | Revised Seniority at par with category 4 vessels. (Vessel waiting for more than 48 Hrs),,,,,,,,,,
HAL12501213::MSC QINGDAO F,HAL12501213,MSC QINGDAO F,2025-10-28,2025-11-13,13,170.16,8.50,Container,nan,MSC Agency,Slot Charterers,12(17:59),ETA-14(03:00),NA,NA,628 Boxes,800 TEUs,12(16:08),nan,nan,nan,nan,nan,nan,,10,14/11/25 22:30,14/11/25 22:45,10,16/11/25 01:15,16/11/25 02:05,,,,
HAL12501305::SANMAR SWARA (COASTAL),HAL12501305,SANMAR SWARA (COASTAL),2025-11-12,2025-11-13,2,228.49,8.10,nan,HSD-(I)-20652 MS-(I)-8979,ATLANTIC GLOBAL,BPCL,nan,nan,nan,nan,nan,nan,nan,12(04:24),11(17:23),12(04:24),HOJ-I&II=34 HOJ-III=42,BPCL,HOJ-I/HOJ-II/HOJ-III B-16(O)/17(O)/18(O),,,,,,,,,,,
HAL12501285::SARV SHAKTI,HAL12501285,SARV SHAKTI,2025-11-10,2025-11-13,3,226.00,8.30,nan,PROPANE-(I)-10330 BUTANE-(I)-10443,ATLANTIC GLOBAL,IOCL,nan,nan,nan,nan,nan,nan,nan,08(23:18),09(21:10),09(21:10),28,IOPPL,HOJ-I/HOJ-II B-16(O)/17(O),Vessel called at B/17(O),HOJ-II,13/11/25 18:00,,HOJ-II,14/11/25 18:48,15/11/25 03:50,,,,
HAL12501319::GLYFADA I,HAL12501319,GLYFADA I,2025-11-15,2025-11-15,1,225.00,8.26,Limestone,nan,Jyothi Marine Services,SAIL/MHC,Not Ready,14(23:24),NA,NA,"32,000",NA,14(18:51),nan,nan,nan,nan,nan,nan,Vessel called in Night tide on date,2,16/11/25 00:36,16/11/25 02:20,2,17/11/25 13:10,17/11/25 15:15,,,,
HAL12501291::GREEN SARITA,HAL12501291,GREEN SARITA,2025-11-10,2025-11-15,4,225.27,8.60,nan,PROPANE-(I)-11898 BUTANE-(I)-11206,ATLANTIC GLOBAL,BPCL,nan,nan,nan,nan,nan,nan,nan,10(20:12),13(11:24),13(11:24),36,BPCL,HOJ-III B-18(O),1. Vessel neaped from 11th Nov'2025 to 14th Nov'2025. 2. Ullage confirmation & Readiness Documents are awaited. | 1. Vessel neaped till 14th Nov'2025. 2. Ullage confirmation & Readiness Documents are awaited.,HOJ-III,16/11/25 08:54,16/11/25 10:18,HOJ-III,17/11/25 21:06,18/11/25 07:12,,,,
HAL12501310::ORIENTAL JUBILEE,HAL12501310,ORIENTAL JUBILEE,2025-11-13,2025-11-15,2,225.13,8.30,nan,PROPANE-(I)-12550 BUTANE-(I)-12050,ATLANTIC GLOBAL,IOCL,nan,nan,nan,nan,nan,nan,nan,12(08:06),14(08:04),14(08:04),33,IOPPL,HOJ-I/HOJ-II B-16(O)/17(O),Ullage confirmation & Readiness Documents are awaited.,HOJ-II,16/11/25 08:48,16/11/25 10:24,HOJ-I,17/11/25 04:00,18/11/25 06:48,OIL JETTY,OIL JETTY -,17/11/25 08:42,17/11/25 09:48
HAL12501223::SOL PIONEER,HAL12501223,SOL PIONEER,2025-10-29,2025-11-15,13,149.60,6.20,Container,nan,Transworld Global Logistics,Slot Charterers,Ready,Ex KDS-15th,14(15:05),NA,166 Boxes,191 TEUs,13(13:15),nan,nan,nan,nan,nan,nan,Only Export | Only Export. F/W at KDS on 14(15:05),10,16/11/25 10:45,16/11/25 11:00,10,17/11/25 19:25,17/11/25 01:15,- II,BERTH-4A,16/11/25 20:20,
HAL12501287::CONSTELLATION,HAL12501287,CONSTELLATION,2025-11-10,2025-11-16,5,225.13,8.30,nan,PROPANE-(I)-11500 BUTANE-(I)-11500,ATLANTIC GLOBAL,HPCL,nan,nan,nan,nan,nan,nan,nan,10(12:00),14(09:19),14(09:19),HOJ-I=42 HOJ-II=34,AEGIS,HOJ-I/HOJ-II B-16(O)/17(O),"Ullage confirmation & Readiness Documents are awaited. | 1. Ullage confirmation & Readiness Documents are awaited. 2. As intimated from Terminal (AEGIS), required ullage may be available on 16th November 2025.",HOJ-II,17/11/25 09:42,17/11/25 11:42,7,18/11/25 06:35,18/11/25 18:24,,,,
HAL12501196::MSC DHANTIA F,HAL12501196,MSC DHANTIA F,2025-10-24,2025-11-16,19,149.00,7.00,Container,nan,MSC Agency,Slot Charterers,Ready,Ex Diamond Harbour-16th,14(21:10),NA,92 Boxes,102 TEUs,14(16:57),nan,nan,nan,nan,nan,nan,Only Export | Only Export. F/W at Diamond Harbour on 14(21:10) | OnlyExport.F/WatDiamondHarbouron14(21:10).Reportedat Sandheads on 16(01:20). Vessel called in Day tide on date,11,16/11/25 12:40,16/11/25 14:00,11,16/11/25 22:45,16/11/25 23:20,,,,
HAL12501283::SITC PORT KLANG,HAL12501283,SITC PORT KLANG,2025-11-10,2025-11-16,6,188.80,8.45,Container,nan,Eastern Liner Shipping,Slot Charterers,14(14:52),16(03:00),16(03:00),NA,984 Boxes,"1,634 TEUs",15(15:49),nan,nan,nan,nan,nan,nan,Vessel called in Night tide on date,10,16/11/25 22:30,16/11/25 22:45,HOJ-III,17/11/25 21:06,18/11/25 15:40,,,,
HAL12501301::SSL THAMIRABARANI,HAL12501301,SSL THAMIRABARANI,2025-11-12,2025-11-16,4,142.70,7.50,Container,nan,Unifeeder Agencies,Slot Charterers,14(16:48),16(05:54),16(05:54),NA,378 Boxes,550 TEUs,15(10:41),nan,nan,nan,nan,nan,nan,Vessel called in Night tide on date,11,17/11/25 00:10,17/11/25 01:10,12,18/11/25 15:42,19/11/25 00:10,,,,
HAL12501244::ASL IXORA,HAL12501244,ASL IXORA,2025-11-05,2025-11-17,10,199.98,7.90,Manganese Ore,nan,James Mackintosh,Various/MHC,07(11:20),10(17:54),10(17:54),10(17:54),"27,929",NA,01(21:47),nan,nan,nan,nan,nan,nan,"To lighten 28,900 MT at Sandheads | N/A | Lightening28,900 MTatSandheads. C/W atSandheads on 10(22:20). (BOB-27,050 MT) | Lightening 28,900 MT at Sandheads. C/W at Sandheads on 10(22:20). (BOB-18,900 MT). After completion of lighterage opertaion expected draft would be 8.00 | Lightening 28,900 MT at Sandheads. C/W at Sandheads on 10(22:20). (BOB-11,700 MT). After completion of lighterage opertaion expected draft would be 8.00 | Lightening 28,900 MT at Sandheads. C/W at Sandheads on 10(22:20). (BOB - 1,605 MT). Aftercompletionof lighterage opertaion expected draft would be 8.00 | Lightened 28,900 MT at Sandheads. F/W at Sandheads on 15(16:45). Vessel was called in 16(Day) tide but could not supplied due to Marine constraint (Shortage of Tug) | Lightened 28,900 MT at Sandheads. F/W at Sandheads on 15(16:45). Vessel was calledin 16(Day) tide butcould not suppliedduetoMarineconstraint(ShortageofTug).Vessel called in Day tide on date",13,17/11/25 11:06,17/11/25 12:25,11,20/11/25 05:55,20/11/25 15:50,BERTH-13,BERTH-12,20/11/25 09:10,
HAL12501252R::DS COUGAR,HAL12501252R,DS COUGAR,2025-11-10,2025-11-17,6,126.50,6.90,nan,MS-(E)-10200,SAMUDRA MARINE,HPL,nan,nan,nan,nan,nan,nan,nan,07(12:15),13(10:55),15(01:15),29,HPL,HOJ-I /HOJ-III B-16(O)/18(O),1. Ullage confirmation & Readiness Documents are awaited. 2. NOR yet to be tendered. | NOR tendered at 15(01:15),,,,,,,,,,
HAL12501303::GAS UNITED,HAL12501303,GAS UNITED,2025-11-12,2025-11-17,5,99.90,4.90,nan,BUTADIENE-(E)-3150,SAMUDRA MARINE,HPL,nan,nan,nan,nan,nan,nan,nan,15(10:12),13(12:31),15(10:12),20,HPL,HOJ-I B-16(O),Readiness Documents are awaited.,HOJ-I,18/11/25 09:36,18/11/25 11:00,HOJ-I,19/11/25 04:00,19/11/25 06:42,,,,
HAL12501302::GRACE,HAL12501302,GRACE,2025-11-12,2025-11-17,5,144.06,7.90,nan,PARAXYLENE-(I)-9940,SAMUDRA MARINE,MCPI,nan,nan,nan,nan,nan,nan,nan,ETA-17(11:00),16(08:22),ETA-17(11:00),28,MCPI,HOJ-I & OT-II B-16(O)& OT-II,Ullage confirmation & Readiness Documents are awaited.,,,,,,,,,,
HAL12501233::IOKASTI GS,HAL12501233,IOKASTI GS,2025-11-12,2025-11-17,5,189.99,8.14,Manganese Ore,nan,James Mackintosh,Various/MHC,13(17:20),17(01:30),17(01:30),17(01:30),"28,700",NA,13(17:39),nan,nan,nan,nan,nan,nan,Vessel called in Day tide on date,8,17/11/25 13:24,17/11/25 15:05,11,19/11/25 04:30,19/11/25 06:30,,,,
HAL12501300::CHANG XING YUAN,HAL12501300,CHANG XING YUAN,2025-11-12,2025-11-18,6,226.00,8.70,nan,PROPANE-(I)-11750 BUTANE-(I)-11150,INTEROCEAN,IOCL,nan,nan,nan,nan,nan,nan,nan,14(17:00),15(09:23),15(09:23),31,IOPPL,HOJ-I/HOJ-II B-16(O)/17(O),Ullage confirmation & Readiness Documents are awaited. | 1. Vessel neaped till 15th Nov'2025. 2. Ullage confirmation & Readiness Documents are awaited. | Vessel neaped till 15th Nov'2025. | Vessel was neaped till 15th Nov'2025.,HOJ-II,19/11/25 10:42,19/11/25 14:06,10,20/11/25 17:36,20/11/25 19:54,,,,
HAL12501322::FAIRWAY (COASTAL),HAL12501322,FAIRWAY (COASTAL),2025-11-15,2025-11-18,4,171.26,7.30,nan,MS-(E)-1500 HSD-(E)-7100 ATF-(E)-1550 SKO-(E)-800,ATLANTIC GLOBAL,IOCL,nan,nan,nan,nan,nan,nan,nan,13(07:30),13(15:28),13(15:28),36,IOCL,HOJ-I B-16(O),Vessel Declared on 13(15:28),,,,,,,,,,
HAL12501296::KIRAN BOSPHORUS,HAL12501296,KIRAN BOSPHORUS,2025-11-16,2025-11-18,3,199.90,7.99,Manganese Ore,nan,Bharat Marine Services,Various/MHC,17(10:13),17(20:00),17(20:00),17(20:00),"26,800",NA,17(10:39),nan,nan,nan,nan,nan,nan,Vessel called in Day tide on date,TERMINAL,18/11/25 10:00,18/11/25 11:42,6,19/11/25 06:06,19/11/25 14:40,,,,
HAL12501337::LINA AKSHOY,HAL12501337,LINA AKSHOY,2025-11-18,2025-11-18,1,199.90,8.80,Peas & Lentils,nan,Interocean Shipping,Various,Not Ready,ETA-19(13:00),NA,NA,"16,238",NA,NA,nan,nan,nan,nan,nan,nan,Vessel neaped in all Night Tides.,,,,,,,,,,
HAL12501326::MSC KYMEA II,HAL12501326,MSC KYMEA II,2025-11-15,2025-11-18,4,176.91,8.50,Container,nan,MSC Agency,Slot Charterers,Not Ready,ETA-22nd,NA,NA,130 Boxes,NA,NA,nan,nan,nan,nan,nan,nan,,,,,,,,,,,
HAL12501238::SOL STRIDE,HAL12501238,SOL STRIDE,2025-10-31,2025-11-18,14,149.60,6.30,Container,nan,Transworld Global Logistics,Slot Charterers,Ready,Ex KDS-16th,15(09:25),NA,164 Boxes,193 TEUs,15(14:21),nan,nan,nan,nan,nan,nan,Only Export | Only Export. F/W at KDS on 15(09:25) | OnlyExport.F/WatKDSon15(09:25).ReportedatSandheads on 16(17:12) | OnlyExport.F/WatKDSon15(09:25).ReportedatSandheadson 16(17:12). Vessel called in Day tide on date,7,18/11/25 13:10,18/11/25 15:35,HOJ-II,18/11/25 23:00,19/11/25 04:35,,,,
HAL12501231::TRADER,HAL12501231,TRADER,2025-10-30,2025-11-18,15,166.15,8.35,Container,nan,MSC Agency,Slot Charterers,14(16:46),18(07:36),18(07:36),NA,645 Boxes,744 TEUs,17(17:23),nan,nan,nan,nan,nan,nan,Reporting time as per Agent,12,18/11/25 23:30,19/11/25 02:30,10,20/11/25 00:45,20/11/25 03:40,,,,
HAL12501328::AC VICTORY,HAL12501328,AC VICTORY,2025-11-17,2025-11-19,3,225.00,8.00,PCI Coal,nan,Seatrans Shipmanagement,Carfer Commodities/MHC,18(10:59),18(08:00),18(10:59),18(10:59),"21,810",NA,NA,nan,nan,nan,nan,nan,nan,Reporting time as per Agent,2,20/11/25 00:01,20/11/25 01:20,HOJ-I,20/11/25 18:40,21/11/25 05:30,BERTH-2,BERTH-4,20/11/25 20:40,
HAL12501321::DORIC LIBERTY,HAL12501321,DORIC LIBERTY,2025-11-15,2025-11-19,5,229.02,8.35,Coking Coal,nan,Infinity Shipping,SAIL/MHC,18(11:59),18(08:12),18(08:12),18(08:12),"33,000",NA,15(17:57),nan,nan,nan,nan,nan,nan,Reporting time as per Agent. Late for tide on 18(Day) | Late for tide on 18(Day). Vessel called in Day tide on date,8,19/11/25 12:00,19/11/25 12:45,2,20/11/25 19:20,21/11/25 12:40,BERTH-8,BERTH-4A,20/11/25 23:25,
HAL12501324::JBU ONYX,HAL12501324,JBU ONYX,2025-11-15,2025-11-19,5,141.00,8.45,nan,PARAXYLENE-(I)-9528,BOTHRA SHIPPING,MCPI,nan,nan,nan,nan,nan,nan,nan,17(21:30),16(16:27),18(21:30),27,MCPI,HOJ-I & OT-II B-16(O)& OT-II,Ullage confirmation & Readiness Documents are awaited. | Vessel called at inside dock for discharging MEG. | 1. Vessel inside dock. 2. Revised Seniority at par with category 4 vessels. (Vessel waiting for more than 24 Hrs) 3. Vessel will be shifted from inside dock to OT-II.,2,18/11/25 11:15,18/11/25 12:30,4,20/11/25 02:00,21/11/25 08:00,BERTH-7 | BERTH-4B,BERTH-4B | OUTER TER,19/11/25 08:30 | 20/11/25 08:00,19/11/25 11:40 | 20/11/25 10:00
HAL12501258::SOL PURPOSE,HAL12501258,SOL PURPOSE,2025-11-05,2025-11-19,10,149.60,8.60,Container,nan,Transworld Global Logistics,Slot Charterers,14(20:52),17(12:24),17(12:24),NA,265 Boxes,389 TEUs,17(18:26),nan,nan,nan,nan,nan,nan,Only Import | Only Import. Vessel neaped in all Night tides | OnlyImport.VesselneapedinallNighttides.VesselcalledinDay tide on date,10,19/11/25 14:30,19/11/25 14:45,7,19/11/25 23:55,20/11/25 03:05,,,,
HAL12501266::XIN LONG YUN 58,HAL12501266,XIN LONG YUN 58,2025-11-10,2025-11-19,9,166.23,8.30,Container,nan,Far Shipping,Slot Charterers,14(17:47),18(18:30),18(18:30),NA,285 Boxes,434 TEUs,NA,nan,nan,nan,nan,nan,nan,Only Import,12,20/11/25 02:36,,4,20/11/25 13:10,20/11/25 19:50,BERTH-12 | BERTH-10,BERTH-10 | BERTH-4A,20/11/25 05:30 | 20/11/25 14:25,
HAL12501331::CHS COLOMBO,HAL12501331,CHS COLOMBO,2025-11-16,2025-11-20,5,150.73,6.50,Container,nan,MSC Agency,Slot Charterers,Ready,Ex KDS-19th,18(19:00),NA,149 Boxes,198 TEUs,19(19:25),nan,nan,nan,nan,nan,nan,Only Export | Only Export. F/W at KDS on 18(19:00) | OnlyExport.F/WatKDSon18(19:00).ReportedatSandheadson 19(19:30). Vessel called in Day tide on date,11,20/11/25 14:00,20/11/25 15:20,HOJ-II,21/11/25 03:00,21/11/25 03:40,,,,
HAL12501348::JAL KUMUD,HAL12501348,JAL KUMUD,2025-11-19,2025-11-20,2,224.94,8.00,Limestone,nan,Seatrans Shipmanagement,SAIL/MHC,Not Ready,20(06:36),NA,NA,"33,000",NA,19(15:12),nan,nan,nan,nan,nan,nan,Reporting time as per Agent,2,21/11/25 00:36,21/11/25 01:30,4A,22/11/25 21:00,23/11/25 06:15,BERTH-2,BERTH-4,22/11/25 22:30,
HAL12501338::MSC ALIZEE III,HAL12501338,MSC ALIZEE III,2025-11-18,2025-11-20,3,208.30,8.50,Container,nan,MSC Agency,Slot Charterers,19(21:52),ETA-20(11:30),NA,NA,172 Boxes,450 TEUs,19(22:43),nan,nan,nan,nan,nan,nan,,11,21/11/25 05:15,21/11/25 05:30,HOJ-I,22/11/25 13:00,22/11/25 14:45,,,,
HAL12501336::SCARLET STORK,HAL12501336,SCARLET STORK,2025-11-18,2025-11-20,3,228.99,8.70,Coking Coal,nan,TMILL,Tata Steel/MHC,18(10:51),19(10:06),19(10:06),19(10:06),"36,435",NA,18(12:39),nan,nan,nan,nan,nan,nan,Vessel neaped in all Night Tides. | Vessel neaped in all Night Tides. Reporting time as per Agent. | Vessel neaped in all Night Tides. Vessel called in Day tide on date,13,20/11/25 12:06,20/11/25 13:20,5,22/11/25 01:30,22/11/25 06:25,BERTH-13,BERTH-12,22/11/25 01:20,
HAL12501329::SPIRIT OF SEATREK,HAL12501329,SPIRIT OF SEATREK,2025-11-15,2025-11-20,6,199.99,8.00,Limestone,nan,Seatrans Shipmanagement,SAIL/MHC,Not Ready,ETA-20(10:30),NA,NA,"27,000",NA,19(13:38),nan,nan,nan,nan,nan,nan,,8,21/11/25 02:18,21/11/25 03:45,,,,BERTH-8,BERTH-4A,22/11/25 13:15,
HAL12501318::SSL SABARIMALAI,HAL12501318,SSL SABARIMALAI,2025-11-15,2025-11-20,6,143.15,8.30,Container,nan,Unifeeder Agencies India,Slot Charterers,18(16:51),19(09:12),19(09:12),NA,184 Boxes,198 TEUs,19(18:08),nan,nan,nan,nan,nan,nan,Only Import | Only Import. Reporting time as per Agent | Only Import. Vessel called in Day tide on date,10,20/11/25 15:40,20/11/25 15:55,11,21/11/25 00:30,21/11/25 07:50,,,,
HAL12501284::AQUAVITA TRUST,HAL12501284,AQUAVITA TRUST,2025-11-07,2025-11-21,9,199.98,7.65,Steam Coal,nan,Alap Carriers,IVL Dhunseri Petrochem/MHC,14(13:14),17(01:35),17(01:35),17(01:35),"26,250",NA,15(11:27),nan,nan,nan,nan,nan,nan,"N/A | To lighten 34,000 MT at Sandheads | Lightening34,250 MTatSandheads. C/W atSandheads on 17(05:45). (BOB-33,885 MT) | Lightening 34,250 MT at Sandheads. C/W at Sandheads on 17(05:45). (BOB-24,430 MT) | Lightening 34,250 MT at Sandheads. C/W at Sandheads on 17(05:45). (BOB-14,100 MT). After completion of lighterage opertaion expected draft would be 7.65 | Lightening 34,250 MT at Sandheads. C/W at Sandheads on 17(05:45). (BOB-4,400 MT). After completion of lighterage opertaion expected draft would be 7.65 | Lightened 34,250 MT at Sandheads. F/W at Sandheads on 20(15:45).",4,22/11/25 01:06,22/11/25 04:20,HOJ-II,23/11/25 10:20,23/11/25 16:30,BERTH-13,BERTH-12,23/11/25 12:30,
HAL12501312::BW LIBRA,HAL12501312,BW LIBRA,2025-11-15,2025-11-21,7,220.23,8.40,nan,PROPANE-(I)-12300 BUTANE-(I)-12300,ISS SHIPPING,BPCL,nan,nan,nan,nan,nan,nan,nan,19(16:12),20(10:41),20(10:41),36,BPCL,HOJ-III B-18(O),Ullage confirmation & Readiness Documents are awaited. | Vessel called at B/18(O),HOJ-III,21/11/25 11:48,21/11/25 16:06,10,22/11/25 11:50,22/11/25 20:25,,,,
HAL12501339::HISUI,HAL12501339,HISUI,2025-11-18,2025-11-21,4,226.00,7.50,nan,PROPANE-(I)-6100 BUTANE-(I)-6100,ATLANTIC GLOBAL,IOCL,nan,nan,nan,nan,nan,nan,nan,17(11:24),17(17:08),17(17:08),17,IOPPL,HOJ-I/HOJ-II B-16(O)/17(O),Vessel called at B/16(O),HOJ-I,21/11/25 11:12,21/11/25 12:36,9,21/11/25 23:55,22/11/25 08:48,,,,
HAL12501299::LILY OCEAN,HAL12501299,LILY OCEAN,2025-11-17,2025-11-21,2,189.99,8.35,Manganese Ore,nan,Interocean Shipping,Various/MHC,18(15:43),ETA-21(14:00),NA,NA,"27,475",NA,18(16:16),nan,nan,nan,nan,nan,nan,,,,,9,25/11/25 09:15,25/11/25 21:50,BERTH-4,BERTH-9,22/11/25 05:36,
HAL12501242R::ORCHARD STAR,HAL12501242R,ORCHARD STAR,2025-11-10,2025-11-21,11,158.56,5.80,Container,nan,Far Shipping,Slot Charterers,Ready,Ex KDS-20th,20(03:00),NA,301 Boxes,516 TEUs,20(10:07),nan,nan,nan,nan,nan,nan,Only Export | Only Export. F/W at KDS on 20(03:00) | OnlyExport.F/WatKDSon20(03:00).ReportedatSandheadson 20(20:30). Vessel called in Day tide on date,,,,,,,,,,
HAL12501325::SHIVALIK,HAL12501325,SHIVALIK,2025-11-15,2025-11-21,7,225.28,8.50,nan,PROPANE-(I)-12000 BUTANE-(I)-12000,INTEROCEAN,HPCL,nan,nan,nan,nan,nan,nan,nan,16(22:24),18(11:11),18(11:11),HOJ-I=44 HOJ-II=38,AEGIS,HOJ-I/HOJ-II B-16(O)/17(O),"Ullage confirmation & Readiness Documents are awaited. | 1. Ullage confirmation & Readiness Documents are awaited. 2. As intimated by Terminal, the required ullage may be available on 21st/22nd Nov'2025 | Vessel called at B/17(O)",HOJ-II,21/11/25 11:36,21/11/25 13:12,8,23/11/25 01:42,23/11/25 09:00,,,,
HAL12501350::ANDROMACHE,HAL12501350,ANDROMACHE,2025-11-19,2025-11-22,4,229.04,8.70,Coking Coal,nan,TMILL,Tata Steel/MHC,20(10:18),22(02:00),22(02:00),22(02:00),"35,901",NA,NA,nan,nan,nan,nan,nan,nan,Vessel neaped in all Night tides | Vessel neaped in all Night tides. Vessel called in Day tide on date,8,22/11/25 15:24,23/11/25 03:10,HOJ-I,24/11/25 03:40,24/11/25 07:45,,,,
::BW BIRCH,,BW BIRCH,2025-11-21,2025-11-22,2,,,nan,PROPANE-(I)-9988 BUTANE-(I)-9280,,IOCL,nan,nan,nan,nan,nan,nan,nan,,,,,,HOJ-I/HOJ-II,Ullage confirmation & Readiness,,,,,,,,,,
HAL12501349::ECO COLONEL,HAL12501349,ECO COLONEL,2025-11-19,2025-11-22,4,228.99,8.40,PCI Coal,nan,Eveready Shipping,SAIL/ISPHL,BOT Berth,22(04:00),22(04:00),22(04:00),"35,000",NA,21(08:56),nan,nan,nan,nan,nan,nan,Reporting time as per Agent,4A,23/11/25 03:36,,4A,25/11/25 10:40,25/11/25 18:25,,,,
::GREEN SHAKTI,,GREEN SHAKTI,2025-11-21,2025-11-22,2,,,nan,PROPANE-(I)-8900 BUTANE-(I)-6500,,HPCL,nan,nan,nan,nan,nan,nan,nan,,,,HOJ-I=43,,HOJ-I/HOJ-II,Ullage confirmation & Readiness,,,,,,,,,,
HAL12501337::LINA AKSOY,HAL12501337,LINA AKSOY,2025-11-20,2025-11-22,3,199.90,8.80,Peas & Lentils,nan,Interocean Shipping,Various,Ready,19(12:12),19(12:12),23(12:12),"16,238",NA,21(12:36),nan,nan,nan,nan,nan,nan,"Vessel neaped in all Night Tides. | VesselneapedinallNightTides.Also,vesselwillbenaepedafter 22(Day) tide till 30th November | VesselneapedinallNightTides.Also,vesselwillbeneapedafter 22(Day) tide till 30th November. Vessel called in Day tide on date",4B,22/11/25 13:18,22/11/25 16:45,9,30/11/25 09:20,30/11/25 14:10,BERTH-4,BERTH-9,25/11/25 23:48,26/11/25 00:55
HAL12501335::SEAGEMINI,HAL12501335,SEAGEMINI,2025-11-16,2025-11-22,7,179.86,7.65,nan,AMMONIA ANHYDROUS-(I) 12000,ALAP CARRIERS,INDORAMA INDIA,nan,nan,nan,nan,nan,nan,nan,17(06:24),18(18:17),18(18:17),22,INDORAMA INDIA,HOJ-I B-16(O),"Ullage confirmation & Readiness Documents are awaited. | 1. Ullage confirmation & Readiness Documents are awaited. 2. As intimated by Terminal, the required ullage may be available on 21st Nov'2025 | Vessel called at B/16(O)",HOJ-I,22/11/25 12:12,22/11/25 14:18,13,23/11/25 11:42,23/11/25 21:06,,,,
HAL12501330::SHANDONG XIN RONG,HAL12501330,SHANDONG XIN RONG,2025-11-21,2025-11-22,2,229.00,8.13,Steam Coal,nan,Gac Shipping,Various/MHC,20(10:42),21(19:18),21(19:18),21(19:18),"33,000",NA,19(10:45),nan,nan,nan,nan,nan,nan,,2,23/11/25 01:48,23/11/25 04:10,2,24/11/25 13:55,24/11/25 16:30,,,,
HAL12501316::ANTE TOPIC,HAL12501316,ANTE TOPIC,2025-11-21,2025-11-23,3,199.90,8.30,Coking Coal,nan,Interocean Shipping,Trafigura India/MHC,20(11:14),22(23:45),22(23:45),22(23:45),"29,068",NA,20(13:16),nan,nan,nan,nan,nan,nan,Vessel called in Day tide on date,13,23/11/25 15:15,23/11/25 17:30,13,24/11/25 18:15,25/11/25 02:10,,,,
HAL12501346::DSM HARBOUR,HAL12501346,DSM HARBOUR,2025-11-21,2025-11-23,3,174.70,8.50,Rock Phosphate,nan,S2 Shipping LLP,Sai Fertilizers & Jatia Chemicals/TMILL,19(14:15),20(18:45),20(18:45),24(18:45),"24,420",NA,19(13:48),nan,nan,nan,nan,nan,nan,"To lighten 8,500 MT at Sandheads | Lightening 8,500 MT at Sandheads. (BOB - 3,200 MT). After completion of lighterage opertaion expected draft would be 8.50 | Lightened8,489.836MTatSandheads.F/WatSandheadson 22(19:30). Vessel was called in 22(Night) tide but could not supplied due to non completion of lighterage at Sandheads. Vessel called in Day tide on date",12,23/11/25 17:00,23/11/25 19:50,12,25/11/25 11:15,25/11/25 16:55,,,,
HAL12501317::SANMAR SNEHA (COASTAL),HAL12501317,SANMAR SNEHA (COASTAL),2025-11-15,2025-11-23,9,200.00,8.70,nan,NAPHTHA-(I)-29800,BEN LINE AGENCIES,HPL,nan,nan,nan,nan,nan,nan,nan,22(22:06),19(11:08),22(22:06),HOJ-I=34 HOJ-II&III=26,HPL,HOJ-I/HOJ-II/HOJ-III B-16(O)/17(O)/18(O),Ullage confirmation & Readiness Documents are awaited. | Vessel called in Day tide on date at B/17(O),,,,,,,,,,
HAL12501320::SITC MINGCHENG,HAL12501320,SITC MINGCHENG,2025-11-15,2025-11-23,9,188.80,8.50,Container,nan,Eastern Liner Shipping,Slot Charterers,21(11:58),23(05:00),23(05:00),NA,"1,004 Boxes","1,735 TEUs",21(18:47),nan,nan,nan,nan,nan,nan,Vessel called in Day tide on date,10,23/11/25 14:15,23/11/25 14:30,10,24/11/25 18:10,24/11/25 18:50,,,,
HAL12501263::ACHI,HAL12501263,ACHI,2025-11-13,2025-11-24,6,199.99,8.40,Coking Coal,nan,Benline Agencies,Trafigura India & Rungta Mines/MHC,10(15:10),24(01:06),24(01:06),24(01:06),"29,000",NA,12(10:55),nan,nan,nan,nan,nan,nan,Vessel called in Day tide on date,8,24/11/25 15:00,24/11/25 17:20,8,26/11/25 01:30,26/11/25 09:20,,,,
HAL12501357::BW BIRCH,HAL12501357,BW BIRCH,2025-11-23,2025-11-24,2,225.48,8.20,nan,PROPANE-(I)-9988 BUTANE-(I)-9280,ATLANTIC GLOBAL,IOCL,nan,nan,nan,nan,nan,nan,nan,23(13:00),21(10:52),23(13:00),30,IOPPL,HOJ-I/HOJ-II B-16(O)/17(O),Vessel called at B/17(O),HOJ-II,24/11/25 12:54,24/11/25 14:24,HOJ-II,25/11/25 07:30,26/11/25 11:54,OIL JETTY,OIL JETTY -,25/11/25 11:36,25/11/25 12:24
HAL12501340::GAS EXPLORER,HAL12501340,GAS EXPLORER,2025-11-18,2025-11-24,7,99.98,4.45,nan,BUTADIENE-(E)-3150,SAMUDRA MARINE,HPL,nan,nan,nan,nan,nan,nan,nan,20(10:00),22(10:28),22(10:28),20,HPL,HOJ-I B-16(O),Readiness Documents are awaited. | Vessel could not be supplied in Day tide on date due to non-completion of M.T. SEAGEMINI at B/16(O) | Vessel called at B/16(O),HOJ-I,24/11/25 12:30,24/11/25 13:42,HOJ-I,25/11/25 08:00,25/11/25 09:30,,,,
HAL12501352::ROYAL PERIDOT,HAL12501352,ROYAL PERIDOT,2025-11-20,2025-11-24,5,128.60,8.50,nan,PARAXYLENE-(I)- 10994,ISS SHIPPING,MCPI,nan,nan,nan,nan,nan,nan,nan,22(22:24),21(10:28),22(22:24),30,MCPI,HOJ-I & OT-II B-16(O)& OT-II,Ullage confirmation & Readiness Documents are awaited.,TERMINAL,24/11/25 10:54,24/11/25 12:35,TERMINAL 2,25/11/25 09:00,25/11/25 10:06,,,,
HAL12501373::WILLOWS (COASTAL),HAL12501373,WILLOWS (COASTAL),2025-11-24,2025-11-24,1,179.90,8.00,nan,HSD-(I)-9000 MS-(I)-7507,ATLANTIC GLOBAL,BPCL,nan,nan,nan,nan,nan,nan,nan,24(00:06),24(08:23),24(08:23),HOJ-I&II=24 HOJ-III=34,BPCL,HOJ-I/HOJ-II/HOJ-III B-16(O)/17(O)/18(O),,,,,,,,,,,
HAL12501354::XH DREAM,HAL12501354,XH DREAM,2025-11-20,2025-11-24,5,229.00,8.40,Coking Coal,nan,J M Baxi Marine Services,SAIL/MHC,Not Ready,23(16:06),NA,NA,"33,000",NA,23(19:24),nan,nan,nan,nan,nan,nan,Vessel called in Day tide on date,2,24/11/25 17:12,24/11/25 18:00,2,26/11/25 02:10,26/11/25 05:05,,,,
HAL12501360::AMBERJACK,HAL12501360,AMBERJACK,2025-11-21,2025-11-25,5,229.00,8.10,Limestone,nan,Seatrans Shipmanagement,SAIL/MHC,Not Ready,24(08:42),NA,NA,"33,000",NA,24(13:33),nan,nan,nan,nan,nan,nan,Reporting time as per Agent. Vessel late for tide on 24(Day) Tide,2,26/11/25 05:42,,2,27/11/25 17:45,27/11/25 20:30,,,,
HAL12501359::GREEN SHAKTI,HAL12501359,GREEN SHAKTI,2025-11-23,2025-11-25,3,225.28,8.50,nan,PROPANE-(I)-8900 BUTANE-(I)-6500,ATLANTIC GLOBAL,HPCL,nan,nan,nan,nan,nan,nan,nan,23(23:00),21(11:32),23(23:00),HOJ-I=43 HOJ-II=36,IOPPL,HOJ-I/HOJ-II B-16(O)/17(O),Vessel called at B/17(O),HOJ-II,25/11/25 13:36,25/11/25 15:12,6,26/11/25 13:54,27/11/25 11:36,,,,
HAL12501334::NEFELI,HAL12501334,NEFELI,2025-11-24,2025-11-25,2,199.90,8.40,Lam Coke,nan,Sea Chhathmaa Shipping,Orissa Alloy Steel & Rashmi Cement/MHC,22(15:21),ETA-25(11:00),NA,NA,"25,014",NA,NA,nan,nan,nan,nan,nan,nan,,13,26/11/25 03:30,,13,27/11/25 08:00,27/11/25 10:40,,,,
HAL12501355::SAITA I,HAL12501355,SAITA I,2025-11-21,2025-11-25,5,228.99,7.91,Coking Coal,nan,TMILL,SAIL/ISPHL,BOT Berth,24(09:54),24(09:54),24(09:54),"33,000",NA,24(15:30),nan,nan,nan,nan,nan,nan,Reporting time as per Agent | Vessel called in Day tide on date,4,25/11/25 15:00,25/11/25 19:35,4A,27/11/25 23:30,,- II,BERTH-4A,25/11/25 19:30,25/11/25 20:05
HAL12501245::XIN LIAN CHANG,HAL12501245,XIN LIAN CHANG,2025-11-01,2025-11-25,20,158.43,6.00,Container,nan,Far Shipping,Slot Charterers,Ready,Ex KDS-23rd,23(04:50),NA,236 Boxes,259 TEUs,22(15:36),nan,nan,nan,nan,nan,nan,Only Export | Only Export. F/W at KDS on 23(04:50) | Only Export. F/W at KDSon 23(04:50). Vessel wascalled in 24(Day) tide but could not supplied due to technical problem | Only Export. F/W at KDSon 23(04:50). Vessel wascalled in 24(Day) tide but could not supplied due to technical problem.Technicalproblemofvesselwassolveson24(15:18). Vessel called in Day tide on date,11,25/11/25 19:00,26/11/25 05:15,11,26/11/25 00:40,26/11/25 18:20,,,,
HAL12501377::BERGE NINGBO,HAL12501377,BERGE NINGBO,2025-11-25,2025-11-26,2,225.30,8.00,nan,PROPANE-(I)-10570 BUTANE-(I)-10185,INTEROCEAN SHIPPING,IOCL,nan,nan,nan,nan,nan,nan,nan,ETA-27(06:00),26(09:23),ETA-27(06:00),28,IOPPL,HOJ-I/HOJ-II B-16(O)/17(O),Ullage confirmation & Readiness Documents are awaited.,,,,,,,,,,
HAL12501314::BW TYR,HAL12501314,BW TYR,2025-11-19,2025-11-26,8,225.46,8.40,nan,PROPANE-(I)-10895 BUTANE-(I)-12457,ATLANTIC GLOBAL,BPCL,nan,nan,nan,nan,nan,nan,nan,25(10:48),24(16:00),25(10:48),36,BPCL,HOJ-III B-18(O),"Ullage confirmation & Readiness Documents are awaited. | 1. As intimated by Terminal, the required ullage may be available on 26th Nov'2025 2. Ullage confirmation & Readiness Documents are awaited. | Vessel called at B/18(O)",,,,,,,,,,
HAL12501347R::CHEM ABBEY,HAL12501347R,CHEM ABBEY,2025-11-21,2025-11-26,6,185.00,7.90,nan,MS-(E)-10000 MTBE-(E)-3000,J.M. BAXI MARINE,HPL,nan,nan,nan,nan,nan,nan,nan,22(05:36),24(18:35),Not Ready,29,HPL,HOJ-I /HOJ-III B-16(O)/18(O),Readiness Documents are awaited. | Ullage confirmation & Readiness Documents are awaited. | NOR yet to be tendered.,,,,,,,,,,
HAL12501375::DORIC ARMOUR,HAL12501375,DORIC ARMOUR,2025-11-25,2025-11-26,2,228.99,8.10,Coking Coal,nan,Infinity Shipping,SAIL/MHC,Not Ready,25(23:00),NA,NA,"33,000",NA,25(11:05),nan,nan,nan,nan,nan,nan,Late for tide on 25(Night). Vessel called in Day tide on date,8,26/11/25 16:06,26/11/25 16:50,8,28/11/25 03:00,,,,,
HAL12501385::HAFNIA TAGUS,HAL12501385,HAFNIA TAGUS,2025-11-26,2025-11-26,1,228.00,7.90,nan,NAPHTHA-(I)-26084,INTEROCEAN SHIPPING,HPL,nan,nan,nan,nan,nan,nan,nan,ETA-27(09:00),Not Ready,Not Ready,N/A,HPL,HOJ-I/HOJ-II/HOJ-III B-16(O)/17(O)/18(O),1. To undertake STS with Daughter vessel M.T. SANMAR SNEHA at Sandheads. 2. Ullage confirmation & Readiness Documents are awaited.,,,,,,,,,,
HAL12501395::NANDA DEVI,HAL12501395,NANDA DEVI,2025-11-26,2025-11-26,1,227.00,7.90,nan,PROPANE-(I)-5639 BUTANE-(I)-6173,ATLANTIC GLOBAL,IOCL,nan,nan,nan,nan,nan,nan,nan,ETA-27(02:00),26(09:13),ETA-27(02:00),16,IOPPL,HOJ-I/HOJ-II B-16(O)/17(O),,HOJ-II,27/11/25 15:42,27/11/25 17:24,,,,,,,
HAL12501361::SNARTH (COASTAL),HAL12501361,SNARTH (COASTAL),2025-11-21,2025-11-26,6,147.83,8.60,nan,MS-(I)-1000 REFORMATE-(I)- 15000,ATLANTIC GLOBAL,IOCL,nan,nan,nan,nan,nan,nan,nan,22(17:48),20(13:56),22(17:48),36,IOCL,HOJ-I B-16(O),Vessel neaped in all Night tides | Vessel called at B/16(O),,,,,,,,,,
HAL12501344::SSL THAMIRABARANI,HAL12501344,SSL THAMIRABARANI,2025-11-19,2025-11-26,8,142.70,8.30,Container,nan,Unifeeder Agencies,Slot Charterers,26(14:56),ETA-26(13:30),NA,NA,669 Boxes,928 TEUs,25(18:17),nan,nan,nan,nan,nan,nan,,11,27/11/25 04:15,27/11/25 04:30,,,,,,,
HAL12501370::TORM AUSTRALIA (COASTAL),HAL12501370,TORM AUSTRALIA (COASTAL),2025-11-23,2025-11-26,4,183.31,7.70,nan,NAPHTHA-(E)-12000,ATLANTIC GLOBAL,IOCL,nan,nan,nan,nan,nan,nan,nan,ETA-27(07:00),Not Ready,Not Ready,N/A,IOCL,HOJ-I/HOJ-II B-16(O)/17(O),Ullage confirmation & Readiness Documents are awaited.,,,,,,,,,,
HAL12501378::TURBO S,HAL12501378,TURBO S,2025-11-25,2025-11-26,2,179.97,7.30,Silico Manganese,nan,Everett (India),Shyam Ferro Alloys,26(09:59),24(20:38),26(09:59),30(09:59),"5,000",NA,NA,nan,nan,nan,nan,nan,nan,,7,27/11/25 05:18,,4,01/12/25 17:15,02/12/25 04:30,,,,
HAL12501298::ZUNAIRAH ZARISHA 4,HAL12501298,ZUNAIRAH ZARISHA 4,2025-11-11,2025-11-26,15,82.98,3.50,Container,nan,Everett (India),Slot Charterers,25(13:15),26(07:00),26(07:00),NA,176 Boxes,275 TEUs,25(12:45),nan,nan,nan,nan,nan,nan,Reporting time as per Agent. Vessel called in Day tide on date,10,26/11/25 18:40,26/11/25 18:55,10,27/11/25 10:00,27/11/25 19:10,,,,
HAL12501353::MERCURIAL VIRGO,HAL12501353,MERCURIAL VIRGO,2025-11-23,2025-11-27,5,229.00,7.83,Coking Coal,nan,Eveready Shipping,Rawmet Resources/MHC,20(16:56),24(20:00),25(20:20),25(20:20),"30,000",NA,21(13:00),nan,nan,nan,nan,nan,nan,Vesselwascalledin25(Day)tidebutcouldnotsupplieddueto Engine problem | Vesselwascalledin25(Day)tidebutcouldnotsupplieddueto Engine problem. Engine ready on 25(20:20) | Vesselwascalledin25(Day)tidebutcouldnotsupplieddueto Engineproblem.Enginereadyon25(20:20).VesselcalledinDay tide on date,13,27/11/25 16:24,27/11/25 17:40,,,,,,,
HAL12501386::MSC CHAEWON,HAL12501386,MSC CHAEWON,2025-11-26,2025-11-27,2,171.90,7.30,Container,nan,MSC Agency,Slot Charterers,26(09:26),ETA-27(10:00),NA,NA,700 Boxes,700 TEUs,26(10:30),nan,nan,nan,nan,nan,nan,Only Import,10,28/11/25 05:50,,,,,,,,
HAL12501315::SOL FORTUNE,HAL12501315,SOL FORTUNE,2025-11-15,2025-11-27,13,149.60,6.20,Container,nan,Transworld Global Logistics,Slot Charterers,Ready,Ex KDS-26th,26(01:45),NA,83 Boxes,150 TEUs,26(13:25),nan,nan,nan,nan,nan,nan,Only Export | OnlyExport.F/WatKDSon26(01:45).ETAatSandheadson 26(22:00) | OnlyExport.F/WatKDSon26(01:45).ReportedatSandheadson 26(23:18). Vessel called in Day tide on date,10,27/11/25 19:45,,10,28/11/25 01:15,,BERTH-10,BERTH-4,28/11/25 03:40,
HAL12501327::STAR PEACE,HAL12501327,STAR PEACE,2025-11-24,2025-11-27,3,229.00,8.41,Steam Coal,nan,Seatrans Shipmanagement,Gokul Fuel LLP/MHC,26(13:08),26(23:42),26(23:42),26(23:42),"33,000",NA,25(16:01),nan,nan,nan,nan,nan,nan,Vessel called in Day tide on date,4,27/11/25 18:20,27/11/25 20:45,,,,BERTH-4,BERTH-2,27/11/25 22:00,27/11/25 22:45
HAL12501365::YM SUMMIT,HAL12501365,YM SUMMIT,2025-11-24,2025-11-27,3,199.90,8.27,Manganese Ore,nan,Seatrans Shipmanagement,Various/MHC,25(16:33),27(04:14),27(04:14),27(04:14),"29,900",NA,26(15:39),nan,nan,nan,nan,nan,nan,Reporting time as per Agent,,,,,,,,,,
HAL12501383::ABK TIGER,HAL12501383,ABK TIGER,2025-11-28,2025-11-28,1,169.26,8.50,Ammonium Sulphate,nan,Alap Carriers Shipping And Logistic,Indorama India/TMILL,27(11:00),ETA-28(14:00),NA,NA,"21,850",NA,NA,nan,nan,nan,nan,nan,nan,Vessel called in Day tide on date but late for tide,,,,4,01/12/25 09:15,01/12/25 16:00,,,,
HAL12501394::AEOLIAN LIGHT,HAL12501394,AEOLIAN LIGHT,2025-11-27,2025-11-28,2,228.99,6.86,Coking Coal,nan,Eveready Shipping,Rawmet Resources/MHC,26(12:11),27(13:00),27(13:00),27(13:00),"20,000",NA,26(16:03),nan,nan,nan,nan,nan,nan,,,,,13,30/11/25 04:00,30/11/25 09:55,,,,
HAL12501379::BCH BRAMBERG,HAL12501379,BCH BRAMBERG,2025-11-28,2025-11-28,1,199.90,8.15,Manganese Ore,nan,Merchant Shipping Services,Various/MHC,26(16:32),ETA-29(20:00),NA,NA,"23,400",NA,27(12:14),nan,nan,nan,nan,nan,nan,,13,30/11/25 19:48,30/11/25 21:30,2,02/12/25 07:50,02/12/25 12:40,BERTH-4B | BERTH-2,BERTH-2 | BERTH-11,01/12/25 03:18 | 02/12/25 10:10,01/12/25 03:55
HAL12501389::DESPINA,HAL12501389,DESPINA,2025-11-26,2025-11-28,3,224.94,8.00,Coking Coal,nan,Seatrans Shipmanagement,SAIL/ISPHL,BOT Berth,ETA-01st,NA,NA,"33,000",NA,NA,nan,nan,nan,nan,nan,nan,,4A,01/12/25 09:00,01/12/25 10:20,4A,03/12/25 10:30,03/12/25 12:20,,,,
HAL12501382::FORTUNE TIGER,HAL12501382,FORTUNE TIGER,2025-11-28,2025-11-28,1,189.99,7.90,Manganese Ore,nan,Gac Shipping,Various/MHC,Not Ready,ETA-28(11:00),NA,NA,"25,992",NA,25(18:42),nan,nan,nan,nan,nan,nan,,4,30/11/25 09:18,30/11/25 12:06,11,02/12/25 01:40,02/12/25 17:15,BERTH-13,BERTH-12,02/12/25 03:50,
HAL12501362::GLORIA,HAL12501362,GLORIA,2025-11-24,2025-11-28,4,224.99,8.27,Steam Coal,nan,Gac Shipping,Various/MHC,24(16:20),27(13:40),27(13:40),27(13:40),"31,880",NA,24(17:12),nan,nan,nan,nan,nan,nan,,,,,,,,BERTH-8,BERTH-4,01/12/25 20:25,
HAL12501343::MSC DHANTIA F,HAL12501343,MSC DHANTIA F,2025-11-19,2025-11-28,10,149.00,7.90,Container,nan,MSC Agency,Slot Charterers,Not Ready,ETA-29(09:00),NA,NA,Nil,NA,25(16:36),nan,nan,nan,nan,nan,nan,,4B,30/11/25 21:40,01/12/25 00:30,HOJ-III,01/12/25 17:50,01/12/25 23:40,,,,
HAL12501351::MSC MAKOTO II,HAL12501351,MSC MAKOTO II,2025-11-19,2025-11-28,10,175.49,8.60,Container,nan,MSC Agency,Slot Charterers,27(16:21),ETA-29(08:00),NA,NA,540 Boxes,NA,27(15:32),nan,nan,nan,nan,nan,nan,,,,,10,01/12/25 08:00,01/12/25 11:20,,,,
HAL12501358::MSC MANASA F,HAL12501358,MSC MANASA F,2025-11-21,2025-11-28,8,154.00,8.50,Container,nan,MSC Agency,Slot Charterers,26(14:55),28(07:00),28(07:00),NA,309 Boxes,NA,25(15:57),nan,nan,nan,nan,nan,nan,Reporting time as per Agent. Vessel called in Day tide on date,,,,,,,,,,
HAL12501266R::XIN LONG YUN 58,HAL12501266R,XIN LONG YUN 58,2025-11-10,2025-11-28,18,166.23,5.80,Container,nan,Far Shipping,Slot Charterers,Ready,Ex KDS-28th,28(00:05),NA,351 Boxes,441 TEUs,NA,nan,nan,nan,nan,nan,nan,Only Export | Only Export. F/W at KDS on 28(00:05),,,,,,,,,,
HAL12501391::YASA VENUS,HAL12501391,YASA VENUS,2025-11-26,2025-11-28,3,199.90,8.10,Limestone,nan,Seatrans Shipmanagement,SAIL/MHC,27(17:17),28(00:35),28(00:35),28(00:35),"27,000",NA,25(19:01),nan,nan,nan,nan,nan,nan,Late for tide on 27(Night) Tide,,,,,,,,,,
HAL12501368::AGRI OCEAN,HAL12501368,AGRI OCEAN,2025-11-23,2025-12-01,7,228.99,10.43,Coking Coal,nan,Gac Shipping,Tata Steel/MHC,28(17:32),30(23:18),30(23:18),30(23:18),"36,535",NA,NA,nan,nan,nan,nan,nan,nan,"To lighten 10,500 MT at Sandheads",13,02/12/25 09:36,02/12/25 10:45,13,04/12/25 10:00,04/12/25 18:25,,,,
HAL12501412::BRYANT,HAL12501412,BRYANT,2025-12-01,2025-12-01,1,224.94,8.37,Met Coke,nan,Eveready Shipping Agencies,Orissa Metaliks & Jai Balaji Industries/MHC,29(17:00),30(15:50),30(15:50),30(15:50),"29,163",NA,29(20:36),nan,nan,nan,nan,nan,nan,Vessel called in Night tide on date,8,01/12/25 22:45,02/12/25 00:25,8,03/12/25 18:00,03/12/25 18:45,,,,
HAL12501364::MEISSA (COASTAL),HAL12501364,MEISSA (COASTAL),2025-11-22,2025-12-01,6,183.06,8.50,nan,MS-(I)-5852 HSD-(I)-13792,ATLANTIC GLOBAL,RELIANCE INDUSTRIES,nan,nan,nan,nan,nan,nan,nan,25(21:48),27(11:30),29(11:30),38,RELIANCE INDUSTRIES,HOJ-III B-18(O),"Ullage confirmation & Readiness Documents are awaited. | Seniority at par with category 4 vessels, as vessel is waiting for more than 48 hours.",,,,,,,,,,
HAL12501410::SSL SABARIMALAI,HAL12501410,SSL SABARIMALAI,2025-12-01,2025-12-01,1,143.15,8.50,Container,nan,Unifeeder Agencies,Slot Charterers,29(16:16),30(13:42),30(13:42),NA,147 Boxes,147 TEUs,29(17:04),nan,nan,nan,nan,nan,nan,Only Import. Vessel called in Day tide on date,10,01/12/25 12:10,01/12/25 12:25,8,01/12/25 12:35,02/12/25 01:35,,,,
HAL12501409::VERA LONDON,HAL12501409,VERA LONDON,2025-11-28,2025-12-01,2,176.83,5.96,Coal Tar Pitch,nan,J M Baxi Marine Services,Himadri Speciality Chemical,29(15:39),30(02:30),30(02:30),04(02:30),"5,000",NA,28(18:52),nan,nan,nan,nan,nan,nan,Vessel can work only B/10 | Vessel can work only B/10. Vessel called in Night tide on date,9,02/12/25 00:30,02/12/25 03:00,9,05/12/25 05:45,05/12/25 14:05,,,,
HAL12501413::BELLA OLYMPIA,HAL12501413,BELLA OLYMPIA,2025-12-01,2025-12-02,2,229.00,8.80,Coking Coal,nan,TMILL,Tata Steel/MHC,29(14:54),01(01:00),01(01:00),01(01:00),"37,529",NA,29(20:36),nan,nan,nan,nan,nan,nan,Vessel neaped in all Night Tides | Vessel neaped in all Night Tides. Vessel called in Day tide on date | VesselneapedinallNightTides.VesselcalledinDaytideon date,2,02/12/25 11:35,02/12/25 13:00,2,04/12/25 03:35,04/12/25 06:15,,,,
HAL12501374::METTLE STAR,HAL12501374,METTLE STAR,2025-11-27,2025-12-02,4,228.99,8.50,Pyroxenite & Limestone,nan,TMILL,Tata Steel/TMILL,27(13:00),02(02:56),02(02:56),06(02:56),"35,623",NA,01(16:37),nan,nan,nan,nan,nan,nan,Vessel called in Night tide on date | Vessel neaped in all Night Tides,12,02/12/25 22:36,02/12/25 23:45,12,05/12/25 03:50,05/12/25 07:20,,,,
HAL12501367::PROSPER (COASTAL),HAL12501367,PROSPER (COASTAL),2025-11-23,2025-12-02,6,128.60,6.20,nan,LUBE OIL-(E)-11000,ATLANTIC GLOBAL,IOCL,nan,nan,nan,nan,nan,nan,nan,22(20:00),22(10:56),22(20:00),48,IOCL,HOJ-I B-16(O),,,,,,,,,,,
HAL12501366::SINAR MALAHAYATI,HAL12501366,SINAR MALAHAYATI,2025-11-23,2025-12-02,6,147.83,8.50,nan,PARAXYLENE-(I)-9541,SAMUDRA MARINE,MCPI,nan,nan,nan,nan,nan,nan,nan,02(07:48),30(10:37),02(07:48),27,MCPI,HOJ-I & OT-II B-16(O)& OT-II,Ullage confirmation & Readiness Documents are awaited.,TERMINAL,03/12/25 09:30,03/12/25 11:54,TERMINAL 2,04/12/25 10:54,05/12/25 07:30,,,,
HAL12501411::SSL THAMIRABARANI,HAL12501411,SSL THAMIRABARANI,2025-12-01,2025-12-02,2,142.70,8.50,Container,nan,Unifeeder Agencies,Slot Charterers,02(10:16),ETA-02(17:00),NA,NA,249 Boxes,450 TEUs,01(13:44),nan,nan,nan,nan,nan,nan,Late for tide on 02(Night) Tide,10,03/12/25 00:40,03/12/25 00:55,10,03/12/25 21:30,04/12/25 00:30,,,,
HAL12501311::FREJA BULKER,HAL12501311,FREJA BULKER,2025-12-01,2025-12-03,3,182.93,6.92,Soda Ash,nan,Gac Shipping,Libra Alkalischemie,01(14:25),01(15:20),01(15:20),05(15:20),"15,000",NA,29(12:06),nan,nan,nan,nan,nan,nan,Vessel called in Day tide on date,5,03/12/25 11:10,03/12/25 15:00,4A,05/12/25 21:00,06/12/25 15:30,,,,
HAL12501407::GAS YOUNG,HAL12501407,GAS YOUNG,2025-12-01,2025-12-03,3,225.16,8.50,nan,PROPANE-(I)-11550 BUTANE-(I)-11550,ATLANTIC GLOBAL,HPCL,nan,nan,nan,nan,nan,nan,nan,29(16:00),03(09:16),03(09:16),HOJ-I=42 HOJ-II=36,AEGIS,HOJ-I/HOJ-II B-16(O)/17(O),"1. As intimated by Terminal, the required ullage may be available on 5th Dec'2025 2. Ullage confirmation & Readiness Documents are awaited.",HOJ-II,04/12/25 10:00,04/12/25 12:36,HOJ-II,05/12/25 16:42,06/12/25 08:42,,,,
HAL12501393::HAMPTON SKY,HAL12501393,HAMPTON SKY,2025-11-26,2025-12-03,6,228.90,8.50,Coking Coal,nan,TMILL,SAIL/ISPHL,BOT Berth,28(12:12),28(12:12),28(12:12),"34,930",NA,30(10:21),nan,nan,nan,nan,nan,nan,"To lighten 50,000 MT at Sandheads | To lighten 44,220 MT at Sandheads | Lightened 44,220 MT at Sandheads. F/W at Sandheads on 30(14:15) | Lightened 44,220 MT at Sandheads. F/W at Sandheads on 30(14:15). Vessel called in Day tide on date",4A,03/12/25 13:12,03/12/25 13:55,4A,05/12/25 21:00,,,,,
HAL12501398::VISHVAKARMAA,HAL12501398,VISHVAKARMAA,2025-12-01,2025-12-03,3,225.28,8.60,nan,PROPANE-(I)-12338 BUTANE-(I)-12360,SEAWORLD SHIPPING,BPCL,nan,nan,nan,nan,nan,nan,nan,01(02:12),28(16:20),01(02:12),36,BPCL,HOJ-III B-18(O),,HOJ-III,04/12/25 10:36,04/12/25 12:12,HOJ-III,05/12/25 22:12,06/12/25 08:46,,,,
HAL12501400::AQUAVITA ETERNITY,HAL12501400,AQUAVITA ETERNITY,2025-11-27,2025-12-04,6,229.00,8.50,Limestone & Pyroxenite,nan,Samsara Shipping,Tata Steel/TMILL,27(17:00),04(00:50),04(00:50),08(00:50),"33,181",NA,01(17:24),nan,nan,nan,nan,nan,nan,,,,,12,07/12/25 09:55,07/12/25 18:50,,,,
HAL12501392::BAHRI WAFI,HAL12501392,BAHRI WAFI,2025-12-01,2025-12-04,4,228.99,14.81,Limestone,nan,Merchant Shipping Services,Rungta Mines/MHC,28(16:42),01(10:48),01(10:48),01(10:48),"36,161",NA,02(16:56),nan,nan,nan,nan,nan,nan,"To lighten 42,855 MT at Sandheads | Lightening 42,855 MT at Sandheads. (BOB-37,747 MT) | Lightening 42,855 MT at Sandheads. (BOB-19,900 MT). After completion of lighterage opertaion expected draft would be 8.50 | Lightening 42,855 MT at Sandheads. (BOB-3,650 MT). After completion of lighterage opertaion expected draft would be 8.50",2,04/12/25 23:54,05/12/25 01:10,4,06/12/25 17:48,06/12/25 20:55,,,,
HAL12501405::BRIGHT FALCON,HAL12501405,BRIGHT FALCON,2025-12-01,2025-12-04,4,199.98,9.26,Manganese Ore,nan,Sea Jewel Shipping,Various/MHC,01(17:44),03(09:48),03(09:48),03(09:48),"29,635",NA,02(01:52),nan,nan,nan,nan,nan,nan,"To lighten 5,500 MT at Sagar | To lighten 5,500 MT at Sagar. Vessel called at Sagar on date | Lightening5,500MTatSagar.(BOB-4,800MT).Aftercompletion of lighterage opertaion expected draft would be 8.29",9,07/12/25 01:42,07/12/25 03:35,,,,,,,
HAL12501430::DUCHESS MAGNOLIA,HAL12501430,DUCHESS MAGNOLIA,2025-12-03,2025-12-04,2,229.00,8.00,Coking Coal,nan,Kanoo Shipping,Tata Steel/MHC,Not Ready,ETA-06(14:00),NA,NA,"27,000",NA,NA,nan,nan,nan,nan,nan,nan,,13,06/12/25 16:24,06/12/25 17:30,13,07/12/25 21:50,08/12/25 04:10,- II,BERTH-12,07/12/25 22:30,08/12/25 03:00
HAL12501429::GUO HAI LIAN 802,HAL12501429,GUO HAI LIAN 802,2025-12-03,2025-12-04,2,229.00,8.80,Coking Coal,nan,TMILL,Tata Steel/MHC,03(17:40),ETA-05(12:00),NA,NA,"30,481",NA,NA,nan,nan,nan,nan,nan,nan,Vessel neaped in all Night Tides,8,06/12/25 14:48,06/12/25 16:10,HOJ-II,08/12/25 00:36,08/12/25 09:30,BERTH-4A,BERTH-4B,08/12/25 01:50,
HAL12501376::HARI AKASH (COASTAL),HAL12501376,HARI AKASH (COASTAL),2025-11-25,2025-12-04,6,117.27,5.70,nan,MS-(E)-1500,ATLANTIC GLOBAL,IOCL,nan,nan,nan,nan,nan,nan,nan,25(01:48),24(12:25),25(01:48),24,IOCL,HOJ-I B-16(O),,,,,,,,,,,
HAL12501414::NV AQUAMARINE,HAL12501414,NV AQUAMARINE,2025-12-01,2025-12-04,4,230.00,7.90,nan,PROPANE-(I)-12110 BUTANE-(I)-12146,ATLANTIC GLOBAL,IOCL,nan,nan,nan,nan,nan,nan,nan,03(14:30),02(09:30),03(14:30),33,IOPPL,HOJ-I/HOJ-II B-16(O)/17(O),Ullage confirmation & Readiness Documents are awaited.,HOJ-II,06/12/25 13:06,06/12/25 14:12,11,07/12/25 06:30,08/12/25 10:06,OIL JETTY,OIL JETTY -,07/12/25 10:36,07/12/25 11:54
HAL12501423::PROPEL GRACE,HAL12501423,PROPEL GRACE,2025-12-02,2025-12-04,3,195.39,8.00,Limestone,nan,Jyothi Marine Services,SAIL/MHC,Not Ready,ETA-06(AM),NA,NA,"28,000",NA,NA,nan,nan,nan,nan,nan,nan,,2,07/12/25 03:24,07/12/25 04:05,HOJ-II,08/12/25 00:36,08/12/25 20:05,,,,
HAL12501390::SANMAR SNEHA,HAL12501390,SANMAR SNEHA,2025-11-26,2025-12-04,5,200.00,8.50,nan,NAPHTHA-(I)-28000,ATLANTIC GLOBAL,HPL,nan,nan,nan,nan,nan,nan,nan,25(03:30),27(14:52),27(15:00),HOJ-1=35 HOJ-II&III=27,HPL,HOJ-I/HOJ-II/HOJ-III B-16(O)/17(O)/18(O),1. To undertake STS with Mother vessel M.T. HAFNIA TAGUS at Sandheads. 2. Ullage confirmation & Readiness Documents are awaited. | 1. STS with Mother vessel M.T. HAFNIA TAGUS at Sandheads completed on 28(05:12). 2. Seniority swapped with M.T. Chem Abbey [HAL12501347R]. M.T. Sanmar Sneha [HAL12501390] shall be considered for calling as per original seniority (15:00 Hrs. on 27.11.2025) of M.T. Chem Abbey [HAL12501347R] at B/18 (O) only.,HOJ-III,06/12/25 12:18,06/12/25 14:12,HOJ-III,07/12/25 14:42,07/12/25 21:00,,,,
HAL12501345::SITC CEBU,HAL12501345,SITC CEBU,2025-11-19,2025-12-04,14,188.80,8.40,Container,nan,Eastern Liner Shipping,Slot Charterers,02(10:21),04(02:30),04(02:30),NA,"1,141 Boxes","2,012 TEUs",02(16:59),nan,nan,nan,nan,nan,nan,Vessel called in Day tide on date,10,04/12/25 12:55,04/12/25 13:10,10,06/12/25 03:35,06/12/25 04:00,,,,
HAL12501371::SOL STRIDE,HAL12501371,SOL STRIDE,2025-11-23,2025-12-04,10,149.60,6.70,Container,nan,Transworld Global Logistics,Slot Charterers,Ready,Ex KDS-04th,03(22:35),NA,90 Boxes,211 TEUs,NA,nan,nan,nan,nan,nan,nan,Only Export | OnlyExport.F/WatKDSon03(22:35).ETAatSandheadson 04(19:00),12,05/12/25 12:00,05/12/25 13:20,11,06/12/25 05:20,06/12/25 05:40,,,,
HAL12501384::TI2 APPLE,HAL12501384,TI2 APPLE,2025-11-25,2025-12-04,8,127.93,5.60,Container,nan,TI2 Shipping,Slot Charterers,Ready,ETA-05(10:00),NA,NA,594 Boxes,NA,02(17:32),nan,nan,nan,nan,nan,nan,Only Export,,,,,,,,,,
HAL12501313R::XIN HENG SHUN 17,HAL12501313R,XIN HENG SHUN 17,2025-11-18,2025-12-04,13,115.34,4.60,nan,BENZENE-(E)-6300,SAMUDRA MARINE,HPL,nan,nan,nan,nan,nan,nan,nan,20(20:30),23(17:58),23(17:58),21,HPL,HOJ-I B-16(O),Readiness Documents are awaited. | 1. Readiness Documents are awaited. 2. NOR yet to be tendered. | 1. Readiness Documents are awaited. 2. NOR tendered at -21(12:00) | 1. Ullage confirmation & Readiness Documents are awaited. 2. NOR tendered at -21(12:00),,,,,,,,,,
HAL12501445::BBG BRIGHT,HAL12501445,BBG BRIGHT,2025-12-07,2025-12-07,1,229.00,7.70,Coking Coal,nan,Merchant Shipping,Jai Balaji Industries & ESL Steel/MHC,06(11:12),ETA-07(17:00),NA,NA,"19,017",NA,06(15:38),nan,nan,nan,nan,nan,nan,,8,08/12/25 03:30,,HOJ-II,09/12/25 03:24,09/12/25 08:20,,,,
HAL12501425::PLATANOS,HAL12501425,PLATANOS,2025-12-07,2025-12-07,1,229.02,8.02,Steam Coal,nan,Gac Shipping,Narsingh Mercantile/MHC,05(17:46),05(16:42),05(17:46),05(17:46),"30,500",NA,04(16:42),nan,nan,nan,nan,nan,nan,Vessel called in Day tide on date,4A,07/12/25 16:00,08/12/25 02:55,13,09/12/25 10:30,09/12/25 19:10,BERTH-13,BERTH-13,07/12/25 23:48,
HAL12501420::SANMAR SWARA (COASTAL),HAL12501420,SANMAR SWARA (COASTAL),2025-12-01,2025-12-07,5,228.49,8.00,nan,HSD-(I)19083 MS-(I)9308,ATLANTIC GLOBAL,BPCL,nan,nan,nan,nan,nan,nan,nan,01(00:18),02(11:48),02(11:48),HOJ-I&II=34 HOJ-III=42,BPCL,HOJ-I/HOJ-II/HOJ-III B-16(O)/17(O)/18(O),Ullage confirmation & Readiness Documents are awaited. | Vessel called at B/17(O),,,,,,,,,,
HAL12501380::SITC NANSHA,HAL12501380,SITC NANSHA,2025-11-25,2025-12-07,9,188.80,8.50,Container,nan,Eastern Liner Shipping,Slot Charterers,06(09:58),ETA-07(17:00),NA,NA,821 Boxes,"1,680 TEUs",06(21:29),nan,nan,nan,nan,nan,nan,,10,08/12/25 02:40,08/12/25 05:15,10,10/12/25 02:00,10/12/25 03:55,,,,
HAL12501363::SOL PIONEER,HAL12501363,SOL PIONEER,2025-11-22,2025-12-07,12,149.60,6.60,Container,nan,Transworld Global Logistics,Slot Charterers,Ready,Ex KDS-06th,06(01:20),NA,126 Boxes,280 TEUs,06(12:47),nan,nan,nan,nan,nan,nan,Only Export | OnlyExport.F/WatKDSon06(01:20).ReportedatSandheadson 06(23:36). Vessel called in Day tide on date,11,07/12/25 14:25,07/12/25 14:40,12,08/12/25 04:00,08/12/25 07:50,,,,
HAL12501464::AG VALOR,HAL12501464,AG VALOR,2025-12-08,2025-12-08,1,169.26,8.10,Rock Phosphate,nan,Alap Carriers,Various/TMILL,Not Ready,ETA-11(AM),NA,NA,"18,200",NA,NA,nan,nan,nan,nan,nan,nan,,12,13/12/25 19:06,13/12/25 21:05,12,15/12/25 10:15,15/12/25 14:50,,,,
HAL12501435::BAY SPIRIT,HAL12501435,BAY SPIRIT,2025-12-03,2025-12-08,4,119.62,7.95,nan,PARAXYLENE-(I)-9541,SAMUDRA MARINE,MCPI,nan,nan,nan,nan,nan,nan,nan,ETA-08(13:00),07(08:43),ETA-08(13:00),27,MCPI,HOJ-I & OT-II B-16(O)& OT-II,Ullage confirmation & Readiness Documents are awaited.,TERMINAL,09/12/25 12:00,09/12/25 13:24,TERMINAL 2,10/12/25 09:00,10/12/25 11:36,,,,
HAL12501437::BELEZA,HAL12501437,BELEZA,2025-12-07,2025-12-08,2,225.00,8.75,Metallurgical Coke,nan,Liberty Highrise,Narsingh Ispat/MHC,04(17:26),07(00:06),07(00:06),07(00:06),"36,000",NA,05(18:25),nan,nan,nan,nan,nan,nan,Vessel neaped from 08(Night) Tide onwards | Vessel called in Day tide on date,4A,08/12/25 15:15,08/12/25 22:00,,,,BERTH-4A,BERTH-13,09/12/25 20:54,09/12/25 21:30
HAL12501457::BW CHINOOK,HAL12501457,BW CHINOOK,2025-12-07,2025-12-08,2,226.00,8.34,nan,PROPANE-(I)-10600 BUTANE-(I)-12206,ATLANTIC GLOBAL,HPCL,nan,nan,nan,nan,nan,nan,nan,08(04:24),08(10:36),06(23:10),HOJ-I=34 HOJ-II=42,AEGIS,HOJ-I/HOJ-II B-16(O)/17(O),"Ullage confirmation & Readiness Documents are awaited. | As per request from Importer (HPCL), vessel seniority swapped with M.T. MANASAROVAR vide email dated 08(10:21).",HOJ-II,09/12/25 14:12,09/12/25 16:00,HOJ-II,10/12/25 19:30,10/12/25 23:42,,,,
HAL12501428::BW LORD,HAL12501428,BW LORD,2025-12-03,2025-12-08,4,226.00,8.40,nan,PROPANE-(I)-12138 BUTANE-(I)-11809,ATLANTIC GLOBAL,IOCL,nan,nan,nan,nan,nan,nan,nan,06(06:48),04(19:55),06(06:48),32,IOPPL,HOJ-I/HOJ-II B-16(O)/17(O),Ullage confirmation & Readiness Documents are awaited.,,,,,,,,,,
HAL12501446::BW PINE,HAL12501446,BW PINE,2025-12-04,2025-12-08,3,226.00,7.50,nan,PROPANE-(I)-8530 BUTANE-(I)-9127,ATLANTIC GLOBAL,IOCL,nan,nan,nan,nan,nan,nan,nan,04(08:00),03(17:33),04(08:00),27,IOPPL,HOJ-I/HOJ-II B-16(O)/17(O),,HOJ-I,09/12/25 14:06,09/12/25 15:24,HOJ-I,10/12/25 15:24,10/12/25 23:54,,,,
HAL12501426::BW TYR,HAL12501426,BW TYR,2025-12-02,2025-12-08,5,225.46,8.50,nan,PROPANE-(I)-12087 BUTANE-(I)-11500,ATLANTIC GLOBAL,BPCL,nan,nan,nan,nan,nan,nan,nan,28(06:30),06(13:17),06(13:17),36,BPCL,HOJ-III B-18(O),1. To undertake STS with Mother vessel M.T. GREEN SACHI at Sandheads. 2. Ullage confirmation & Readiness Documents are awaited. | 1. STS opration with Mother vessel M.T. GREEN SACHI commence at 03(15:30) and Completed on 04(09:00) at Sandheads. 2. Ullage confirmation & Readiness Documents are awaited. | STS opration with Mother vessel M.T. GREEN SACHI commence at 03(15:30) and Completed on 04(09:00) at Sandheads. | 1. STS opration with Mother vessel M.T. GREEN SACHI commence at 03(15:30) and Completed on 04(09:00) at Sandheads. 2. Vessel called at B/18(O),HOJ-III,08/12/25 14:00,08/12/25 15:42,HOJ-III,10/12/25 08:00,10/12/25 11:42,,,,
HAL12501452::CAPTAIN ANDREAS,HAL12501452,CAPTAIN ANDREAS,2025-12-08,2025-12-08,1,199.90,8.13,Manganese Ore,nan,Interocean Shipping,Various/MHC,06(11:16),ETA-11th,NA,NA,"27,100",NA,NA,nan,nan,nan,nan,nan,nan,,,,,11,13/12/25 20:20,14/12/25 23:05,,,,
HAL12501442::DINGHENG 40,HAL12501442,DINGHENG 40,2025-12-04,2025-12-08,3,124.03,8.50,nan,PARAXYLENE-(I)-9682,ATLANTIC GLOBAL,MCPI,nan,nan,nan,nan,nan,nan,nan,ETA-08(22:00),Not Ready,Not Ready,N/A,MCPI,HOJ-I & OT-II B-16(O)& OT-II,Ullage confirmation & Readiness Documents are awaited.,,,,,,,,,,
HAL12501432::DUKE 1,HAL12501432,DUKE 1,2025-12-07,2025-12-08,2,229.00,8.20,Steam Coal,nan,Alap Carriers,Saraogi Udyog/MHC,Not Ready,ETA-10(PM),NA,NA,"32,000",NA,NA,nan,nan,nan,nan,nan,nan,,,,,,,,,,,
HAL12501424::FAIRWAY (COASTAL),HAL12501424,FAIRWAY (COASTAL),2025-12-02,2025-12-08,5,171.26,7.90,nan,SKO-(I) 700 MS-(I)5000 MS-(E)-1600 ATF-(E)-1950 HSD-(E)-7900,ATLANTIC GLOBAL,IOCL,nan,nan,nan,nan,nan,nan,nan,02(07:48),Not Ready,Not Ready,N/A,IOCL,HOJ-I B-16(O),Vessel Declared on 01(15:38) | 1. Vessel Declared on 01(15:38). 2. Terminal (IOCL) has requested vide email dated 06(11:26) to withdraw calling from 06.12.2025 since internal SKO line will be occupied owing to Tank Wagon unloading and other multiple operations. Further communication in respect of availability of SKO line for vessel work is yet to receive.,,,,,,,,,,
HAL12501459::FORTUNE (COASTAL),HAL12501459,FORTUNE (COASTAL),2025-12-07,2025-12-08,2,127.90,6.00,nan,LUBE OIL-(E)-11000,ATLANTIC GLOBAL,IOCL,nan,nan,nan,nan,nan,nan,nan,03(20:30),Not Ready,Not Ready,N/A,IOCL,HOJ-I B-16(O),Vessel Declared on 05(13:48). Terminal (IOCL) has withdrawn Readiness withdrawn vide email 06(11:16).,,,,,,,,,,
HAL12501440::GAS ARIA,HAL12501440,GAS ARIA,2025-12-04,2025-12-08,3,106.00,4.60,nan,BUTADIENE-(E)-3150,SAMUDRA MARINE,HPL,nan,nan,nan,nan,nan,nan,nan,07(06:30),06(17:15),07(06:30),20,HPL,HOJ-I B-16(O),Readiness Documents are awaited.,,,,,,,,,,
HAL12501419::GAS QUANTUM,HAL12501419,GAS QUANTUM,2025-12-01,2025-12-08,6,173.70,7.70,nan,AMMONIA-(I)-5500,Eminence Shipping,Indorama,nan,nan,nan,nan,nan,nan,nan,07(12:12),03(16:53),07(12:12),22,Indorama,HOJ-I B-16(O),Ullage confirmation & Readiness Documents are awaited. | Vessel called at B/16(O),HOJ-I,08/12/25 13:40,08/12/25 15:18,HOJ-I,07/12/25 06:30,09/12/25 10:43,,,,
HAL12501402::GENCO MAYFLOWER,HAL12501402,GENCO MAYFLOWER,2025-12-02,2025-12-08,3,199.90,8.40,Manganese Ore,nan,Interocean Shipping,Various/MHC,04(15:43),ETA-08(23:00),NA,NA,"26,000",NA,04(16:27),nan,nan,nan,nan,nan,nan,,8,09/12/25 16:18,09/12/25 17:55,8,10/12/25 21:00,,,,,
HAL12501422::GREEN SACHI,HAL12501422,GREEN SACHI,2025-12-02,2025-12-08,5,225.28,8.30,nan,PROPANE-(I)-11500 BUTANE-(I)-11428,ATLANTIC GLOBAL,BPCL,nan,nan,nan,nan,nan,nan,nan,03(11:00),Not Ready,Not Ready,N/A,BPCL,HOJ-III B-18(O),1. To undertake STS with Daughter vessel M.T. BW TYR at Sandheads. 2. Ullage confirmation & Readiness Documents are awaited. | 1.STS opration with Daughter vessel M.T. BW TYR commence at 03(15:30) and Completed on 04(09:00) at Sandheads. 2. Ullage confirmation & Readiness Documents are awaited.,HOJ-III,16/12/25 10:00,16/12/25 12:18,4B,17/12/25 20:12,18/12/25 07:06,,,,
HAL12501456::GT VICTORY,HAL12501456,GT VICTORY,2025-12-07,2025-12-08,2,127.20,8.50,nan,PARAXYLENE-(I)-10000,JAMES MACKINTOSH,MCPI,nan,nan,nan,nan,nan,nan,nan,ETA-11(10:00),Not Ready,Not Ready,N/A,MCPI,HOJ-I & OT-II B-16(O)& OT-II,Ullage confirmation & Readiness Documents are awaited.,TERMINAL,14/12/25 15:36,14/12/25 20:00,12,15/12/25 19:30,16/12/25 04:30,,,,
HAL12501427::HAFNIA YARRA,HAL12501427,HAFNIA YARRA,2025-12-03,2025-12-08,4,228.00,8.00,nan,NAPHTHA-(I)-29600,INTEROCEAN SHIPPING,HPL,nan,nan,nan,nan,nan,nan,nan,07(14:30),08(09:23),08(09:23),HOJ-I=36 HOJ-II&III=28,HPL,HOJ-I/HOJ-II/HOJ-III B-16(O)/17(O)/18(O),Ullage confirmation & Readiness Documents are awaited. | 1. To undertake STS with Daughter vessel M.T. SANMAR SNEHA at Sandheads. 2. Ullage confirmation & Readiness Documents are awaited.,HOJ-III,10/12/25 15:42,10/12/25 17:24,,,,,,,
HAL12501465::HIGH TIDE (COASTAL),HAL12501465,HIGH TIDE (COASTAL),2025-12-07,2025-12-08,2,183.31,8.00,nan,HSD-(I)17558.271 MS-(I)3343.090,ATLANTIC GLOBAL,RELIANCE INDUSTRIES,nan,nan,nan,nan,nan,nan,nan,ETA-09th (PM),Not Ready,Not Ready,N/A,RELIANCE INDUSTRIES,HOJ-III B-18(O),Ullage confirmation & Readiness Documents are awaited.,,,,,,,,,,
HAL12501458::MANASAROVAR,HAL12501458,MANASAROVAR,2025-12-07,2025-12-08,2,226.00,8.20,nan,PROPANE-(I)-10000 BUTANE-(I)-12500,ATLANTIC GLOBAL,HPCL,nan,nan,nan,nan,nan,nan,nan,06(20:00),06(23:10),08(10:36),36,AEGIS,HOJ-I/HOJ-II B-16(O)/17(O),"As per request from Importer (HPCL), vessel seniority swapped with M.T. BW CHINOOK vide email dated 08(10:21).",HOJ-II,13/12/25 18:00,13/12/25 19:30,8,14/12/25 23:12,15/12/25 03:48,,,,
HAL12501293::MSC AGGELIKI II,HAL12501293,MSC AGGELIKI II,2025-11-11,2025-12-08,23,176.00,8.50,Container,nan,MSC Agency,Slot Charterers,06(09:45),07(21:30),07(21:30),NA,747 Boxes,"1,000 TEUs",05(16:40),nan,nan,nan,nan,nan,nan,Late for tide on 07(Night) Tide. Vessel called in Day tide on date,11,08/12/25 20:55,,11,10/12/25 20:50,10/12/25 21:10,,,,
HAL12501358R::MSC MANASA F,HAL12501358R,MSC MANASA F,2025-12-01,2025-12-08,6,154.00,6.80,Container,nan,MSC Agency,Slot Charterers,Ready,Ex KDS-10th,03(17:15),NA,216 Boxes,496 TEUs,04(12:31),nan,nan,nan,nan,nan,nan,Only Export | Only Export. F/W at KDS on 03(17:15),,,,,,,,,,
HAL12501439::MTT SAISUNEE,HAL12501439,MTT SAISUNEE,2025-12-04,2025-12-08,3,159.98,7.90,Container,nan,Chakiat Shipping Services,Slot Charterers,Not Ready,ETA-09(18:00),NA,NA,Nil,NA,NA,nan,nan,nan,nan,nan,nan,Only Import,,,,,,,,,,
HAL12501404::ORCHARD STAR,HAL12501404,ORCHARD STAR,2025-11-27,2025-12-08,8,158.56,8.20,Container,nan,Far Shipping,Slot Charterers,Not Ready,ETA-10(08:00),NA,NA,Nil,NA,NA,nan,nan,nan,nan,nan,nan,Only Import,,,,,,,,,,
HAL12501447::ROYAL PERIDOT,HAL12501447,ROYAL PERIDOT,2025-12-04,2025-12-08,3,128.60,8.50,nan,PARAXYLENE-(I)-10998,ISS SHIPPING,MCPI,nan,nan,nan,nan,nan,nan,nan,ETA-08(17:00),07(08:46),ETA-08(17:00),30,MCPI,HOJ-I & OT-II B-16(O)& OT-II,Ullage confirmation & Readiness Documents are awaited.,TERMINAL,10/12/25 15:06,10/12/25 17:15,,,,,,,
HAL12501441::SANMAR SNEHA,HAL12501441,SANMAR SNEHA,2025-12-04,2025-12-08,3,200.00,8.20,nan,NAPHTHA-(I)-25301,BEN LINE AGENCIES,HPL,nan,nan,nan,nan,nan,nan,nan,08(03:12),Not Ready,Not Ready,N/A,HPL,HOJ-I/HOJ-II/HOJ-III B-16(O)/17(O)/18(O),Ullage confirmation & Readiness Documents are awaited. | 1. To undertake STS with Mother vessel M.T. HAFNIA YARRA at Sandheads. 2. Ullage confirmation & Readiness Documents are awaited.,,,,11,13/12/25 10:00,13/12/25 23:42,,,,
HAL12501433::SOL FORTUNE,HAL12501433,SOL FORTUNE,2025-12-03,2025-12-08,4,149.60,7.90,Container,nan,Transworld Global Logistics,Slot Charterers,Not Ready,ETA-11th,NA,NA,Nil,NA,NA,nan,nan,nan,nan,nan,nan,Only Import,10,13/12/25 23:30,13/12/25 23:45,4,14/12/25 13:25,14/12/25 19:50,,,,
HAL12501434::SOL PURPOSE,HAL12501434,SOL PURPOSE,2025-12-03,2025-12-08,4,149.60,8.10,Container,nan,Transworld Global Logistics,Slot Charterers,Not Ready,ETA-11th,NA,NA,Nil,NA,NA,nan,nan,nan,nan,nan,nan,Only Import,11,13/12/25 21:10,13/12/25 21:25,TERMINAL 2,13/12/25 22:24,14/12/25 07:35,,,,
HAL12501410R::SSL SABARIMALAI,HAL12501410R,SSL SABARIMALAI,2025-12-04,2025-12-08,3,143.15,6.20,Container,nan,Unifeeder Agencies,Slot Charterers,Ready,Ex KDS-08th,07(10:25),NA,133 Boxes,200 TEUs,NA,nan,nan,nan,nan,nan,nan,Only Export | Only Export. F/W at KDS on 07(10:25) | OnlyExport.F/WatKDSon07(10:25).ETAatSandheadson 08(19:30),,,,,,,,,,
HAL12501463::SSL THAMIRABARANI,HAL12501463,SSL THAMIRABARANI,2025-12-07,2025-12-08,2,142.70,8.40,Container,nan,Unifeeder Agencies,Slot Charterers,Not Ready,ETA-12th,NA,NA,Nil,NA,NA,nan,nan,nan,nan,nan,nan,,11,14/12/25 09:05,14/12/25 09:20,11,16/12/25 08:15,16/12/25 11:40,,,,
HAL12501417::SW NORTH WIND I,HAL12501417,SW NORTH WIND I,2025-12-07,2025-12-08,2,190.00,6.84,Manganese Ore,nan,Interocean Shipping,Various/MHC,05(14:01),ETA-09(14:00),NA,NA,"21,800",NA,04(17:34),nan,nan,nan,nan,nan,nan,,,,,,,,,,,
HAL12501381::TALBOT,HAL12501381,TALBOT,2025-12-02,2025-12-08,4,189.99,8.50,Manganese Ore,nan,Interocean Shipping,Various/MHC,02(15:41),07(21:30),07(21:30),07(21:30),"13,250",NA,02(16:41),nan,nan,nan,nan,nan,nan,Vessel called in Day tide on date,4,08/12/25 16:40,09/12/25 05:18,2,09/12/25 09:10,09/12/25 22:20,BERTH-4,BERTH-2,08/12/25 21:00,08/12/25 21:45
HAL12501449::TIAN QI,HAL12501449,TIAN QI,2025-12-08,2025-12-08,1,189.99,8.60,Rock Phosphate,nan,Liberty Highrise,Indorama India/TMILL,06(14:00),ETA-09(09:00),NA,NA,"21,000",NA,NA,nan,nan,nan,nan,nan,nan,VesselneapedinallNightTides.Vesselshallbeneapedfrom 11th to 18th Day Tides,12,09/12/25 18:08,09/12/25 21:00,,,,,,,
HAL12501444::XIN LIAN CHANG,HAL12501444,XIN LIAN CHANG,2025-12-04,2025-12-08,3,158.43,8.20,Container,nan,Far Shipping,Slot Charterers,Not Ready,ETA-10(21:00),NA,NA,Nil,NA,NA,nan,nan,nan,nan,nan,nan,Only Import,10,13/12/25 11:35,13/12/25 11:50,4,14/12/25 03:40,14/12/25 10:10,,,,
HAL12501454::XIN LONG YUN 58,HAL12501454,XIN LONG YUN 58,2025-12-07,2025-12-08,2,166.23,8.40,Container,nan,Far Shipping,Slot Charterers,Not Ready,ETA-13(10:00),NA,NA,Nil,NA,NA,nan,nan,nan,nan,nan,nan,,10,14/12/25 21:10,14/12/25 21:25,10,15/12/25 18:00,16/12/25 00:20,BERTH-10,BERTH-12,15/12/25 18:45,
HAL12501304::ZUNAIRAH ZARISHA 3,HAL12501304,ZUNAIRAH ZARISHA 3,2025-11-12,2025-12-08,22,82.98,3.50,Container,nan,Everett (India),Slot Charterers,Not Ready,ETA-10th,NA,NA,60 Boxes,NA,NA,nan,nan,nan,nan,nan,nan,,,,,4B,13/12/25 12:24,13/12/25 13:45,,,,
HAL12501415::ZUNAIRAH ZARISHA 4,HAL12501415,ZUNAIRAH ZARISHA 4,2025-12-01,2025-12-08,6,82.98,3.55,Container,nan,Everett (India),Slot Charterers,07(11:56),08(04:30),08(04:30),NA,110 Boxes,120 TEUs,07(11:09),nan,nan,nan,nan,nan,nan,Reporting time as per Agent,11,10/12/25 22:45,11/12/25 01:10,,,,,,,
HAL 12501499::STELLA NAVIS,HAL 12501499,STELLA NAVIS,2025-12-12,2025-12-12,1,14.56,228.90,nan,Panamax,ETA- 12(12:30),N/A,nan,nan,nan,nan,nan,nan,nan,S. Coal,Seatrans Shipmanagement Services pvt. Ltd.,various,N/A,N/A,"43,773",N/A,,,,,,,,,,
HAL12501455::AGAPI 1,HAL12501455,AGAPI 1,2025-12-14,2025-12-14,1,8.50,183.20,nan,Tanker,ETA-16(12:00),NA,nan,nan,nan,nan,nan,nan,nan,CDSBO,Atlantic Global Shipping,Various,Not Ready,NA,"23,185",NA,6,19/12/25 01:54,,,,,,,,
HAL12501485::ASIA EVERGREEN,HAL12501485,ASIA EVERGREEN,2025-12-14,2025-12-14,1,8.50,146.00,nan,Tanker,ETA-18(23:00),NA,nan,nan,nan,nan,nan,nan,nan,CPO,Seaport Services,Emami Agrotech Ltd,Not Ready,NA,"13,000",NA,4,21/12/25 16:06,21/12/25 19:24,HOJ-I,23/12/25 22:48,,,,,
HAL 12501421::CENTURY SHANGHAI,HAL 12501421,CENTURY SHANGHAI,2025-12-12,2025-12-14,2,9.93,229.00,nan,Panamax,ETA- 15(21:00),N/A,nan,nan,nan,nan,nan,nan,nan,C.Coal,Bothra,ECL,09(11:36),N/A,"15,602",N/A,,,,,,,,,,
HAL12501489::DIA VINH,HAL12501489,DIA VINH,2025-12-14,2025-12-14,1,8.30,139.98,nan,Tanker,ETA-16(09:00),NA,nan,nan,nan,nan,nan,nan,nan,CPO,Seaport Services,Patanjali Foods Ltd,Not Ready,NA,"12,500",NA,,,,,,,,,,
HAL 12501494::DYNA FORTUNE,HAL 12501494,DYNA FORTUNE,2025-12-11,2025-12-14,3,13.95,199.95,nan,Ultramax,ETA-15(19:00),N/A,nan,nan,nan,nan,nan,nan,nan,M.Ore,GAC Shipping Pvt. Ltd.,various,N/A,N/A,"32,150",N/A,,,,,,,,,,
Yet to be declared::FJ FRESIA,Yet to be declared,FJ FRESIA,2025-12-14,2025-12-14,1,12.00,229.00,nan,Panamax,ETA-20.12.2025,N/A,nan,nan,nan,nan,nan,nan,nan,Coal,TMILL,Tata Steel,N/A,N/A,"25,000",N/A,,,,,,,,,,
Yet to be declared::MONTANA I,Yet to be declared,MONTANA I,2025-12-14,2025-12-14,1,14.74,229.00,nan,Panamax,ETA-18.12.2025,N/A,nan,nan,nan,nan,nan,nan,nan,Coal,Seatrans,SS Minmet,N/A,N/A,"44,000",N/A,,,,,,,,,,
HAL12501491::THERESA II,HAL12501491,THERESA II,2025-12-14,2025-12-14,1,8.00,156.70,nan,Tanker,ETA-15(23:00),NA,nan,nan,nan,nan,nan,nan,nan,CPO,Marinelinks Shipping Agencies,Emami Agrotech Ltd,Not Ready,NA,"18,000",NA,4,16/12/25 23:00,17/12/25 02:50,4,19/12/25 13:50,19/12/25 19:15,,,,
HAL12501504::ADRE,HAL12501504,ADRE,2025-12-15,2025-12-15,1,199.99,8.50,Dolomite,nan,TMILL,Tata Steel/TMILL,12(17:00),ETA-19(22:00),NA,NA,"25,000",NA,NA,nan,nan,nan,nan,nan,nan,,,,,,,,,,,
HAL12501507::AM UMANG,HAL12501507,AM UMANG,2025-12-15,2025-12-15,1,228.99,8.00,Limestone Dolomite,nan,Samsara Shipping,Tata Steel/TMILL,12(17:30),ETA-20(22:00),NA,NA,"30,855",NA,NA,nan,nan,nan,nan,nan,nan,,12,22/12/25 02:06,22/12/25 03:15,HOJ-II,24/12/25 04:20,24/12/25 05:15,,,,
HAL12501511::CAPRICORN TRADER,HAL12501511,CAPRICORN TRADER,2025-12-15,2025-12-15,1,228.99,8.00,Limestone & Pyroxenite,nan,TMILL,Tata Steel/TMILL,Not Ready,ETA-22(14:00),NA,NA,"30,091",NA,NA,nan,nan,nan,nan,nan,nan,,,,,,,,,,,
HAL12501510::DISCOVERY,HAL12501510,DISCOVERY,2025-12-15,2025-12-15,1,187.88,8.25,Limestone,nan,Jyothi Marine Services,SAIL/MHC,Not Ready,ETA-16(05:00),NA,NA,"27,000",NA,NA,nan,nan,nan,nan,nan,nan,,HOJ-III,19/12/25 11:12,19/12/25 13:00,,,,,,,
HAL12501517::FORTUNE LEGACY,HAL12501517,FORTUNE LEGACY,2025-12-15,2025-12-15,1,229.00,8.00,Coking Coal & PCI Coal,nan,TMILL,Tata Steel/MHC,Not Ready,ETA-17(22:00),NA,NA,"30,011",NA,NA,nan,nan,nan,nan,nan,nan,,8,17/12/25 23:54,,8,19/12/25 12:00,19/12/25 16:45,,,,
HAL12501453::JACOB H,HAL12501453,JACOB H,2025-12-08,2025-12-15,2,189.99,7.81,Manganese Ore,nan,Seavision Agency,Various/MHC,10(14:41),11(09:30),11(09:30),11(09:30),"26,200",NA,07(13:51),nan,nan,nan,nan,nan,nan,"To lighten 26,755 MT at Sandheads | Lightened 26,555 MT at Sandheads. F/W at Sandheads on 15(09:30)",13,16/12/25 11:00,16/12/25 12:20,13,17/12/25 18:00,18/12/25 01:15,,,,
HAL12501515::JI HANG 27,HAL12501515,JI HANG 27,2025-12-15,2025-12-15,1,136.70,6.90,Container,nan,JAK Maritime & Logistics,Slot Charterers,Not Ready,ETA-16(PM),NA,NA,Nil,NA,NA,nan,nan,nan,nan,nan,nan,Only Import,,,,,,,,,,
HAL12501513::MEDUSA,HAL12501513,MEDUSA,2025-12-15,2025-12-15,1,228.99,7.90,Coking Coal,nan,J M Baxi Marine Services,SAIL/MHC,Not Ready,15(02:24),NA,NA,"30,000",NA,14(11:02),nan,nan,nan,nan,nan,nan,Vessel called in Night tide on date,8,15/12/25 21:12,15/12/25 22:15,4A OFF,17/12/25 03:20,17/12/25 12:15,,,,
HAL12501467::MSC ALIZEE III,HAL12501467,MSC ALIZEE III,2025-12-15,2025-12-15,1,208.30,7.50,Container,nan,MSC Agency,Slot Charterers,Not Ready,15(00:30),NA,NA,489 Boxes,NA,14(15:35),nan,nan,nan,nan,nan,nan,,12,17/12/25 11:00,18/12/25 01:10,12,21/12/25 18:00,21/12/25 18:20,,,,
HAL12501497::MSC ANDREA F,HAL12501497,MSC ANDREA F,2025-12-15,2025-12-15,1,147.82,6.50,Container,nan,MSC Agency,Slot Charterers,Ready,Ex KDS-24th,NA,NA,Nil,NA,NA,nan,nan,nan,nan,nan,nan,Only Export,,,,TERMINAL 2,30/12/25 22:00,30/12/25 23:40,,,,
HAL12501518::MSC DHANTIA F,HAL12501518,MSC DHANTIA F,2025-12-15,2025-12-15,1,149.00,8.50,Container,nan,MSC Agency,Slot Charterers,Not Ready,ETA-21st,NA,NA,Nil,NA,NA,nan,nan,nan,nan,nan,nan,,,,,,,,,,,
HAL12501431::MSC MAKOTO II,HAL12501431,MSC MAKOTO II,2025-12-03,2025-12-15,5,175.49,8.50,Container,nan,MSC Agency,Slot Charterers,Not Ready,ETA-18th,NA,NA,183 Boxes,NA,NA,nan,nan,nan,nan,nan,nan,,,,,,,,,,,
HAL12501451::MSC RIONA,HAL12501451,MSC RIONA,2025-12-07,2025-12-15,3,184.10,8.50,Container,nan,MSC Agency,Slot Charterers,12(16:44),14(07:36),14(07:36),NA,536 Boxes,657 TEUs,13(16:13),nan,nan,nan,nan,nan,nan,OnlyImport.VesselneapedinDaytidesfron14th&15thand 14(Night) Tide. Vessel called in Night tide on date,10,16/12/25 00:01,16/12/25 00:15,HOJ-III,18/12/25 02:35,,,,,
HAL12501498::MSC RIONA,HAL12501498,MSC RIONA,2025-12-15,2025-12-15,1,184.10,8.50,Container,nan,MSC Agency,Slot Charterers,Not Ready,ETA-25th,NA,NA,39 Boxes,NA,NA,nan,nan,nan,nan,nan,nan,,,,,,,,,,,
HAL12501404R::ORCHARD STAR,HAL12501404R,ORCHARD STAR,2025-12-04,2025-12-15,4,158.56,7.00,Container,nan,Far Shipping,Slot Charterers,Ready,Ex KDS-17th,NA,NA,263 Boxes,NA,NA,nan,nan,nan,nan,nan,nan,Only Export,,,,,,,,,,
HAL12501505::SHAMAYEL,HAL12501505,SHAMAYEL,2025-12-15,2025-12-15,1,82.00,4.00,Container,nan,Sea Lloyd Shipping Lines,Slot Charterers,Ready,Ex KDS-14th,14(03:15),NA,62 Boxes,62 TEUs,NA,nan,nan,nan,nan,nan,nan,OnlyExport.F/WatKDSon14(03:15).ETAatSandheadson 15(17:00). NRA till 16th,,,,,,,,,,
HAL12501470::SITC CAGAYAN,HAL12501470,SITC CAGAYAN,2025-12-15,2025-12-15,1,188.80,8.50,Container,nan,Eastern Liner Shipping,Slot Charterers,Not Ready,ETA-20th,NA,NA,Nil,NA,NA,nan,nan,nan,nan,nan,nan,,11,23/12/25 04:15,23/12/25 04:30,,,,,,,
HAL12501443::SITC MAKASSAR,HAL12501443,SITC MAKASSAR,2025-12-04,2025-12-15,4,188.80,8.30,Container,nan,Eastern Liner Shipping,Slot Charterers,12(15:54),14(09:06),14(09:06),NA,"1,092 Boxes","2,454 TEUs",13(10:05),nan,nan,nan,nan,nan,nan,Vessel neaped on 15(Day) Tide,11,16/12/25 13:30,16/12/25 14:30,,,,,,,
HAL12501506::SITC PORT KLANG,HAL12501506,SITC PORT KLANG,2025-12-15,2025-12-15,1,188.80,8.50,Container,nan,Eastern Liner Shipping,Slot Charterers,Not Ready,ETA-30th,NA,NA,Nil,NA,NA,nan,nan,nan,nan,nan,nan,,,,,10,07/01/26 20:00,07/01/26 20:40,,,,
HAL12501433R::SOL FORTUNE,HAL12501433R,SOL FORTUNE,2025-12-15,2025-12-15,1,149.60,6.50,Container,nan,Transworld Global Logistics,Slot Charterers,Ready,Ex KDS-20th,NA,NA,17 Boxes,NA,NA,nan,nan,nan,nan,nan,nan,Only Export,,,,,,,,,,
HAL12501496::SOL PIONEER,HAL12501496,SOL PIONEER,2025-12-15,2025-12-15,1,149.60,6.50,Container,nan,Transworld Global Logistics,Slot Charterers,Not Ready,Ex KDS-25th,NA,NA,66 Boxes,NA,NA,nan,nan,nan,nan,nan,nan,,11,28/12/25 19:00,28/12/25 19:15,,,,,,,
HAL12501481::SOL STRIDE,HAL12501481,SOL STRIDE,2025-12-15,2025-12-15,1,149.60,6.50,Container,nan,Transworld Global Logistics,Slot Charterers,Ready,Ex KDS-22nd,NA,NA,Nil,NA,NA,nan,nan,nan,nan,nan,nan,Only Export,,,,,,,,,,
HAL12501486::SSL SABARIMALAI,HAL12501486,SSL SABARIMALAI,2025-12-15,2025-12-15,1,143.15,5.90,Container,nan,Unifeeder Agencies,Slot Charterers,Ready,Ex KDS-19th,NA,NA,53 Boxes,NA,NA,nan,nan,nan,nan,nan,nan,Only Export,10,21/12/25 19:15,21/12/25 22:50,13,22/12/25 14:50,22/12/25 21:30,,,,
HAL12501499::STELLA NAVIS,HAL12501499,STELLA NAVIS,2025-12-15,2025-12-15,1,228.90,8.19,Steam Coal,nan,Seatrans Shipmanagement,Various/MHC,13(14:33),12(13:00),13(14:33),13(14:33),"34,000",NA,NA,nan,nan,nan,nan,nan,nan,"Lightened 43,773 MT at Sandheads. F/W at Sandheads on 14(19:00)",2,17/12/25 00:48,17/12/25 02:10,2,18/12/25 13:15,18/12/25 15:20,,,,
HAL12501444R::XIN LIAN CHANG,HAL12501444R,XIN LIAN CHANG,2025-12-15,2025-12-15,1,158.43,7.00,Container,nan,Far Shipping,Slot Charterers,Ready,Ex KDS-19th,NA,NA,266 Boxes,NA,NA,nan,nan,nan,nan,nan,nan,Only Export,,,,,,,,,,
HAL12501454R::XIN LONG YUN 58,HAL12501454R,XIN LONG YUN 58,2025-12-15,2025-12-15,1,166.23,7.00,Container,nan,Far Shipping,Slot Charterers,Ready,Ex KDS-22nd,NA,NA,99 Boxes,NA,NA,nan,nan,nan,nan,nan,nan,Only Export,,,,,,,,,,
HAL 12501488::VIET THUAN 56-02,HAL 12501488,VIET THUAN 56-02,2025-12-11,2025-12-17,5,11.25,189.99,nan,Supramax,ETA-17(17:00),N/A,nan,nan,nan,nan,nan,nan,nan,M.Ore,GAC Shipping Pvt. Ltd.,Carbon Resources Pvt. Ltd.,N/A,N/A,"14,662",N/A,,,,,,,,,,
HAL12501538::GOLDEN CURL,HAL12501538,GOLDEN CURL,2025-12-17,2025-12-18,2,8.40,144.30,nan,Tanker,ETA-21(09:00),NA,nan,nan,nan,nan,nan,nan,nan,CPO,Seaport Services,Emami Agrotech,Not Ready,NA,"14,000",NA,6,23/12/25 14:36,23/12/25 17:36,7,26/12/25 19:30,28/12/25 08:25,,,,
HAL12501547::MEIZAN,HAL12501547,MEIZAN,2025-12-18,2025-12-19,2,7.20,156.70,nan,Tanker,ETA-22(06:00),NA,nan,nan,nan,nan,nan,nan,nan,CDSBO,Atlantic Global Shipping,Everest Solvent & Budge Budge Refineries,Not Ready,NA,"12,975",NA,7,22/12/25 05:36,,4,23/12/25 23:24,,,,,
HAL12501528::MONTANA I,HAL12501528,MONTANA I,2025-12-16,2025-12-19,4,14.74,229.00,nan,Panamax,ETA-19(22:00),N/A,nan,nan,nan,nan,nan,nan,nan,S. Coal,Seatrans,Sarfa Industries,18(16:52),N/A,"43,100",N/A,13,23/12/25 01:48,23/12/25 03:00,,,,,,,
HAL12501502::OM SINGAPORE,HAL12501502,OM SINGAPORE,2025-12-14,2025-12-19,4,8.60,175.29,nan,Tanker,ETA-21(06:00),NA,nan,nan,nan,nan,nan,nan,nan,CDSBO,Interocean Shipping,Various,Not Ready,NA,"20,070",NA,TERMINAL,23/12/25 12:50,23/12/25 16:06,6,25/12/25 20:36,,BERTH-6,BERTH-2 OF,26/12/25 00:30,
HAL12501450::PACIFIC ERA,HAL12501450,PACIFIC ERA,2025-12-14,2025-12-20,6,8.50,183.09,nan,Tanker,ETA-22nd,NA,nan,nan,nan,nan,nan,nan,nan,CDSBO,Seaport Service,Various,Not Ready,NA,"18,865",NA,8,23/12/25 16:18,,,,,,,,
HAL12501524::FJ FRESIA,HAL12501524,FJ FRESIA,2025-12-16,2025-12-23,8,11.88,229.00,nan,Panamax,ETA-23(18:00),N/A,nan,nan,nan,nan,nan,nan,nan,C. Coal,TMILL,Tata Steel,18(16:31),N/A,"23,500",N/A,,,,,,,,,,
HAL12501483::CHEMROAD HAWK,HAL12501483,CHEMROAD HAWK,2025-12-24,2025-12-24,1,7.90,179.53,nan,Tanker,ETA-27(14:00),NA,nan,nan,nan,nan,nan,nan,nan,Phosphoric Acid,Atlantic Global Shipping,Indorama India,Not Ready,NA,"15,747",NA,,,,8,31/12/25 05:24,,,,,
HAL12501546::VESTA,HAL12501546,VESTA,2025-12-18,2025-12-24,4,8.40,183.31,nan,Tanker,22(09:30),24(10:43),nan,nan,nan,nan,nan,nan,nan,CDSBO,Seaport Service,Various,24(10:43),29(10:43),"23,000",NA,TERMINAL,25/12/25 14:30,25/12/25 20:24,4B,29/12/25 23:24,30/12/25 15:15,,,,
HAL12501541::EASLINE ZHANGJIAGANG,HAL12501541,EASLINE ZHANGJIAGANG,2025-12-24,2025-12-26,2,8.80,128.60,nan,Tanker,20(22:42),23(10:49),nan,nan,nan,nan,nan,nan,nan,CPO,Marinelinks Shipping,Emami Agrotech,23(10:49),28(10:49),"12,000",NA,3,25/12/25 16:05,25/12/25 20:45,7,29/12/25 09:36,30/12/25 15:05,,,,
HAL12501579::GUO YANG ZHI XING,HAL12501579,GUO YANG ZHI XING,2025-12-24,2025-12-26,2,8.00,153.00,nan,Tanker,24(18:30),24(18:30),nan,nan,nan,nan,nan,nan,nan,CDSBO,Atlantic Global Shipping,Emami Agrotech,24(17:32),29(18:30),"12,208",NA,,,,4,29/12/25 12:00,30/12/25 12:45,,,,
HAL12501572::RED LILY,HAL12501572,RED LILY,2025-12-23,2025-12-31,6,14.75,228.99,nan,Panamax,ETA-31(15:45),N/A,nan,nan,nan,nan,nan,nan,nan,C.Coal,Netincon Marketing Pvt. Ltd.,SAIL,N/A,N/A,"43,000",N/A,,,,4A,06/01/26 11:40,07/01/26 07:50,,,,
Yet to be declared::AQUAVITA AIR,Yet to be declared,AQUAVITA AIR,2025-12-23,2026-01-01,7,14.93,229.00,nan,Panamax,ETA-01(15:00),N/A,nan,nan,nan,nan,nan,nan,nan,Coal,Alap Carriers,Agarwal,N/A,N/A,"44,000",N/A,,,,,,,,,,
HAL12501557::BOCHEM NEW ORLEANS,HAL12501557,BOCHEM NEW ORLEANS,2025-12-24,2026-01-01,2,8.40,158.98,nan,Tanker,01(09:18),01(09:18),nan,nan,nan,nan,nan,nan,nan,Phosphoric Acid,J M Baxi Marine Services,Indorama India,26(13:33),NA,"11,522",NA,,,,,,,,,,
HAL12501593::HONG ANH 18,HAL12501593,HONG ANH 18,2025-12-26,2026-01-01,7,10.80,157.00,nan,Handymax,01(06:30),N/A,nan,nan,nan,nan,nan,nan,nan,Ammonium Sulphate,Alap Carriers,Indorama India Pvt. Ltd.,31(15:51),N/A,"5,500",N/A,,,,,,,,,,
HAL12501619::HYDE PARK,HAL12501619,HYDE PARK,2026-01-01,2026-01-01,1,6.50,145.00,nan,Tanker,ETA-02(17:00),NA,nan,nan,nan,nan,nan,nan,nan,Phosphoric Acid,Atlantic Global Shipping,Indorama India,Not Ready,NA,"8,971",NA,,,,,,,,,,
HAL12501533::AHINOS,HAL12501533,AHINOS,2025-12-17,2026-01-03,10,8.50,183.00,nan,Tanker,01(07:24),01(07:24),nan,nan,nan,nan,nan,nan,nan,CDSBO,Atlantic Global Shipping,Various,31(15:25),06(07:24),"21,000",NA,7,08/01/26 17:00,08/01/26 21:30,HOJ-I,10/01/26 10:06,10/01/26 12:42,,,,
HAL12501633::AQUAVITA AIR,HAL12501633,AQUAVITA AIR,2026-01-03,2026-01-03,1,14.93,228.99,nan,Panamax,01(15:00),N/A,nan,nan,nan,nan,nan,nan,nan,S.Coal,Alap Carriers,Various,N/A,N/A,"40,241",N/A,3,10/01/26 07:30,10/01/26 08:50,10,13/01/26 20:00,13/01/26 23:40,,,,
HAL12501636::GEUM GANG,HAL12501636,GEUM GANG,2026-01-01,2026-01-03,2,7.80,117.00,nan,Tanker,ETA-09(12:00),NA,nan,nan,nan,nan,nan,nan,nan,LAB,Atlantic Global Shipping,Various,Not Ready,NA,"6,051",NA,6,13/01/26 23:30,,4,14/01/26 19:25,15/01/26 03:40,,,,
HAL12501647::OGINO PARK,HAL12501647,OGINO PARK,2026-01-03,2026-01-03,1,7.80,145.00,nan,Tanker,ETA-10(AM),NA,nan,nan,nan,nan,nan,nan,nan,Phosphoric Acid,Atlantic Global Shipping,Indorama India Pvt. Ltd,Not Ready,NA,"10,004",NA,5,14/01/26 09:54,14/01/26 12:00,10,15/01/26 03:20,15/01/26 13:15,,,,
HAL12501616::PHILIPPA GLADYS,HAL12501616,PHILIPPA GLADYS,2026-01-01,2026-01-03,2,7.90,134.85,nan,Tanker,01(10:30),01(18:36),nan,nan,nan,nan,nan,nan,nan,CPO,Seaport Services,Emami Agrotech Ltd,01(18:36),06(18:36),"11,001",NA,4,08/01/26 07:12,08/01/26 10:30,13,11/01/26 04:00,11/01/26 10:00,,,,
HAL12501594::PUTUOSHAN,HAL12501594,PUTUOSHAN,2026-01-01,2026-01-03,2,7.50,144.03,nan,Tanker,31(13:48),31(13:48),nan,nan,nan,nan,nan,nan,nan,CPO,Samudra Marine Services,Emami Agrotech,31(10:08),05(13:48),"10,000",NA,,,,4,07/01/26 03:00,07/01/26 10:45,,,,
HAL12501537::RIGEL,HAL12501537,RIGEL,2025-12-17,2026-01-03,10,7.80,176.00,nan,Tanker,30(12:48),30(12:48),nan,nan,nan,nan,nan,nan,nan,CDSBO,Interocean Shipping,Various,27(14:12),04(12:48),"14,920",NA,,,,6,07/01/26 23:48,08/01/26 06:40,,,,
HAL12501628::XIN HENG SHUN 17,HAL12501628,XIN HENG SHUN 17,2026-01-01,2026-01-03,2,6.30,115.34,nan,Tanker,ETA-04(14:30),NA,nan,nan,nan,nan,nan,nan,nan,Acetic Acid,Samudra Marine Services,MCPI Pvt Ltd,Not Ready,NA,"5,498",NA,,,,,,,,,,
HAL12501643::GINGA GRUTTO,HAL12501643,GINGA GRUTTO,2026-01-03,2026-01-04,2,8.10,158.93,nan,Tanker,ETA-07(08:00),NA,nan,nan,nan,nan,nan,nan,nan,CDSBO,Interocean Shipping,Various,Not Ready,NA,"17,000",NA,6,12/01/26 08:12,12/01/26 11:45,13,14/01/26 01:24,14/01/26 03:50,BERTH-6,BERTH-4B,13/01/26 22:50,14/01/26 02:10
HAL12501634::SAMUDA,HAL12501634,SAMUDA,2026-01-01,2026-01-04,3,6.50,168.00,nan,Tanker,ETA-05(PM),NA,nan,nan,nan,nan,nan,nan,nan,CPO,Atlantic Global Shipping,Patanjali Foods Ltd,03(17:20),NA,"10,000",NA,,,,10,12/01/26 09:25,12/01/26 13:15,,,,
HAL12501614::SEA GULL 9,HAL12501614,SEA GULL 9,2025-12-31,2026-01-04,4,8.10,127.52,nan,Tanker,02(18:00),02(18:00),nan,nan,nan,nan,nan,nan,nan,CPO,Seaport Services,AWL Agri Business Ltd,30(19:00),07(18:00),"9,000",NA,5,09/01/26 04:48,,6,10/01/26 17:30,10/01/26 22:05,,,,
HAL12501615::YONG SHENG 39,HAL12501615,YONG SHENG 39,2025-12-31,2026-01-04,4,8.30,138.73,nan,Tanker,02(01:55),02(10:02),nan,nan,nan,nan,nan,nan,nan,CDSBO,Seaport Services,Various,02(10:02),07(10:02),"12,000",NA,6,09/01/26 04:12,,7,10/01/26 11:24,10/01/26 20:25,,,,
HAL12501644::KASSIOPI GR,HAL12501644,KASSIOPI GR,2026-01-03,2026-01-05,3,8.90,199.99,nan,Ultramax,07.01.2025 (A.M Hours),N/A,nan,nan,nan,nan,nan,nan,nan,M.Ore,GAC Shipping (India) Private Limited.,Various,N/A,N/A,"5,250",N/A,8,12/01/26 23:15,13/01/26 00:30,6,14/01/26 07:45,,BERTH-4,BERTH-13 O | BERTH-4A,15/01/26 04:20 | 16/01/26 04:00,
Yet to declare::MAIA,Yet to declare,MAIA,2026-01-05,2026-01-05,1,14.75,229.00,nan,Panamax,ETA-09.01.2025 (04:30),N/A,nan,nan,nan,nan,nan,nan,nan,Coal,GAC Shipping (India) Private Limited.,SAIL,N/A,N/A,"45,000",N/A,,,,,,,,,,
HAL12501586::SHENG HANG CAI FU,HAL12501586,SHENG HANG CAI FU,2025-12-26,2026-01-06,6,8.50,138.73,nan,Tanker,ETA-08(06:00),NA,nan,nan,nan,nan,nan,nan,nan,CDSBO,Atlantic Global Shipping,Emami Agrotech,Not Ready,NA,"12,240",NA,7,12/01/26 23:24,13/01/26 04:24,HOJ-III,14/01/26 14:48,14/01/26 16:20,,,,
HAL12501644::KASSIOPI.GR,HAL12501644,KASSIOPI.GR,2026-01-06,2026-01-08,3,8.90,199.99,nan,Ultramax,ETA-08(18:00),N/A,nan,nan,nan,nan,nan,nan,nan,M.Ore,GAC Shipping (India) Private Limited.,Various,07(10:16),N/A,"5,250",N/A,,,,,,,,,,
HAL12501661::LARGO AURORA,HAL12501661,LARGO AURORA,2026-01-06,2026-01-09,3,8.20,182.99,nan,Tanker,ETA-11(AM),NA,nan,nan,nan,nan,nan,nan,nan,CSFSO & CDSBO,Interocean Shipping,Various,Not Ready,NA,"14,700",NA,4,15/01/26 01:00,,,,,,,,
HAL12501666::MIDNIGHT GLORY,HAL12501666,MIDNIGHT GLORY,2026-01-07,2026-01-09,2,8.30,183.06,nan,Tanker,ETA-11(08:00),NA,nan,nan,nan,nan,nan,nan,nan,CDSBO & CSFSO,Interocean Shipping,Various,Not Ready,NA,"20,000",NA,,,,4,18/01/26 20:12,18/01/26 20:40,BERTH-7,BERTH-13,18/01/26 14:20,18/01/26 20:00
HAL12501683::PVT NEPTUNE,HAL12501683,PVT NEPTUNE,2026-01-09,2026-01-09,1,8.40,128.60,nan,Tanker,ETA-13(21:00),NA,nan,nan,nan,nan,nan,nan,nan,CPO,Universal Shipping Agencies,Various,Not Ready,NA,"5,750",NA,5,17/01/26 14:18,17/01/26 18:42,,,,,,,
HAL12501645::KOTA RATNA,HAL12501645,KOTA RATNA,2026-01-10,2026-01-10,1,144.01,8.40,Container,nan,Pil (India) Pvt Ltd,Slot Charterers,08(21:33),09(06:36),09(06:36),NA,241 Boxes,353 TEUs,08(19:25),nan,nan,nan,nan,nan,nan,Only Import,10,12/01/26 20:30,12/01/26 20:45,HOJ-I,13/01/26 13:30,13/01/26 14:45,,,,
HAL12501629::LACERTA,HAL12501629,LACERTA,2026-01-10,2026-01-10,1,228.99,8.10,Coking Coal,nan,TMILL,Tata Steel/MHC,07(17:17),10(00:35),10(00:35),10(00:35),30887,NA,09(16:22),nan,nan,nan,nan,nan,nan,Vessel called in Day tide on date,2,10/01/26 17:48,10/01/26 22:05,13 OFF,11/01/26 22:20,12/01/26 00:50,,,,
HAL12501564::MSC ALIZEE III,HAL12501564,MSC ALIZEE III,2026-01-10,2026-01-10,1,208.30,8.50,Container,nan,MSC Agency,Slot Charterers,07(23:46),09(10:00),09(10:00),NA,"1,004 Boxes","1,216 TEUs",NA,nan,nan,nan,nan,nan,nan,Vessel called in Day tide on date,4B,10/01/26 19:30,,11,15/01/26 13:10,15/01/26 15:10,,,,
HAL12501600R::ORCHARD STAR,HAL12501600R,ORCHARD STAR,2026-01-10,2026-01-10,1,158.56,5.80,Container,nan,Far Shipping,Slot Charterers,Ready,Ex KDS-09th,09(05:55),NA,269 Boxes,392 TEUs,NA,nan,nan,nan,nan,nan,nan,F/W at KDS on 09(05:55). Only Export,,,,,,,,,,
HAL12501567R::SOL PURPOSE,HAL12501567R,SOL PURPOSE,2026-01-10,2026-01-10,1,149.60,6.20,Container,nan,Transworld Global Logistics,Slot Charterers,Ready,Ex KDS-09th,08(21:55),NA,116 Boxes,183 TEUs,NA,nan,nan,nan,nan,nan,nan,F/WatKDSon08(21:55).ReportedatSandheadson09(23:42). Only Export,,,,,,,,,,
HAL12501660::SSL THAMIRABARANI,HAL12501660,SSL THAMIRABARANI,2026-01-10,2026-01-10,1,142.70,6.80,Container,nan,Unifeeder Agencies,Slot Charterers,07(20:38),08(20:18),08(20:18),NA,411 Boxes,520 TEUs,08(18:09),nan,nan,nan,nan,nan,nan,Vessel called in Day tide on date,10,10/01/26 21:50,,11,11/01/26 21:54,12/01/26 10:20,,,,
HAL12501688::STAR NINA,HAL12501688,STAR NINA,2026-01-10,2026-01-10,1,228.99,8.20,Coking Coal,nan,Atlantic Global Shipping,SAIL/MHC,Not Ready,ETA-12th,NA,NA,30000,NA,NA,nan,nan,nan,nan,nan,nan,,2,12/01/26 06:18,12/01/26 07:30,5,13/01/26 12:15,13/01/26 14:50,,,,
HAL12501665::FJ CAMELIA,HAL12501665,FJ CAMELIA,2026-01-13,2026-01-13,1,229.00,8.30,Steam Coal,nan,Seatrans Shipmanagement,Anand Carbo/MHC,09(14:48),09(18:42),09(14:48),09(14:48),"34,980",NA,07(15:52),nan,nan,nan,nan,nan,nan,Inside Dock,HOJ-I,11/01/26 15:40,11/01/26 17:00,2,15/01/26 15:45,15/01/26 17:00,BERTH-3,BERTH-2,14/01/26 01:00,
HAL12501657::MAIA,HAL12501657,MAIA,2026-01-06,2026-01-13,6,228.99,8.10,Coking Coal,nan,Gac Shipping,SAIL/ISPHL,BOT Berth,09(07:24),09(07:24),09(07:24),33818,NA,07(15:08),nan,nan,nan,nan,nan,nan,"N/A | Lightening 50,000 MT at Sandheads. (BOB - 38,000 MT) | Lightened 46,000 MT at Sandheads. F/W at Sandheads on 13(09:00).Vessel called in Day tide on date",4A,13/01/26 19:48,14/01/26 00:05,4A,16/01/26 01:40,16/01/26 03:40,,,,
HAL12501654::SSL SABARIMALAI,HAL12501654,SSL SABARIMALAI,2026-01-10,2026-01-13,2,143.15,5.70,Container,nan,Unifeeder Agencies,Slot Charterers,Ready,Ex KDS-10th,09(15:15),NA,157 Boxes,NA,12(14:34),nan,nan,nan,nan,nan,nan,Only Export. F/W at KDS on 09(15:55) | Inside Dock,9,13/01/26 10:00,13/01/26 18:54,HOJ-II,13/01/26 22:30,14/01/26 11:15,BERTH-9,BERTH-10,13/01/26 15:45,13/01/26 17:00
HAL12501686::AFRICAN SISTERS,HAL12501686,AFRICAN SISTERS,2026-01-14,2026-01-14,1,199.98,7.80,Manganese Ore,nan,Gac Shipping,Various/MHC,12(17:10),ETA-15(05:00),NA,NA,"26,380",NA,09(16:15),nan,nan,nan,nan,nan,nan,,2,16/01/26 00:30,16/01/26 01:50,2,17/01/26 08:35,17/01/26 16:00,,,,
HAL12501630::MSC MAKOTO II,HAL12501630,MSC MAKOTO II,2026-01-10,2026-01-14,3,175.49,8.45,Container,nan,MSC Agency,Slot Charterers,08(14:52),09(13:00),09(13:00),NA,806 Boxes,"1,050 TEUs",10(12:44),nan,nan,nan,nan,nan,nan,VesselneapedinallNighttidesfrom11thto13thandinallDay tides 12th to 16th | VesselneapedinallNighttidesfrom11thto13thandinallDay tides 12th to 14th. Vessel called in Day tide on date,4 OFF,15/01/26 03:25,,11,17/01/26 11:00,17/01/26 17:45,S) | OFF,BERTH-11 | BERTH-4A,15/01/26 16:45 | 17/01/26 14:50,
HAL12501652::PACIFIC VIOLET,HAL12501652,PACIFIC VIOLET,2026-01-04,2026-01-14,8,199.90,8.20,Manganese Ore,nan,Seavision Shipping,Various/MHC,12(16:52),09(06:36),12(16:52),12(16:52),"28,800",NA,06(20:30),nan,nan,nan,nan,nan,nan,"NA | N/A | Lightening26,200MTatSandheads.(BOB-1,100MT).After completion of lighterage opertaion expected draft would be 8.20 | Lightened 26,200 MT at Sandheads. F/W at Sandheads on 13(09:00). Vessel called in Night tide on date",13,14/01/26 23:10,15/01/26 05:24,,,,,,,
HAL12501623::SOL PIONEER,HAL12501623,SOL PIONEER,2026-01-10,2026-01-14,3,149.60,8.00,Container,nan,Transworld Global Logistics,Slot Charterers,06(12:21),10(12:12),10(12:12),NA,190 Boxes,343 TEUs,NA,nan,nan,nan,nan,nan,nan,Only Import | Only Import. Vessel called in Day tide on date,10,14/01/26 12:45,14/01/26 13:50,12,15/01/26 00:45,15/01/26 04:40,,,,
HAL12501617::SOL STRIDE,HAL12501617,SOL STRIDE,2026-01-10,2026-01-14,3,149.60,5.90,Container,nan,Transworld Global Logistics,Slot Charterers,Ready,Ex KDS-11th,10(18:10),NA,187 Boxes,270 TEUs,NA,nan,nan,nan,nan,nan,nan,Only Export | OnlyExport.F/WatKDSon10(18:10).ReportedatSandheadson 12(00:24),10,15/01/26 14:30,15/01/26 16:40,,,,,,,
HAL12501679::W EMERALD,HAL12501679,W EMERALD,2026-01-10,2026-01-14,3,229.00,8.40,Limestone & Pyroxenite,nan,TMILL,Tata Steel/TMILL,10(13:00),14(09:20),14(09:20),18(09:20),34586,NA,12(10:59),nan,nan,nan,nan,nan,nan,"Vessel neaped on 14(Day & 15(Day) | Vessel neaped on 14(Day), 14(Night), 15(Day), 16(Day) & 17(Day)",12,15/01/26 22:42,15/01/26 23:45,2,17/01/26 20:50,18/01/26 06:50,,,,
HAL12501668::YASA ILHAN,HAL12501668,YASA ILHAN,2026-01-14,2026-01-14,1,189.99,7.75,Manganese Ore,nan,Seatrans Shipmanagement,Maithan Alloys/MHC,09(17:21),13(23:45),13(23:45),13(23:45),"20,000",NA,NA,nan,nan,nan,nan,nan,nan,,8,15/01/26 10:48,15/01/26 12:30,,,,,,,
HAL12501624::ZUNAIRAH ZARISHA 3,HAL12501624,ZUNAIRAH ZARISHA 3,2026-01-10,2026-01-14,3,82.98,3.90,Container,nan,Everett (India),Slot Charterers,08(12:51),11(06:24),11(06:24),NA,203 Boxes,NA,08(16:36),nan,nan,nan,nan,nan,nan,Vessel called in Day tide on date,10(S),14/01/26 12:50,14/01/26 23:42,10(S),15/01/26 09:10,26/01/26 12:30,BERTH-10( | BERTH-3 | - II,BERTH-9 OF | BERTH-13 | BERTH-10,15/01/26 12:00 | 19/01/26 07:00 | 21/01/26 14:35,15/01/26 17:00 | 19/01/26 20:45
HAL12501708::HPC LIBERTY,HAL12501708,HPC LIBERTY,2026-01-15,2026-01-15,1,9.59,175.53,nan,Handymax,ETA-22.01.2026,N/A,nan,nan,nan,nan,nan,nan,nan,M.Ore,Seatrans Shipmanagment Services Pvt. Ltd.,Various,Not Ready,N/A,"5,100",N/A,,,,,,,,,,
HAL12501672::EMMANUEL,HAL12501672,EMMANUEL,2026-01-16,2026-01-16,1,199.90,7.50,Manganese Ore,nan,Seahorse Ship Agencies,Various/MHC,14(11:49),ETA-16(13:30),NA,NA,"14,000",NA,14(16:18),nan,nan,nan,nan,nan,nan,Vessel called in Night tide on date,,,,10,17/01/26 12:52,18/01/26 03:00,,,,
HAL12501635::MSC PAXI II,HAL12501635,MSC PAXI II,2026-01-10,2026-01-16,4,175.00,8.28,Container,nan,MSC Agency,Slot Charterers,09(17:00),10(08:30),10(08:30),NA,201 Boxes,306 TEUs,12(11:05),nan,nan,nan,nan,nan,nan,"OnlyImport. Vesselneapedon12(Night),13(Night),14(Day)& 15 (Day) | Only Import. Vessel was neaped on 12(Night), 13(Night), 14(Day)&15(Day)tide.Vesselwassuppliedin15(Night)tide. Inside dock",12 OFF,16/01/26 02:15,,10,17/01/26 02:45,17/01/26 06:50,,,,
HAL12501699::PISTI,HAL12501699,PISTI,2026-01-13,2026-01-16,3,228.90,7.80,Coking Coal,nan,Gac Shipping,Tata Steel/MHC,14(17:16),ETA-16(21:00),NA,NA,"30,649",NA,15(11:11),nan,nan,nan,nan,nan,nan,,8,17/01/26 12:30,17/01/26 13:50,4B,18/01/26 21:12,19/01/26 08:00,,,,
HAL12501620::SITC CEBU,HAL12501620,SITC CEBU,2026-01-10,2026-01-16,4,188.80,8.20,Container,nan,Eastern Liner Shipping,Slot Charterers,10(20:46),12(04:15),12(04:15),NA,"1,244 Boxes","2,120 TEUs",11(16:50),nan,nan,nan,nan,nan,nan,Vesselneapedon12(Night)&13(Night)TidesandinallDaytides from 13th to 16th | Vesselneapedon12(Night)&13(Night)TidesandinallDay tides from 13th to 16th,,,,10,20/01/26 04:50,20/01/26 06:30,,,,
HAL12501656::SOL PROGRESS,HAL12501656,SOL PROGRESS,2026-01-10,2026-01-16,4,149.60,7.90,Container,nan,Transworld Global Logistics,Slot Charterers,08(11:10),11(10:18),11(10:18),NA,144 Boxes,199 TEUs,NA,nan,nan,nan,nan,nan,nan,Only Import | Only Import. Vessel called in Night tide on date,,,,HOJ-III,17/01/26 16:00,18/01/26 01:05,BERTH-12 | BERTH-11,BERTH-10 | BERTH-2,17/01/26 08:45 | 17/01/26 18:50,17/01/26 09:00
HAL12501601R::XIN LONG YUN 58,HAL12501601R,XIN LONG YUN 58,2026-01-10,2026-01-16,4,166.23,5.50,Container,nan,Far Shipping,Slot Charterers,Ready,Ex KDS-12th,12(01:50),NA,285 Boxes,355 TEUs,07(10:38),nan,nan,nan,nan,nan,nan,Only Export | OnlyExport. F/WatKDSon12(01:50).ReportedatSandheads on 13(00:48),,,,,,,,,,
HAL12501669::BLPL BLESSING,HAL12501669,BLPL BLESSING,2026-01-10,2026-01-18,5,150.73,5.80,Container,nan,Transworld Global Logistics,Slot Charterers,Ready,Ex KDS-15th,14(04:55),NA,260 Boxes,343 TEUs,15(19:30),nan,nan,nan,nan,nan,nan,Only Export | Only Export. F/W at KDS on 14(04:55) | OnlyExport.F/WatKDSon14(04:55).ReportedatSandheads on 15(18:24) | OnlyExport.F/WatKDSon14(04:55).ReportedatSandheadson 15(18:24). Inside Dock,10,18/01/26 00:45,18/01/26 01:00,11,19/01/26 17:15,19/01/26 19:05,BERTH-4A,BERTH-11,18/01/26 19:00,
HAL12501692::FEATHER (COASTAL),HAL12501692,FEATHER (COASTAL),2026-01-18,2026-01-18,1,171.20,7.80,nan,PREMIUM LSHS-(I)-4449,ATLANTIC GLOBAL,BPCL,nan,nan,nan,nan,nan,nan,nan,13(17:48),10(15:42),13(17:48),18,BPCL,HOJ-I B-16(O),"1. Vessel was called at B/16(O) on 16th Day tide. However, vessel could not be supplied due to Engine break down. 2. Engine became ready on 16(17:15) 3. Vessel called in Day tide on date at B/16(O).",,,,,,,,,,
HAL12501689::GREEN SACHI,HAL12501689,GREEN SACHI,2026-01-18,2026-01-18,1,225.28,8.30,nan,PROPANE-(I)-11861 BUTANE-(I)-11154,ATLANTIC GLOBAL,BPCL,nan,nan,nan,nan,nan,nan,nan,16(10:12),14(11:30),16(10:12),36,BPCL,HOJ-III B-18(O),Vessel called in Day tide on date at B/18(O).,HOJ-III,18/01/26 11:54,18/01/26 13:42,HOJ-III,19/01/26 19:42,19/01/26 20:54,,,,
HAL12501716::NY LORD,HAL12501716,NY LORD,2026-01-18,2026-01-18,1,226.00,8.00,nan,PROPANE-(I)-11063 BUTANE-(I)-8266,ATLANTIC GLOBAL,IOCL,nan,nan,nan,nan,nan,nan,nan,17(03:24),15(09:20),17(03:24),HOJ-I&II=26,IOPPL,HOJ-I/HOJ-II B-16(O)/17(O),Vessel called in Day tide on date at B/17(O).,HOJ-II,18/01/26 12:06,18/01/26 14:18,HOJ-II,19/01/26 21:00,20/01/26 09:20,,,,
HAL12501680::STAR NICOLE,HAL12501680,STAR NICOLE,2026-01-10,2026-01-18,5,229.00,8.20,Limestone,nan,TMILL,Tata Steel/TMILL,10(14:00),18(03:00),18(03:00),22(03:00),"32,000",NA,15(12:25),nan,nan,nan,nan,nan,nan,Vessel called in Day tide on date,12,18/01/26 13:24,18/01/26 14:45,12,20/01/26 12:45,20/01/26 22:55,S),BERTH-13(S,20/01/26 14:05,
HAL12501704::XIN HAI TONG 803,HAL12501704,XIN HAI TONG 803,2026-01-18,2026-01-18,1,229.00,8.00,PCI Coal,nan,V Ocean Shipping,Carbon Resources/MHC,15(10:00),18(07:54),18(07:54),18(07:54),"32,000",NA,NA,nan,nan,nan,nan,nan,nan,Reporting time as per Agent,2,19/01/26 01:00,19/01/26 02:15,2,20/01/26 11:50,20/01/26 18:45,,,,
HAL12501655::BLPL FAITH,HAL12501655,BLPL FAITH,2026-01-10,2026-01-19,6,140.00,7.40,Container,nan,Transworld Global Logistics,Slot Charterers,12(18:14),14(23:36),14(23:36),NA,106 Boxes,158 TEUs,NA,nan,nan,nan,nan,nan,nan,Only Import | Only Import. Vessel called in Day tide on date,4,19/01/26 15:00,,10,20/01/26 12:40,20/01/26 21:20,BERTH-4,BERTH-10,20/01/26 08:45,20/01/26 09:00
HAL12501681::MSC TIGER F,HAL12501681,MSC TIGER F,2026-01-10,2026-01-19,6,154.51,8.30,Container,nan,MSC Agency,Slot Charterers,14(15:16),14(14:30),14(15:15),NA,138 Boxes,248 TEUs,13(20:11),nan,nan,nan,nan,nan,nan,Vessel neaped on 15(Day) | Only Import | Only Import. Inside Dock,9,19/01/26 02:45,,11,20/01/26 08:10,20/01/26 08:45,BERTH-9,BERTH-11,19/01/26 20:30,
HAL12501734::SAKIZAYA VICTORY,HAL12501734,SAKIZAYA VICTORY,2026-01-18,2026-01-19,2,229.00,8.02,Coking Coal,nan,GAC Shipping,SAIL/ISPHL,BOT Berth,19(00:54),19(00:54),19(00:54),"33,000",NA,17(18:09),nan,nan,nan,nan,nan,nan,Vessel called in Day tide on date,4A,19/01/26 13:06,19/01/26 13:48,4A,21/01/26 17:30,21/01/26 18:30,,,,
HAL12501722::WOOJIN ELVIS,HAL12501722,WOOJIN ELVIS,2026-01-18,2026-01-19,2,124.00,6.85,nan,METHANOL-(I)-6038,ATLANTIC GLOBAL,ADVANCED PERFORMANCE,nan,nan,nan,nan,nan,nan,nan,17(13:00),18(08:33),18(08:33),44,ADVANCED PERFORMANCE,HOJ-I B-16(O),Vessel called at B/16(O),HOJ-I,19/01/26 11:20,19/01/26 14:00,13(S),21/01/26 02:55,21/01/26 09:20,,,,
HAL12501649::ZUNAIRAH ZARISHA 4,HAL12501649,ZUNAIRAH ZARISHA 4,2026-01-10,2026-01-19,6,82.98,3.50,Container,nan,Everett (India),Slot Charterers,15(18:11),15(07:40),15(18:11),NA,203 Boxes,250 TEUs,14(16:12),nan,nan,nan,nan,nan,nan,NRA till 18(Night) tide | NRA till 18(Night) tide. Vessel called in Day tide on date,13(S),19/01/26 15:20,,10(S),21/01/26 10:10,,BERTH-13(,BERTH-10(S,20/01/26 09:35,20/01/26 09:50
HAL12501705::BW MESSINA,HAL12501705,BW MESSINA,2026-01-18,2026-01-20,3,226.10,8.30,nan,PROPANE-(I)-11250 BUTANE-(I)-11250,INTEROCEAN SHIPPING,HPCL,nan,nan,nan,nan,nan,nan,nan,18(07:00),17(16:20),18(07:00),HOJ-I=40 HOJ-II=34,AEGIS,HOJ-I/HOJ-II B-16(O)/17(O),Reporting time as per Agent | Vessel called at B/17(O),HOJ-II,20/01/26 12:30,20/01/26 14:00,HOJ-II,21/01/26 07:12,,OIL JETTY,OIL JETTY -,21/01/26 11:24,21/01/26 13:06
HAL12501715::HOANH SON UNIVERSE,HAL12501715,HOANH SON UNIVERSE,2026-01-19,2026-01-20,2,224.94,7.70,Met Coke,nan,Eveready Shipping Agencies,Rashmi Cement & Orissa Alloy Steel/MHC,17(10:28),ETA-21(23:00),NA,NA,"30,000",NA,NA,nan,nan,nan,nan,nan,nan,,8,22/01/26 02:24,22/01/26 04:00,,,,,,,
HAL12501723::JAG VISHNU,HAL12501723,JAG VISHNU,2026-01-18,2026-01-20,3,230.00,8.50,nan,PROPANE-(I)-12500 BUTANE-(I)-12500,ATLANTIC GLOBAL,BPCL,nan,nan,nan,nan,nan,nan,nan,ETA-22(09:00),Not Ready,Not Ready,N/A,BPCL,HOJ-III B-18(O),Ullage confirmation & Readiness Documents are awaited.,,,,,,,,,,
HAL12501712::NV SUNSHINE,HAL12501712,NV SUNSHINE,2026-01-18,2026-01-20,3,226.00,8.00,nan,PROPANE-(I)-10221 BUTANE-(I)-10212,INTEROCEAN SHIPPING,IOCL,nan,nan,nan,nan,nan,nan,nan,18(21:06),15(09:24),18(21:06),30,IOPPL,HOJ-I/HOJ-II B-16(O)/17(O),,HOJ-II,21/01/26 12:30,21/01/26 14:18,,,,,,,
HAL12501728::OCEAN GAS,HAL12501728,OCEAN GAS,2026-01-18,2026-01-20,3,225.28,8.30,nan,PROPANE-(I)-10377 BUTANE-(I)-10447,ATLANTIC GLOBAL,IOCL,nan,nan,nan,nan,nan,nan,nan,19(02:18),17(13:35),19(02:18),30,IOPPL,HOJ-I/HOJ-II B-16(O)/17(O),,,,,,,,,,,
HAL12501701::SANMAR SNEHA (COASTAL),HAL12501701,SANMAR SNEHA (COASTAL),2026-01-18,2026-01-20,3,200.00,8.50,nan,NAPHTHA-(I)-27000,BENLINE AGENCIES,HPL,nan,nan,nan,nan,nan,nan,nan,19(23:00),16(17:28),19(23:00),HOJ-I=36 HOJ-II&III=28,HPL,HOJ-I/HOJ-II/HOJ-III B-16(O)/17(O)/18(O),Vessel called at B/18(O),,,,,,,,,,
HAL12501733::SANMAR SWARA (COASTAL),HAL12501733,SANMAR SWARA (COASTAL),2026-01-18,2026-01-20,3,228.49,8.10,nan,HSD-(I)-23902 MS-(I)-5400,ATLANTIC GLOBAL,BPCL,nan,nan,nan,nan,nan,nan,nan,17(11:48),Not Ready,Not Ready,N/A,BPCL,HOJ-I/HOJ-II/HOJ-III B-16(O)/17(O)/18(O),Ullage confirmation & Readiness Documents are awaited.,,,,,,,,,,
HAL12501702::SSL THAMIRABARANI,HAL12501702,SSL THAMIRABARANI,2026-01-13,2026-01-20,6,142.70,8.30,Container,nan,Unifeeder Agencies,Slot Charterers,15(10:01),16(06:48),16(06:48),NA,540 Boxes,600 TEUs,16(15:39),nan,nan,nan,nan,nan,nan,Reporting time as per Agent | Vessel called in Day tide on date,11,20/01/26 14:55,20/01/26 15:10,11,21/01/26 18:00,21/01/26 21:25,,,,
HAL12501709::SUN 9,HAL12501709,SUN 9,2026-01-18,2026-01-20,3,146.19,6.00,nan,BENZENE-(E)-6300,J M BAXI MARINE,HPL,nan,nan,nan,nan,nan,nan,nan,18(16:12),18(11:33),18(16:12),21,HPL,HOJ-I B-16(O),Ullage confirmation & Readiness Documents are awaited.,,,,,,,,,,
HAL12501707::GUO HAI LIAN 655,HAL12501707,GUO HAI LIAN 655,2026-01-19,2026-01-21,3,224.90,8.15,Coking Coal,nan,V Ocean Shipping,Jai Balaji Industries/MHC,17(16:04),21(07:30),21(07:30),21(07:30),"30,000",NA,17(12:29),nan,nan,nan,nan,nan,nan,Reporting time as per Agent. Vessel called in Day tide on date,13,21/01/26 16:36,21/01/26 17:45,,,,,,,
HAL12501726::VISHVA PREETI,HAL12501726,VISHVA PREETI,2026-01-16,2026-01-21,5,229.00,8.00,Coking Coal,nan,The Shipping Corporation,SAIL/MHC,21(09:39),21(06:00),21(06:00),21(06:00),"33,000",NA,NA,nan,nan,nan,nan,nan,nan,Late for tide on 20(Day) Tide | Late fortide on20(Day) Tide. Reporting time asper Agent. Vessel called in Day tide on date | Latefortideon20(Day)Tide.ReportingtimeasperAgent.Vessel called in Day tide on date,2,21/01/26 14:36,21/01/26 15:15,,,,,,,
HAL12501698::BSM BEIHAI,HAL12501698,BSM BEIHAI,2026-01-11,2026-01-22,8,199.90,10.98,Manganese Ore,nan,Sakura Logistics,Various/MHC,14(16:29),16(17:12),16(17:12),16(17:12),"29,542",NA,21(12:16),nan,nan,nan,nan,nan,nan,"NA | N/A | To lighten 31,248 MT at Sandheads | Lightening31,798MTatSandheads.(BOB-24,448MT).After lightening,expecteddraftwouldbe8.25Mtrs.asconfirmedby Agent | Lightening31,798MTatSandheads.(BOB-18,752MT).After lightening,expecteddraftwouldbe8.25Mtrs.asconfirmedby Agent | Lightening31,798MTatSandheads.(BOB-14,732MT).After lightening,expecteddraftwouldbe8.25Mtrs.asconfirmedby Agent | Lightening31,798MTatSandheads.(BOB-7,920MT).After lightening,expecteddraftwouldbe8.25Mtrs.asconfirmedby Agent | Lightening31,798MTatSandheads.(BOB-3,261MT).After lightening,expecteddraftwouldbe8.25Mtrs.asconfirmedby Agent",,,,9,29/01/26 10:35,30/01/26 01:50,,,,
HAL12501731::CANON TRADER,HAL12501731,CANON TRADER,2026-01-18,2026-01-22,5,229.00,8.50,Coking Coal,nan,GAC Shipping,Tata Steel/MHC,Not Ready,ETA-23(12:00),NA,NA,"33,000",NA,NA,nan,nan,nan,nan,nan,nan,,,,,8,25/01/26 18:00,26/01/26 09:30,,,,
HAL12501690::ECO SIKOUSIS,HAL12501690,ECO SIKOUSIS,2026-01-13,2026-01-22,8,224.86,8.50,Gypsum & Limestone,nan,Alap Carriers,"Parag Vinimay, Arihant Infrastructure, Arghakhanchi Cement & Samrat Cement/TMILL",13(12:30),14(16:40),14(16:40),18(16:40),"38,200",NA,13(11:48),nan,nan,nan,nan,nan,nan,"To lighten Gypsum 13,845 MT and Limestone 31,020 MT at Sandheads | Lightening Gypsum 14,000 MT and Limestone 29,500 MT at Sandheads.CargolimestonedestinedforKDS.(BOB-31,975 MT).Afterlightening,expecteddraftwouldbe8.50Mtrs.as confirmed by Agent. | Lightening Gypsum 14,000 MT and Limestone 29,500 MT at Sandheads.CargolimestonedestinedforKDS.(BOB-6,230MT). After lightening, expected draft would be 8.50 Mtrs. as confirmed by Agent. | Lightening Gypsum 14,000 MT and Limestone 29,500 MT at Sandheads.CargolimestonedestinedforKDS.(BOB-4,080MT). After lightening, expected draft would be 8.50 Mtrs. as confirmed by Agent. | Lightening Gypsum 14,000 MT and Limestone 29,500 MT at Sandheads.CargolimestonedestinedforKDS.(BOB-2,300MT). After lightening, expected draft would be 8.50 Mtrs. as confirmedbyAgent.Vesselcalledin20(Day)tidebutcouldnot supplied due to not completion at Sandheads | Lightened Gypsum 14,000 MT and Limestone 29,500 MT at Sandheads.CargolimestonedestinedforKDS.F/WatSandheads 20(18:30).Vesselcalledin20(Day). Vesselcalledin20(Day)tide butcouldnotsuppliedduetonotcompletionatSandheads.As per request from vessel Agent vessel calling withdrawn on 20(Night) tide. | Lightened Gypsum 14,000 MT and Limestone 29,500 MT at Sandheads.CargolimestonedestinedforKDS.F/WatSandheads 20(18:30).Vesselwascalledin20(Day)tidebutcouldnotbe suppliedduetonon-completionatSandheads.Asperrequest fromvesselAgentvesselcallingwithdrawnon20(Night)tide. Inside Dock",,,,,,,,,,
HAL12501711::MSC CLEMENTINA F,HAL12501711,MSC CLEMENTINA F,2026-01-14,2026-01-22,7,147.80,6.12,Container,nan,MSC Agency,Slot Charterers,Ready,Ex KDS-21st,20(18:25),NA,190 Boxes,329 TEUs,NA,nan,nan,nan,nan,nan,nan,Only Export | F/W at KDS on 20(18:25) | F/WatKDSon20(18:25).ReportedatSandheadson21(22:18). Vessel called in Day tide on date,,,,,,,,,,
HAL12501730::NAVIOS VICTORY,HAL12501730,NAVIOS VICTORY,2026-01-18,2026-01-22,5,224.98,8.15,Coking Coal,nan,Atlantic Global Shipping,Tata Steel/MHC,20(17:46),21(19:36),21(19:36),21(19:36),"31,179",NA,21(11:18),nan,nan,nan,nan,nan,nan,,,,,,,,,,,
HAL12501737::PANAMAX CHRISTINA,HAL12501737,PANAMAX CHRISTINA,2026-01-20,2026-01-22,3,228.99,8.11,Coking Coal,nan,Seatrans Shipmanagement,SAIL/ISPHL,BOT Berth,ETA-22(12:00),NA,NA,"34,673",NA,21(22:04),nan,nan,nan,nan,nan,nan,,,,,HOJ-I,25/01/26 19:35,26/01/26 20:10,,,,
HAL12501745::PERIDOT,HAL12501745,PERIDOT,2026-01-21,2026-01-22,2,189.99,8.28,Limestone,nan,Jyothi Marine Services,SAIL/MHC,21(15:09),21(20:30),21(20:30),21(20:30),"27,000",NA,21(18:32),nan,nan,nan,nan,nan,nan,,,,,,,,,,,
HAL12501727::SITC MAKASSAR,HAL12501727,SITC MAKASSAR,2026-01-16,2026-01-22,6,188.80,8.50,Container,nan,Eastern Liner Shipping,Slot Charterers,Not Ready,ETA-25th,NA,NA,27 Boxes,NA,NA,nan,nan,nan,nan,nan,nan,,10,26/01/26 09:20,26/01/26 09:35,10,27/01/26 13:20,28/01/26 00:30,,,,
HAL12501682::SITC PENANG,HAL12501682,SITC PENANG,2026-01-10,2026-01-22,9,188.80,8.50,Container,nan,Eastern Liner Shipping,Slot Charterers,19(17:18),22(05:30),22(05:30),NA,965 Boxes,"1,842 TEUs",19(20:39),nan,nan,nan,nan,nan,nan,Reporting time as per Agent. Vessel called in Day tide on date,,,,,,,,,,
HAL12501623R::SOL PIONEER,HAL12501623R,SOL PIONEER,2026-01-13,2026-01-22,8,149.60,6.30,Container,nan,Transworld Global Logistics,Slot Charterers,Ready,Ex KDS-21st,20(09:10),NA,175 Boxes,210 TEUs,21(13:31),nan,nan,nan,nan,nan,nan,Only Export | OnlyExport.F/WatKDSon20(09:10).ETAatSandheadson 21(22:00) | OnlyExport.F/WatKDSon20(09:10).ReportedatSandheadson 21(22:06).Vessellatefortideon21(Night)tide.Vesselcalledin Day tide on date,,,,,,,,,,
HAL12501743::SOL STRIDE,HAL12501743,SOL STRIDE,2026-01-20,2026-01-22,3,149.60,8.20,Container,nan,Transworld Global Logistics,Slot Charterers,Not Ready,ETA-27th,NA,NA,Nil,NA,NA,nan,nan,nan,nan,nan,nan,Only Import,11,27/01/26 05:55,,11,27/01/26 15:20,27/01/26 20:00,,,,
HAL12501717::SSL SABARIMALAI,HAL12501717,SSL SABARIMALAI,2026-01-16,2026-01-22,6,143.15,6.50,Container,nan,Unifeeder Agencies,Slot Charterers,Ready,Ex KDS-24th,NA,NA,26 Boxes,NA,NA,nan,nan,nan,nan,nan,nan,Only Export,,,,4A,26/01/26 10:00,26/01/26 22:15,,,,
HAL12501739::ASTARTE,HAL12501739,ASTARTE,2026-01-20,2026-01-27,4,229.00,8.40,Limestone & Pyroxenite,nan,TMILL,Tata Steel/TMILL,20(12:30),26(17:30),26(17:30),26(17:30),"33,968",NA,NA,nan,nan,nan,nan,nan,nan,Vessel called in Day tide on date,13,27/01/26 19:05,,12,30/01/26 04:40,31/01/26 11:50,BERTH-13,BERTH-12,27/01/26 23:24,28/01/26 00:10
HAL12501759::BW BIRCH,HAL12501759,BW BIRCH,2026-01-27,2026-01-27,1,225.48,7.90,nan,PROPANE-(I)-9443 BUTANE-(I)-9065,ATLANTIC GLOBAL,IOCL,nan,nan,nan,nan,nan,nan,nan,23(11:30),23(08:32),23(11:30),27,IOPPL,HOJ-I/HOJ-II B-16(O)/17(O),Vessel called at B/16(O),HOJ-I,27/01/26 17:18,27/01/26 21:20,HOJ-I,28/01/26 18:30,29/01/26 04:24,,,,
HAL12501749::BW ELM,HAL12501749,BW ELM,2026-01-27,2026-01-27,1,225.48,8.10,nan,PROPANE-(I)-11000 BUTANE-(I)-11000,ATLANTIC GLOBAL,HPCL,nan,nan,nan,nan,nan,nan,nan,25(08:36),21(11:26),25(08:36),HOJ-I=38 HOJ-II=34,AEGIS,HOJ-I/HOJ-II B-16(O)/17(O),Vessel called at B/17(O),HOJ-II,27/01/26 17:12,27/01/26 19:30,HOJ-II,28/01/26 22:54,29/01/26 04:48,,,,
HAL12501755::NEXUS VICTORIA,HAL12501755,NEXUS VICTORIA,2026-01-27,2026-01-27,1,228.00,8.00,nan,NAPHTHA-(I)-29000,INTEROCEAN SHIPPING,HPL,nan,nan,nan,nan,nan,nan,nan,25(05:18),24(15:03),25(05:18),HOJ-I=36 HOJ-II & HOJ - III=28,HPL,HOJ-I/HOJ-II/HOJ-III B-16(O)/17(O)/18(O),1. STS opration with Daughter vessel M.T. SANMAR SNEHA commence at 25(16:30) and Completed on 26(04:42) at Sandheads. 2. Vessel called at B/18(O),HOJ-III,27/01/26 18:00,,HOJ-III,28/01/26 18:00,29/01/26 05:06,,,,
HAL12501714::SOL PURPOSE,HAL12501714,SOL PURPOSE,2026-01-16,2026-01-27,7,149.60,8.20,Container,nan,Transworld Global Logistics,Slot Charterers,23(16:40),26(22:24),26(22:24),NA,275 Boxes,344 TEUs,24(11:20),nan,nan,nan,nan,nan,nan,Only Import | Vessel called in Day tide on date,11,27/01/26 21:05,,11,28/01/26 07:20,28/01/26 14:45,,,,
HAL12501706::ZHE HAI 363,HAL12501706,ZHE HAI 363,2026-01-27,2026-01-27,1,189.99,7.70,Manganese Ore,nan,Seahorse Ship Agencies,Various/MHC,24(12:49),26(04:30),26(04:30),26(04:30),"18,000",NA,22(10:17),nan,nan,nan,nan,nan,nan,Inside Dock,3,27/01/26 07:18,27/01/26 18:30,2,28/01/26 17:05,28/01/26 22:10,BERTH-3,BERTH-2,27/01/26 12:00,27/01/26 19:40
HAL12501768::MOTARO,HAL12501768,MOTARO,2026-01-27,2026-01-28,2,228.99,8.09,Steam Coal,nan,Seatrans Shipmanagement,Narsingh Mercantile/MHC,27(16:11),28(03:48),28(03:48),28(03:48),"34,000",NA,27(17:32),nan,nan,nan,nan,nan,nan,Vessel neaped on 29(Day),13,28/01/26 20:06,28/01/26 21:10,13,30/01/26 02:00,30/01/26 06:10,,,,
HAL12501750::SANMAR SNEHA,HAL12501750,SANMAR SNEHA,2026-01-27,2026-01-28,2,200.00,8.00,nan,NAPHTHA-(I)-25935,ATLANTIC GLOBAL,HPL,nan,nan,nan,nan,nan,nan,nan,22(03:30),24(15:11),24(15:11),HOJ-I=32 HOJ-II & III=25,HPL,HOJ-I/HOJ-II/HOJ-III B-16(O)/17(O)/18(O),1. STS opration with Mother vessel M.T. NEXUS VICTORIA commence at 25(16:30) and Completed on 26(04:42) at Sandheads. 2. Vessel neaped on 29th Jan'2026. | STS opration with Mother vessel M.T. NEXUS VICTORIA commence at 25(16:30) and Completed on 26(04:42) at Sandheads.,HOJ-III,29/01/26 08:06,29/01/26 08:48,HOJ-III,30/01/26 04:36,30/01/26 05:42,,,,
HAL12501747::YU TONG,HAL12501747,YU TONG,2026-01-27,2026-01-28,2,138.80,8.00,nan,PARAXYLENE-(I)-10327,ATLANTIC GLOBAL,MCPI,nan,nan,nan,nan,nan,nan,nan,26(16:18),24(21:33),27(16:18),29,MCPI,HOJ-I & OT-II B-16(O)& OT-II,"Seniority at par with category 4 vessels, as vessel is waiting for more than 24 hours.",HOJ-I,29/01/26 08:05,29/01/26 10:20,HOJ-I,30/01/26 08:20,31/01/26 07:00,,,,
HAL12501746::HUDSON TRADER,HAL12501746,HUDSON TRADER,2026-01-21,2026-01-29,5,229.00,8.40,Coking Coal,nan,Benline Agencies,Tata Steel/MHC,24(14:13),27(12:06),27(12:06),27(12:06),"34,500",NA,NA,nan,nan,nan,nan,nan,nan,"To lighten 20,000 MT at Sagar | To lighten 20,000 MT at Sandheads | To lighten 16,095 MT at Sandheads | Lightening16,095MTatSandheads.(BOB-11,695MT).After lightening,expecteddraftwouldbe8.40Mtrs.asconfirmedby Agent. Vessel called in Day tide on date | Lightened16,095MTatSandheads.Vesselwascalledin28(Day) tidebutcouldnotsuppliedduetolatecompletionatSandheads. at Sandheads on 29(00:15). Vessel called in Night tide on date",8,29/01/26 22:30,29/01/26 23:50,8,31/01/26 11:15,01/02/26 01:40,BERTH-8,BERTH-12,31/01/26 17:15,
HAL12501738::MARITIME ROSEMARY (COASTAL),HAL12501738,MARITIME ROSEMARY (COASTAL),2026-01-20,2026-01-29,4,180.00,8.30,nan,HSD-(I)-16367 MS-(I)-4069,ATLANTIC GLOBAL,RELIANCE INDUSTRIES,nan,nan,nan,nan,nan,nan,nan,25(11:00),24(09:09),27(11:00),38,RELIANCE INDUSTRIES,HOJ-III B-18(O),"Ullage confirmation & Readiness Documents are awaited. | 1. Seniority at par with category 4 vessels, as vessel is waiting for more than 48 hours. 2. Vessel neaped on 29th Jan'2026.",,,,,,,,,,
HAL12501736::MSC ALIZEE III,HAL12501736,MSC ALIZEE III,2026-01-18,2026-01-29,8,208.30,8.40,Containers,nan,MSC Agency,Slot Charterers,28(19:12),ETA-29(13:30),NA,NA,831 Boxes,"1,528 TEUs",28(15:36),nan,nan,nan,nan,nan,nan,Vessel neaped in all Day tides from 29th to 31st | Vessel neaped on 29(Day) & 30(Day) | Vessel neaped on 29(Day). Vessel called in Night tide on date,10,30/01/26 01:15,30/01/26 01:30,10,01/02/26 17:05,01/02/26 17:30,,,,
HAL12501785::MV MSC RIONA,HAL12501785,MV MSC RIONA,2026-01-28,2026-01-29,2,184.10,7.10,Container,nan,MSC Agency,Slot Charterers,Not Ready,ETA-30(06:00),NA,NA,Nil,NA,NA,nan,nan,nan,nan,nan,nan,Vessel neaped on 30(Day),,,,,,,,,,
HAL12501798::SEA HOPE,HAL12501798,SEA HOPE,2026-01-29,2026-01-29,1,229.00,8.42,PCI Coal,nan,Eveready Shipping,SAIL/ISPHL,BOT Berth,ETA-30(20:00),NA,NA,"33,000",NA,NA,nan,nan,nan,nan,nan,nan,,,,,,,,,,,
HAL12501769::DING HENG 38,HAL12501769,DING HENG 38,2026-01-27,2026-01-30,4,164.34,8.50,nan,PARAXYLENE-(I)-14272,ATLANTIC GLOBAL,MCPI,nan,nan,nan,nan,nan,nan,nan,26(14:12),25(18:48),27(14:12),38,MCPI,HOJ-I & OT-II B-16(O)& OT-II,"Vessel neaped on 29th & 30th Jan'2026(Day Tide). Vessel neaped on 27th & 28th Jan'2026(Night Tide). | 1. Seniority at par with category 4 vessels, as vessel is waiting for more than 24 hours. 2. Vessel neaped on 29th & 30th Jan'2026(Day Tide). Vessel neaped on 27th & 28th Jan'2026(Night Tide). | 1. Seniority at par with category 4 vessels, as vessel is waiting for more than 24 hours. 2. Vessel neaped on 29th & 30th Jan'2026(Day Tide). | 1. Seniority at par with category 4 vessels, as vessel is waiting for more than 24 hours. 2. Vessel neaped on 30th Jan'2026(Day Tide).",TERMINAL,31/01/26 10:42,31/01/26 14:12,TERMINAL 2,01/02/26 15:30,02/02/26 09:00,,,,
HAL12501741::HELLAS HERCULES,HAL12501741,HELLAS HERCULES,2026-01-20,2026-01-30,5,225.12,8.19,nan,PROPANE-(I)-9570 BUTANE-(I)-10731,GAC SHIPPING,IOCL,nan,nan,nan,nan,nan,nan,nan,23(12:42),24(10:03),24(10:03),31,IOPPL,HOJ-I/HOJ-II B-16(O)/17(O),Ullage confirmation & Readiness Documents are awaited. | Vessel neaped on 29th Jan'2026.,HOJ-I,31/01/26 10:36,31/01/26 12:18,HOJ-I,01/02/26 16:00,01/02/26 20:06,,,,
HAL12501785::MSC RIONA,HAL12501785,MSC RIONA,2026-01-30,2026-01-30,1,184.10,7.10,Container,nan,MSC Agency,Slot Charterers,29(17:36),30(02:30),30(02:30),NA,223 Boxes,240 TEUs,29(16:15),nan,nan,nan,nan,nan,nan,Vessel called in Day tide on date,4A,30/01/26 14:15,,11,31/01/26 02:15,31/01/26 04:30,BERTH-4A,BERTH-11,30/01/26 16:40,30/01/26 17:35
HAL12501770::SM ROBERTS BANK,HAL12501770,SM ROBERTS BANK,2026-01-27,2026-01-30,4,229.00,8.00,Coking Coal,nan,Eveready Shipping,Trafigura India/MHC,28(12:28),29(06:30),29(06:30),29(06:30),"31,501",NA,28(14:40),nan,nan,nan,nan,nan,nan,Late for tide on 29(Day) Tide | Vessel was late for tide on 29(Day) Tide. Vessel called in Day tide on date,2,30/01/26 10:48,30/01/26 12:00,12,31/01/26 19:45,01/02/26 03:50,BERTH-2,BERTH-3,31/01/26 20:50,
HAL12501773::YU XIAO 10,HAL12501773,YU XIAO 10,2026-01-27,2026-01-30,4,228.99,7.61,Coking Coal,nan,Eveready Shipping,JAI Balaji Industries /MHC,24(16:04),29(07:18),29(07:18),29(07:18),"30,000",NA,26(10:47),nan,nan,nan,nan,nan,nan,Reporting time as per Agent | Vessel called in Day tide on date,13,30/01/26 12:36,30/01/26 14:10,3,01/02/26 00:30,01/02/26 06:35,,,,
HAL12501786::GEODREAM,HAL12501786,GEODREAM,2026-01-28,2026-01-31,4,199.98,7.78,Dolomite,nan,TMILL,Tata Steel/MHC,28(17:12),30(13:18),30(13:18),30(13:18),"28,500",NA,NA,nan,nan,nan,nan,nan,nan,Importer is not willing to work at B/9 (erstwhile B/8),2,01/02/26 01:00,01/02/26 02:15,2,02/02/26 02:35,02/02/26 08:00,,,,
HAL12501802::SEA HOPE,HAL12501802,SEA HOPE,2026-01-30,2026-01-31,2,229.00,8.38,PCI Coal,nan,Eveready Shipping,SAIL/MHC,Not Ready,31(06:36),NA,NA,"33,000",NA,NA,nan,nan,nan,nan,nan,nan,VesselswappedfromBOTBerthtoPortBerth.Reportingtimeas per Agent,8,31/01/26 23:30,01/02/26 00:35,8,03/02/26 03:25,03/02/26 06:50,,,,
HAL12501767::SSL THAMIRABARANI,HAL12501767,SSL THAMIRABARANI,2026-01-27,2026-01-31,5,142.70,7.40,Container,nan,Unifeeder Agencies,Slot Charterers,30(16:16),ETA-31(11:00),NA,NA,385 Boxes,600 TEUs,NA,nan,nan,nan,nan,nan,nan,,11,01/02/26 03:30,01/02/26 03:45,11,02/02/26 01:15,02/02/26 05:15,,,,
HAL12501708::AQUARIUS CONFIDENCE,HAL12501708,AQUARIUS CONFIDENCE,2026-01-15,2026-02-01,12,199.99,8.30,Manganese Ore,nan,GAC Shipping,Various/MHC,19(14:57),18(22:30),19(14:57),19(14:57),"29,100",NA,18(18:12),nan,nan,nan,nan,nan,nan,"N/A | To lighten 32,200 MT at Sandheads | Lightening 32,200 MT at Sandheads. C/W at Sandheads on 20(06:05) | Lightening 32,200 MT at Sandheads. (BOB - 27,715 MT) | Lightening 32,200 MT at Sandheads. (BOB - 24,150 MT) | Lightening32,200MTatSandheads.(BOB-4,720MT).After lightening,expecteddraftwouldbe8.30Mtrs.asconfirmedby Agent | Lightening32,200MTatSandheads.(BOB-1,105MT).After lightening,expecteddraftwouldbe8.30Mtrs.asconfirmedby Agent. Vessel called in Day tide on date | Lightened32,200MTatSandheads.Vesselwascalledin28(Day) tidebutcouldnotsuppliedduetolatecompletionatSandheads. F/WatSandheadson28(14:30).Vesselneapedon29(Day)& 30(Day) | Lightened32,200MTatSandheads.Vesselcouldnotsuppliedin 28(Day) tide due to late completion at Sandheads. F/W at Sandheads on 28(14:30). Vessel was neaped on 29(Day) & 30(Day) tide. | Lightened32,200MTatSandheads.Vesselcouldnotsuppliedin 28(Day) tide due to late completion at Sandheads. F/W at Sandheads on 28(14:30). Vessel was neaped on 29(Day) & 30(Day)tide.VesselcalledinDaytideondatebutcouldnot supplied due to Marine Constraint | Lightened32,200MTatSandheads.Vesselcouldnotsuppliedin 28(Day) tide due to late completion at Sandheads. F/W at Sandheads on 28(14:30). Vessel was neaped on 29(Day) & 30(Day)tide.Vesselwascalledin31(Day)tidebutcouldnot suppliedduetoMarineConstraint.VesselcalledinDaytideon date",13,01/02/26 14:30,01/02/26 16:30,13,03/02/26 02:50,03/02/26 05:05,,,,
HAL12501758::BW LEO,HAL12501758,BW LEO,2026-01-27,2026-02-01,6,225.16,8.20,nan,PROPANE-(I)-11500 BUTANE-(I)-11500,WILHELMSEN,HPCL,nan,nan,nan,nan,nan,nan,nan,27(13:54),27(14:34),27(14:34),HOJ-I=40 HOJ-II=36,AEGIS,HOJ-I/HOJ-II B-16(O)/17(O),Ullage confirmation & Readiness Documents are awaited. | Vessel called in Day tide on date at B/17(O),HOJ-II,01/02/26 11:30,01/02/26 13:30,HOJ-II,02/02/26 18:18,03/02/26 08:48,,,,
HAL12501805::CAPTAIN ANTONIS,HAL12501805,CAPTAIN ANTONIS,2026-01-30,2026-02-01,3,228.99,7.94,Coking Coal,nan,J M Baxi Marine Services,SAIL/ISPHL,BOT Berth,01(00:36),01(00:36),01(00:36),"33,000",NA,NA,nan,nan,nan,nan,nan,nan,Vessel called in Day tide on date,4A,01/02/26 12:54,01/02/26 13:45,4A,03/02/26 15:15,03/02/26 16:50,,,,
HAL12501774::FALCON TRADER,HAL12501774,FALCON TRADER,2026-01-27,2026-02-01,5,199.90,7.76,Manganese Ore,nan,Wilhelmsen Port Services,Various/MHC,29(17:32),31(00:54),31(00:54),31(00:54),"22,120",NA,NA,nan,nan,nan,nan,nan,nan,,9,01/02/26 23:54,02/02/26 01:45,2,05/02/26 23:45,06/02/26 08:05,,,,
HAL12501740::REIMEI,HAL12501740,REIMEI,2026-01-20,2026-02-01,7,226.00,8.40,nan,PROPANE-(I)-11981 BUTANE-(I)-12581,ATLANTIC GLOBAL,BPCL,nan,nan,nan,nan,nan,nan,nan,24(00:24),26(13:01),26(13:01),36,BPCL,HOJ-III B-18(O),Ullage confirmation & Readiness Documents are awaited. | Vessel neaped on 29th & 30th Jan'2026. | Vessel neaped on 30th Jan'2026. | Vessel called in Day tide on date at B/18(O),HOJ-III,01/02/26 11:24,01/02/26 13:42,HOJ-III,02/02/26 21:24,03/02/26 09:00,,,,
HAL12501760::TBC BADRINATH,HAL12501760,TBC BADRINATH,2026-01-27,2026-02-01,6,181.00,7.60,Rock Phosphate,nan,Alap Carriers,Various/TMILL,28(11:30),30(05:30),30(05:30),03(05:30),"20,000",NA,28(18:27),nan,nan,nan,nan,nan,nan,,12,02/02/26 01:18,02/02/26 03:00,12,03/02/26 16:55,04/02/26 03:10,BERTH-12,BERTH-4A,03/02/26 20:00,03/02/26 22:50
HAL12501772::XIN LONG YUN 58,HAL12501772,XIN LONG YUN 58,2026-01-27,2026-02-01,6,166.23,8.30,Container,nan,Far Shipping,Slot Charterers,30(10:18),01(02:00),01(02:00),NA,332 Boxes,536 TEUs,30(10:05),nan,nan,nan,nan,nan,nan,Only Import | Only Import. Vessel called in Day tide on date,10,01/02/26 18:55,01/02/26 19:10,10,02/02/26 07:35,02/02/26 15:55,,,,
HAL12501807::EFFY N,HAL12501807,EFFY N,2026-01-31,2026-02-02,3,190.00,8.00,Limestone,nan,Bothra Shipping Services,SAIL/MHC,Not Ready,ETA-05th,NA,NA,"27,000",NA,NA,nan,nan,nan,nan,nan,nan,"As per Agent, the voyage of the vessel may be cancelled",,,,,,,,,,
HAL12501742::ESCADA,HAL12501742,ESCADA,2026-01-20,2026-02-02,10,154.00,8.50,Container,nan,Samsara Shipping,Slot Charterers,Not Ready,ETA-02(16:00),NA,NA,Nil,NA,NA,nan,nan,nan,nan,nan,nan,Only Import | Only Import. Vessel neaped in all Night Tides,10,03/02/26 01:45,,10,03/02/26 11:30,03/02/26 21:10,,,,
HAL12501720::ORCHARD STAR,HAL12501720,ORCHARD STAR,2026-01-16,2026-02-02,13,158.56,5.00,Container,nan,Far Shipping,Slot Charterers,Ready,Ex KDS-01st,30(09:30),NA,317 Boxes,450 TEUs,31(17:19),nan,nan,nan,nan,nan,nan,Only Export | Only Export. F/W at KDS 30(09:30) | OnlyExport.F/WatKDS30(09:30).ReportedatSandheadson 01(21:42). Vessel called in Day tide on date,11,02/02/26 17:15,03/02/26 02:00,11,03/02/26 08:30,03/02/26 18:15,,,,
HAL12501724::ORCHID ISLAND,HAL12501724,ORCHID ISLAND,2026-01-16,2026-02-02,11,229.00,8.06,Coking Coal & Met Coal,nan,Interocean Shipping,Various/MHC,31(14:50),18(00:18),31(14:50),31(14:50),"30,400",NA,16(19:28),nan,nan,nan,nan,nan,nan,Reporting time as per Agent | Vessel neaped on 28(Day) | Vessel neaped on 29(Day) | Vessel neaped on 29(Day). Vessel called in Day tide on date,2,02/02/26 13:12,02/02/26 14:40,4A,04/02/26 03:50,04/02/26 06:20,,,,
HAL12501789::PEBBLES (COASTAL),HAL12501789,PEBBLES (COASTAL),2026-01-28,2026-02-02,6,129.20,6.20,nan,LUBE OIL-(E)-10000,ATLANTIC GLOBAL,IOCL,nan,nan,nan,nan,nan,nan,nan,27(08:48),27(16:35),27(16:35),48,IOCL,HOJ-I B-16(O),Vessel Declared on 27(16:35). | Vessel declared on 27(16:35). | 1. Vessel declared on 27(16:35). 2. Vessel called at B/16(O),,,,,,,,,,
HAL12501800::SEA PEARL,HAL12501800,SEA PEARL,2026-02-01,2026-02-02,2,189.99,7.95,Metallurgical Coke,nan,Seatrans Shipmanagement,KIC Metaliks/MHC,30(15:16),01(03:45),01(03:45),01(03:45),"27,500",NA,30(15:03),nan,nan,nan,nan,nan,nan,Vessel called in Day tide on date,3,02/02/26 15:10,02/02/26 17:45,2,04/02/26 22:40,05/02/26 01:15,BERTH-3,BERTH-8,03/02/26 09:00,03/02/26 09:40
HAL12501814::W-ORIGINAL,HAL12501814,W-ORIGINAL,2026-02-01,2026-02-02,2,229.00,8.50,Limestone,nan,TMILL,Tata Steel/TMILL,Not Ready,ETA-05(18:00),NA,NA,"31,500",NA,NA,nan,nan,nan,nan,nan,nan,,,,,,,,,,,
HAL12501803::BW CHINOOK,HAL12501803,BW CHINOOK,2026-01-30,2026-02-03,5,226.00,8.50,nan,PROPANE-(I)-11089 BUTANE-(I)-9425,ATLANTIC GLOBAL,IOCL,nan,nan,nan,nan,nan,nan,nan,01(16:18),02(07:19),02(07:19),30,IOPPL,HOJ-I/HOJ-II B-16(O)/17(O),Ullage confirmation & Readiness Documents are awaited. | Vessel called at B/17(O),HOJ-II,03/02/26 12:42,03/02/26 14:36,12,04/02/26 19:06,05/02/26 10:30,,,,
HAL12501753::CHS COLOMBO,HAL12501753,CHS COLOMBO,2026-01-21,2026-02-03,10,150.73,6.50,Container,nan,MSC Agency,Slot Charterers,Not Ready,Ex KDS-09th,NA,NA,Nil,NA,NA,nan,nan,nan,nan,nan,nan,,,,,,,,,,,
HAL12501766::FORTUNE,HAL12501766,FORTUNE,2026-02-03,2026-02-03,1,156.70,7.40,CPO,nan,Seaport Services,AWL Agri Business,31(09:40),31(07:12),31(09:40),05(09:40),"12,000",NA,NA,nan,nan,nan,nan,nan,nan,Vessel is acceptable on 03(Night) Tide,7,04/02/26 02:00,,7,06/02/26 09:54,06/02/26 20:15,,,,
HAL12501788::KEN VOYAGER,HAL12501788,KEN VOYAGER,2026-01-28,2026-02-03,3,183.00,6.36,Hot Rolled Steel in Coil,nan,J M Baxi Marine Services,Various/TMILL,29(10:00),30(08:15),30(08:15),07(08:15),"7,661",NA,NA,nan,nan,nan,nan,nan,nan,Vesselwascalledin31(Day)tidebutcouldnotsupplieddueto Marine Constraint. | Vesselwascalledin31(Day)tidebutcouldnotsupplieddueto Marine Constraint. Vessel called in Day tide on date,3,03/02/26 17:00,04/02/26 05:12,12,04/02/26 10:15,04/02/26 21:15,BERTH-3 | BERTH-12,BERTH-12 | BERTH-2,03/02/26 21:06 | 04/02/26 11:35,
HAL12501825::UACC MARAH (COASTAL),HAL12501825,UACC MARAH (COASTAL),2026-02-03,2026-02-03,1,183.00,7.80,nan,HSD-(I)-15407 MS-(I)-2227,ATLANTIC GLOBAL,RELIANCE INDUSTRIES,nan,nan,nan,nan,nan,nan,nan,ETA-03(17:00),02(19:49),ETA-03(17:00),N/A,RELIANCE INDUSTRIES,HOJ-III B-18(O),,,,,,,,,,,
HAL12501816::XIN HAI TONG 812,HAL12501816,XIN HAI TONG 812,2026-02-01,2026-02-03,3,229.00,8.17,Metallurgical Coke,nan,Seatrans Shipmanagement Services,"Neo MetalikS, Ramsarup Industries, Shyam Sel And Power/MHC",02(12:08),03(06:12),03(06:12),03(06:12),"33,000",NA,NA,nan,nan,nan,nan,nan,nan,Reporting time as per Agent. Vessel called in Day tide on date,13,03/02/26 14:12,03/02/26 15:30,13,05/02/26 11:00,05/02/26 18:20,BERTH-13,BERTH-2,05/02/26 16:30,
HAL12501790::BD 51,HAL12501790,BD 51,2026-02-02,2026-02-04,3,106.84,6.70,Bitumen,nan,Marinelinks Shipping Agencies,HPCL,03(11:40),03(23:54),03(23:54),NA,"5,000",NA,03(18:30),nan,nan,nan,nan,nan,nan,Coastal | Coastal. Vessel called in Day tide on date,6,04/02/26 17:30,04/02/26 21:54,9,06/02/26 04:00,06/02/26 16:25,,,,
HAL12501808::HONG BO 18,HAL12501808,HONG BO 18,2026-02-03,2026-02-04,2,121.52,8.20,CDSBO,nan,Atlantic Global Shipping,Emami Agrotech,02(17:14),02(05:18),02(17:14),07(17:14),"9,976",NA,03(13:48),nan,nan,nan,nan,nan,nan,Vessel called in Day tide on date,TERMINAL,04/02/26 13:06,04/02/26 17:24,TERMINAL 2,06/02/26 22:30,07/02/26 10:42,,,,
HAL12501782::LOCOMOTION,HAL12501782,LOCOMOTION,2026-01-27,2026-02-04,5,179.97,6.77,HR Coil,nan,Parekh Marine Services,Rajesh Metal Crafts/TMILL,30(12:00),01(07:30),01(07:30),09(07:30),"5,130",NA,01(16:27),nan,nan,nan,nan,nan,nan,Vessel called in Day tide on date,12,04/02/26 14:54,04/02/26 17:50,8,05/02/26 04:30,05/02/26 10:00,,,,
HAL12501818::PROSPER (COASTAL),HAL12501818,PROSPER (COASTAL),2026-02-01,2026-02-04,4,128.60,6.20,nan,LUBE OIL-(E)-10000,ATLANTIC GLOBAL,IOCL,nan,nan,nan,nan,nan,nan,nan,29(17:48),31(16:46),31(16:46),48,IOCL,HOJ-I B-16(O),Vessel declared on 31(16:46). | 1. Vessel declared on 31(16:46). 2. Vessel called at B/16(O),,,,,,,,,,
HAL12501804::SINAR MENDAWAI,HAL12501804,SINAR MENDAWAI,2026-02-04,2026-02-04,1,145.53,6.00,Palm Fatty Acid Distillate & Palm Stearin,nan,Seaport Services,Emami Agrotech,04(09:42),02(04:48),04(09:42),09(09:42),"8,000",NA,NA,nan,nan,nan,nan,nan,nan,Only Export,5,05/02/26 01:36,,5,09/02/26 13:00,09/02/26 18:30,,,,
HAL12501821::SLOMAN THETIS,HAL12501821,SLOMAN THETIS,2026-02-03,2026-02-04,2,171.20,8.10,CBFS,nan,Interocean Shipping,PCBL Chemical,Not Ready,ETA-06th,NA,NA,"17,500",NA,NA,nan,nan,nan,nan,nan,nan,,7,07/02/26 05:00,,7,08/02/26 10:40,08/02/26 10:50,,,,
HAL12501829::THE PROSPECTOR,HAL12501829,THE PROSPECTOR,2026-02-04,2026-02-04,1,133.35,8.70,Bitumen,nan,Interocean Shipping,HPCL & Jalnidhi Bitumen,Not Ready,ETA-05(05:00),NA,NA,"13,305",NA,NA,nan,nan,nan,nan,nan,nan,Vessel neaped in all Night Tides,4B,07/02/26 17:00,07/02/26 20:30,2,11/02/26 18:25,11/02/26 22:50,BERTH-4B,BERTH-7,08/02/26 17:18,08/02/26 20:24
HAL12501813::XIN AO TAI 1,HAL12501813,XIN AO TAI 1,2026-02-04,2026-02-04,1,145.50,8.70,CPO,nan,Atlantic Global Shipping,Gokul Agro Resources,03(10:19),02(06:18),03(10:19),08(10:19),"14,423",NA,03(15:32),nan,nan,nan,nan,nan,nan,Vessel neaped in all Night Tides. Vessel called in Day tide on date,4,04/02/26 17:30,04/02/26 20:54,4,07/02/26 05:54,07/02/26 07:10,,,,
HAL12501794::BW BREEZE,HAL12501794,BW BREEZE,2026-01-29,2026-02-05,8,226.00,8.40,nan,PROPANE-(I)-11953 BUTANE-(I)-10750,INTEROCEAN SHIPPING,BPCL,nan,nan,nan,nan,nan,nan,nan,29(00:24),03(20:30),03(20:30),36,BPCL,HOJ-III B-18(O),Ullage confirmation & Readiness Documents are awaited. | 1. Vessel neaped on 30th Jan'2026. 2. Ullage confirmation & Readiness Documents are awaited. | Vessel called at B/18(O),HOJ-III,05/02/26 14:06,05/02/26 17:48,HOJ-III,07/02/26 04:48,07/02/26 11:00,,,,
HAL12501784::DS PANTHER,HAL12501784,DS PANTHER,2026-01-28,2026-02-05,9,128.60,8.20,nan,PARAXYLENE-(I)-10385,SAMUDRA MARINE,MCPI,nan,nan,nan,nan,nan,nan,nan,04(20:50),04(08:58),04(20:50),29,MCPI,HOJ-I & OT-II B-16(O)& OT-II,Ullage confirmation & Readiness Documents are awaited. | Vessel called at B/2,2,06/02/26 02:00,06/02/26 04:36,2,07/02/26 00:30,07/02/26 04:30,,,,
HAL12501776::FRITZI N,HAL12501776,FRITZI N,2026-01-27,2026-02-05,10,225.29,8.20,nan,PROPANE-(I)-11250 BUTANE-(I)-11250,SEAWORLD SHIPPING,HPCL,nan,nan,nan,nan,nan,nan,nan,31(11:24),03(09:03),03(09:03),HOJ-I=40 HOJ-II=36,AEGIS,HOJ-I/HOJ-II B-16(O)/17(O),Ullage confirmation & Readiness Documents are awaited. | Vessel called at B/17(O),HOJ-II,05/02/26 13:00,05/02/26 15:00,HOJ-II,06/02/26 21:12,06/02/26 22:50,,,,
HAL12501824::KATERINA III,HAL12501824,KATERINA III,2026-02-03,2026-02-05,3,225.00,8.50,Metallurgical Coke,nan,Eveready Shipping Agencies,"Rashmi Metaliks, Rashmi Cement & Orissa Alloy Steel/MHC",04(16:07),04(18:18),04(18:18),04(18:18),"34,100",NA,03(17:49),nan,nan,nan,nan,nan,nan,Vessel called in Day tide on date,13,05/02/26 17:18,05/02/26 21:00,HOJ-I,07/02/26 23:30,08/02/26 06:50,,,,
HAL12501793::MSC CLEMENTINA F,HAL12501793,MSC CLEMENTINA F,2026-01-29,2026-02-05,8,147.80,8.60,Container,nan,MSC Agency,Slot Charterers,03(16:41),05(06:30),05(06:30),NA,194 Boxes,239 TEUs,04(12:35),nan,nan,nan,nan,nan,nan,Vessel neaped in all Night Tides | Only Import. Vessel neaped in all Night Tides | OnlyImport.VesselneapedinallNightTides.Reportingtimeas per Agent. Vessel called in Day tide on date,11,05/02/26 15:30,05/02/26 15:45,6,06/02/26 01:10,07/02/26 10:00,,,,
HAL12501799::SSL SABARIMALAI,HAL12501799,SSL SABARIMALAI,2026-01-29,2026-02-05,8,143.15,5.30,Container,nan,Unifeeder Agencies,Slot Charterers,Ready,Ex KDS-04th,03(10:20),NA,138 Boxes,200 TEUs,04(09:39),nan,nan,nan,nan,nan,nan,Only Export | Only Export. F/W at KDS on 03(10:20) | OnlyExport.F/WatKDSon03(10:20).ReportedatSandhedason 04(22:00). Vessel called in Day tide on date,10,05/02/26 19:15,05/02/26 20:50,10,06/02/26 09:20,06/02/26 18:25,,,,
HAL12501783::ZUNAIRAH ZARISHA 4,HAL12501783,ZUNAIRAH ZARISHA 4,2026-01-28,2026-02-05,9,82.98,3.20,Container,nan,Everett (India),Slot Charterers,04(16:10),05(01:35),05(01:35),NA,178 Boxes,NA,04(13:59),nan,nan,nan,nan,nan,nan,Vessel called in Day tide on date,10(S),05/02/26 16:00,05/02/26 16:15,10(S),06/02/26 16:00,07/02/26 18:15,BERTH-10(,BERTH-9,06/02/26 23:15,
HAL12501775::GAS EXPLORER,HAL12501775,GAS EXPLORER,2026-01-27,2026-02-06,11,99.98,4.60,nan,BUTADIENE-3150,SAMUDRA MARINE,HPL,nan,nan,nan,nan,nan,nan,nan,01(15:24),29(14:29),06(10:00),20,HPL,HOJ-I B-16(O),"Ullage confirmation & Readiness Documents are awaited. | Seniority at par with category 4 vessels, as vessel is waiting for more than 48 hours. | 1. Seniority at par with category 4 vessels, as vessel is waiting for more than 48 hours. 2. Vessel was called at B/16(O) during 6th Feb'2026 day tide, but could not be supplied due to engine problem. 3. The engine problem rectified at 06(10:00) hrs as per mail received from agent.",HOJ-I,07/02/26 01:48,07/02/26 03:00,9,07/02/26 22:18,07/02/26 22:54,,,,
HAL12501780::SITC CAGAYAN,HAL12501780,SITC CAGAYAN,2026-01-27,2026-02-06,11,188.80,8.50,Container,nan,Eastern Liner Shipping,Slot Charterers,04(15:20),ETA-06(16:00),NA,NA,"1,021 Boxes","1,860 TEUs",04(12:09),nan,nan,nan,nan,nan,nan,536,10,07/02/26 04:15,07/02/26 04:30,10,08/02/26 19:40,08/02/26 20:15,,,,
HAL12501842::SSL THAMIRABARANI,HAL12501842,SSL THAMIRABARANI,2026-02-05,2026-02-06,2,142.70,8.20,Container,nan,Unifeeder Agencies,Slot Charterers,Not Ready,ETA-08th,NA,NA,Nil,NA,NA,nan,nan,nan,nan,nan,nan,"As per Agent, the voyage of the vessel may be cancelled",,,,,,,,,,
HAL12501814::W ORIGINAL,HAL12501814,W ORIGINAL,2026-02-03,2026-02-06,4,229,8.4,Limestone,nan,TMILL,Tata Steel/TMILL,03(12:00),05(23:50),05(23:50),09(23:50),35369,NA,04(17:26),nan,nan,nan,nan,nan,nan,Vessel called in Day tide on date,12,06/02/26 15:42,06/02/26 18:30,12,08/02/26 20:40,08/02/26 23:10,,,,
HAL12501827::AMO 2,HAL12501827,AMO 2,2026-02-03,2026-02-07,5,184.10,8.00,Container,nan,Samsara Shipping,Slot Charterers,06(12:11),ETA-07(22:00),NA,NA,755 Boxes,"1,100 TEUs",06(12:23),nan,nan,nan,nan,nan,nan,,9,08/02/26 05:40,,11,10/02/26 01:50,10/02/26 07:40,BERTH-9,BERTH-11,08/02/26 10:55,08/02/26 11:10
HAL12501812::BW LOYALTY,HAL12501812,BW LOYALTY,2026-02-01,2026-02-07,7,226.00,8.40,nan,PROPANE-(I)-11386 BUTANE-(I)-10864,ATLANTIC GLOBAL,IOCL,nan,nan,nan,nan,nan,nan,nan,05(04:54),04(09:39),05(04:54),32,IOPPL,HOJ-I/HOJ-II B-16(O)/17(O),Ullage confirmation & Readiness Documents are awaited. | Reporting time as per agent. | Vessel called at B/17(O),HOJ-II,07/02/26 14:30,07/02/26 16:54,HOJ-II,08/02/26 20:36,08/02/26 23:24,,,,
HAL12501834::HARI AKASH (COASTAL),HAL12501834,HARI AKASH (COASTAL),2026-02-04,2026-02-07,4,117.27,5.50,nan,HSD-(E)-4700 ATF-(E)-1400,ATLANTIC GLOBAL,IOCL,nan,nan,nan,nan,nan,nan,nan,05(04:30),03(15:56),05(04:30),24,IOCL,HOJ-I B-16(O),Vessel declared on 03(15:56).,,,,,,,,,,
HAL12501765::MSC PAXI II,HAL12501765,MSC PAXI II,2026-01-22,2026-02-07,13,175.00,8.30,Container,nan,MSC Agency,Slot Charterers,03(17:14),07(07:30),07(07:30),NA,225 Boxes,275 TEUs,06(18:58),nan,nan,nan,nan,nan,nan,Only Import | OnlyImport.ReportingtimeasperAgent.VesselcalledinDay tide on date,11,07/02/26 19:30,,11,08/02/26 08:20,08/02/26 09:00,,,,
HAL12501811::PACIFIC WEIHAI,HAL12501811,PACIFIC WEIHAI,2026-02-01,2026-02-07,7,226.05,8.20,nan,PROPANE-(I)-11700 BUTANE-(I)-11763,ATLANTIC GLOBAL,BPCL,nan,nan,nan,nan,nan,nan,nan,31(12:12),06(14:02),06(14:02),36,BPCL,HOJ-III B-18(O),Ullage confirmation & Readiness Documents are awaited. | Vessel neaped from 10th to 14th Feb'2026.,HOJ-III,08/02/26 15:00,08/02/26 18:24,HOJ-III,10/02/26 10:00,10/02/26 11:54,,,,
HAL12501828::ROYAL PERIDOT,HAL12501828,ROYAL PERIDOT,2026-02-03,2026-02-07,5,128.60,8.30,nan,PARAXYLENE-(I)-10485,ISS SHIPPING,MCPI,nan,nan,nan,nan,nan,nan,nan,ETA-07(10:30),06(14:00),ETA-07(10:30),29,MCPI,HOJ-I & OT-II B-16(O)& OT-II,Ullage confirmation & Readiness Documents are awaited. | No update received from the agent.,TERMINAL,08/02/26 14:30,08/02/26 17:18,TERMINAL 2,09/02/26 13:48,09/02/26 23:42,,,,
HAL12501801::SANMAR SNEHA (COASTAL),HAL12501801,SANMAR SNEHA (COASTAL),2026-01-30,2026-02-07,9,200.00,7.20,nan,NAPTHA-(I)-18000,BEN LINE AGENCIES,HPL,nan,nan,nan,nan,nan,nan,nan,05(09:36),31(19:52),05(09:36),HOJ-I=26 HOJ-II & III=20,HPL,HOJ-I/HOJ-II/HOJ-III B-16(O)/17(O)/18(O),Ullage confirmation & Readiness Documents are awaited. | Reporting time as per agent. | Vessel called at B/18(O),,,,,,,,,,
HAL12501852::ALLIANCE,HAL12501852,ALLIANCE,2026-02-06,2026-02-08,3,229.00,8.01,Coking Coal,nan,Gac Shipping,SAIL/ISPHL,BOT Berth,08(00:24),08(00:24),08(00:24),"33,000",NA,07(14:17),nan,nan,nan,nan,nan,nan,Vesselwaslatefortideon07(Night)Tide.VesselcalledinDay tide on date | Vessel was late for tide on 07(Night) Tide. Vessel called in Day tide on date,4A,08/02/26 18:48,08/02/26 19:30,13,10/02/26 22:30,11/02/26 00:10,,,,
HAL12501850::IOLCOS GENESIS,HAL12501850,IOLCOS GENESIS,2026-02-06,2026-02-08,3,235.00,8.13,Limestone,nan,Gac Shipping,SAIL/MHC,Not Ready,07(18:00),NA,NA,"33,000",NA,07(12:03),nan,nan,nan,nan,nan,nan,Vessel called in Day tide on date,2,08/02/26 16:40,08/02/26 17:30,2,10/02/26 05:00,10/02/26 12:00,BERTH-2,BERTH-3,10/02/26 06:20,
HAL12501841::PERSEFS,HAL12501841,PERSEFS,2026-02-05,2026-02-08,4,225.00,7.85,Met Coke & Lam Coke,nan,Seatrans Shipmanagement,Jai Balaji Industries/MHC,06(15:21),08(00:30),08(00:30),08(00:30),"29,385",NA,07(14:24),nan,nan,nan,nan,nan,nan,,8,09/02/26 04:24,09/02/26 05:45,,,,,,,
HAL12501815::SOL FORTUNE,HAL12501815,SOL FORTUNE,2026-02-01,2026-02-08,8,149.60,8.30,Container,nan,Transworld Global Logistics,Slot Charterers,05(13:05),ETA-08(12:00),NA,NA,155 Boxes,200 TEUs,NA,nan,nan,nan,nan,nan,nan,Only Import | OnlyImport.VesselneapedinallDayTidesfrom10thto14th and in all Night tides from 10th to 12th,10,09/02/26 08:00,09/02/26 08:15,10,09/02/26 15:10,09/02/26 16:45,,,,
HAL12501826::STAR MARIELLA,HAL12501826,STAR MARIELLA,2026-02-03,2026-02-08,6,228.99,7.84,Limestone,nan,Netincon Marketing,Ripley & Co Stevedoring/MHC,07(13:16),08(07:42),08(07:42),08(07:42),"33,000",NA,05(16:25),nan,nan,nan,nan,nan,nan,Reporting time as per Agent,13,09/02/26 05:48,,3,10/02/26 16:00,10/02/26 20:20,BERTH-13,BERTH-3,10/02/26 17:40,
HAL12501836::BAHRI ARASCO,HAL12501836,BAHRI ARASCO,2026-02-05,2026-02-09,5,228.99,7.70,Limestone & Pyroxenite,nan,TMILL,Tata Steel/MHC,09(09:47),09(07:30),09(09:47),09(09:47),"29,822",NA,NA,nan,nan,nan,nan,nan,nan,VesselswappedfromTMILLBerthtoPortBerthon08(12:43). Reporting time as per Agent | Vessel swapped from TMILL Berth to Port Berth on 08(12:43). Reporting time as per Agent,2,10/02/26 07:06,10/02/26 08:20,8,11/02/26 05:10,11/02/26 12:20,,,,
HAL12501861::CHOLA INTEGRITY,HAL12501861,CHOLA INTEGRITY,2026-02-09,2026-02-09,1,228.99,7.80,Limestone & Gypsum,nan,Alap Carriers,Parag Vinimay & Palpa Cement/TMILL,07(16:00),ETA-09(19:00),NA,NA,"28,888",NA,08(16:34),nan,nan,nan,nan,nan,nan,,12,10/02/26 05:18,,13,11/02/26 19:40,,,,,
HAL12501832::FUTURE ENERGY,HAL12501832,FUTURE ENERGY,2026-02-04,2026-02-09,5,230.00,7.90,nan,PROPANE-(I)-11439 BUTANE-(I)-11010,ATLANTIC GLOBAL,IOCL,nan,nan,nan,nan,nan,nan,nan,05(06:48),05(09:30),05(09:30),32,IOPPL,HOJ-I/HOJ-II B-16(O)/17(O),Ullage confirmation & Readiness Documents are awaited. | Reporting time as per agent. | Vessel called at B/16(O),HOJ-I,09/02/26 15:42,09/02/26 17:48,4A,10/02/26 21:00,11/02/26 00:40,,,,
HAL12501833::MSC ALIZEE III,HAL12501833,MSC ALIZEE III,2026-02-04,2026-02-09,6,208.30,8.50,Container,nan,MSC Agency,Slot Charterers,Not Ready,ETA-14th,NA,NA,Nil,NA,NA,nan,nan,nan,nan,nan,nan,,,,,,,,,,,
HAL12501777::SOL PIONEER,HAL12501777,SOL PIONEER,2026-01-27,2026-02-09,14,149.60,6.40,Container,nan,Transworld Global Logistics,Slot Charterers,Ready,Ex KDS-08th,07(09:20),NA,153 Boxes,216 TEUs,06(12:57),nan,nan,nan,nan,nan,nan,Only Export | Only Export. F/W at KDS on 07(09:20) | Only Export. F/Wat KDSon07(09:20).Eta atSandheadson 08(23:00) | OnlyExport.F/WatKDSon07(09:20).ReportedatSandheadson 08(23:00). Vessel called in Day tide on date,10,09/02/26 18:15,09/02/26 18:30,10,10/02/26 03:15,10/02/26 09:20,,,,
HAL12501844::SOPRANO SERENE (COASTAL),HAL12501844,SOPRANO SERENE (COASTAL),2026-02-05,2026-02-09,4,179.88,7.90,nan,HSD-(I)-16181 MS-(I)-4127,ATLANTIC GLOBAL,BPCL,nan,nan,nan,nan,nan,nan,nan,03(18:48),04(16:26),04(16:26),HOJ-I&II=28 HOJ-III=36,BPCL,HOJ-I/HOJ-II/HOJ-III B-16(O)/17(O)/18(O),Vessel declared on 04(16:26). | 1. Vessel declared on 04(16:26). 2. Vessel called at B/17(O),,,,,,,,,,
HAL12501772R::XIN LONG YUN 58,HAL12501772R,XIN LONG YUN 58,2026-01-31,2026-02-09,10,166.23,5.80,Container,nan,Far Shipping,Slot Charterers,Ready,Ex KDS-08th,08(01:30),NA,279 Boxes,356 TEUs,NA,nan,nan,nan,nan,nan,nan,Only Export | Only Export. F/W at KDS on 08(01:30) | OnlyExport.F/WatKDSon08(01:30). ReportedatSandheads on 09(00:54),,,,,,,,,,
HAL12501865::AQUAPRIMA,HAL12501865,AQUAPRIMA,2026-02-08,2026-02-10,3,229.00,7.70,Coking Coal,nan,J M Baxi Marine,SAIL/ISPHL,BOT Berth,10(02:12),10(02:12),10(02:12),"33,000",NA,09(18:05),nan,nan,nan,nan,nan,nan,Vessel swapped from Port Berth to BOT Berth. Vessel called in Day tide on date | VesselswappedfromPortBerthtoBOTBerth.Vesselcalledin Day tide on date,5,10/02/26 20:54,10/02/26 22:48,,,,,,,
HAL12501809::CONCARAN,HAL12501809,CONCARAN,2026-02-02,2026-02-10,9,199.98,7.60,Manganese Ore,nan,GAC Shipping,Various/MHC,07(11:55),09(11:00),09(11:00),09(11:00),"26,000",NA,03(14:01),nan,nan,nan,nan,nan,nan,Vessel called in Day tide on date,TERMINAL,10/02/26 16:15,10/02/26 20:18,5,11/02/26 11:30,12/02/26 04:25,BERTH-9,BERTH-2,12/02/26 00:06,12/02/26 00:55
HAL12501819::DH EPOCH,HAL12501819,DH EPOCH,2026-02-03,2026-02-10,7,119.99,6.30,nan,PY GAS-(E)-4100 MS-(E)-6100,SAMUDRA MARINE,HPL,nan,nan,nan,nan,nan,nan,nan,05(23:36),05(17:18),05(23:36),29,HPL,HOJ-1/HOJ-III B-16(O)/18(O),Readiness Documents are awaited. | Vessel called at B/18(O),,,,TERMINAL 2,11/02/26 21:48,12/02/26 03:05,,,,
HAL12501859::KIM OLDENDORFF,HAL12501859,KIM OLDENDORFF,2026-02-07,2026-02-10,4,229.00,7.70,Coking Coal,nan,TMILL,Tata Steel/MHC,09(10:31),10(04:06),10(04:06),10(04:06),"28,500",NA,09(17:25),nan,nan,nan,nan,nan,nan,Vessel called in Day tide on date,9,10/02/26 17:42,10/02/26 19:10,9,11/02/26 21:00,,,,,
HAL12501830::SINGAPORE PIONEER,HAL12501830,SINGAPORE PIONEER,2026-02-03,2026-02-10,7,119.58,8.00,nan,PARAXYLENE-(I)-10070,ATLANTIC GLOBAL,MCPI,nan,nan,nan,nan,nan,nan,nan,08(09:15),09(10:35),10(10:35),28,MCPI,HOJ-I & OT-II B-16(O)& OT-II,Ullage confirmation & Readiness Documents are awaited. | Vessel neaped during 12th & 13th Feb'2026.Day Tide and 10th & 11th Feb'2026 Night Tide. | Vessel called at OT-II,HOJ-III,10/02/26 16:06,10/02/26 18:00,7,11/02/26 08:12,11/02/26 23:40,,,,
HAL12501856::CLIPPER FREEPORT,HAL12501856,CLIPPER FREEPORT,2026-02-07,2026-02-11,4,230.00,7.80,nan,PROPANE-(I)-9000 BUTANE-(I)-9000,ATLANTIC GLOBAL,HPCL,nan,nan,nan,nan,nan,nan,nan,11(09:00),09(09:05),11(09:00),HOJ-I=34 HOJ-II=28,AEGIS,HOJ-I/HOJ-II B-16(O)/17(O),Ullage confirmation & Readiness Documents are awaited. | Vessel neaped on 12th & 13th Feb'2026. | Reporting time as per agent. Vessel called at B/17(O),HOJ-II,11/02/26 18:00,11/02/26 19:30,,,,,,,
HAL12501811R::PACIFIC WEIHAI,HAL12501811R,PACIFIC WEIHAI,2026-02-11,2026-02-11,1,226.05,7.40,nan,PROPANE-(I)-4846.756 BUTANE-(I)-4868.910,ATLANTIC GLOBAL,BPCL,nan,nan,nan,nan,nan,nan,nan,31(12:12),06(14:02),06(14:02),17,BPCL,HOJ-III B-18(O),,,,,,,,,,,
HAL12501863::SAHYADRI,HAL12501863,SAHYADRI,2026-02-07,2026-02-11,4,225.28,7.50,nan,PROPANE-(I)-7785 BUTANE-(I)-7794,ATLANTIC GLOBAL,IOCL,nan,nan,nan,nan,nan,nan,nan,10(10:00),09(15:41),10(10:00),HOJ-I & HOJ-II=21,IOPPL,HOJ-I/HOJ-II B-16(O)/17(O),Ullage confirmation & Readiness Documents are awaited. | Vessel called at B/16(O),HOJ-I,11/02/26 17:42,11/02/26 19:18,,,,,,,
HAL12501864::SHAKESPEARE BAY,HAL12501864,SHAKESPEARE BAY,2026-02-08,2026-02-11,4,175.53,7.70,Lentils,nan,Gac Shipping,Various,10(15:33),08(14:15),10(15:33),14(15:33),"12,307",NA,NA,nan,nan,nan,nan,nan,nan,,,,,5,18/02/26 08:30,18/02/26 21:00,,,,
HAL12501795::SITC PORT KLANG,HAL12501795,SITC PORT KLANG,2026-01-29,2026-02-11,14,188.80,7.70,Container,nan,Eastern Liner Shipping,Slot Charterers,09(17:10),11(08:30),11(08:30),NA,"1,056 Boxes","1,875 TEUs",10(10:40),nan,nan,nan,nan,nan,nan,Reporting time as per Agent. Vessel called in Day tide on date,10,11/02/26 19:50,11/02/26 20:05,,,,,,,
HAL12501855::SSL SABARIMALAI,HAL12501855,SSL SABARIMALAI,2026-02-07,2026-02-11,5,143.15,7.50,Container,nan,Unifeeder Agencies,Slot Charterers,10(00:07),10(23:36),10(23:36),NA,415 Boxes,500 TEUs,10(12:09),nan,nan,nan,nan,nan,nan,Vesselwaslatefortideon10(Night).VesselcalledinDaytideon date,11,11/02/26 22:00,11/02/26 23:05,,,,,,,
HAL12501846::SUBRA,HAL12501846,SUBRA,2026-02-09,2026-02-11,3,199.90,7.15,Manganese Ore,nan,Gac Shipping,Various/MHC,07(17:37),09(22:40),09(22:40),09(22:40),"19,900",NA,07(16:31),nan,nan,nan,nan,nan,nan,Vessel called in Day tide on date,8,11/02/26 20:45,11/02/26 22:25,,,,,,,
HAL12501872::ZUNAIRAH ZARISHA-4,HAL12501872,ZUNAIRAH ZARISHA-4,2026-02-10,2026-02-11,2,82.98,3.50,Container,nan,Evrett (India),Slot Charterers,Not Ready,ETA-16th,NA,NA,Nil,NA,NA,nan,nan,nan,nan,nan,nan,,,,,,,,,,,
HAL12501837::FJ FRESIA,HAL12501837,FJ FRESIA,2026-02-05,2026-02-12,8,228.99,8.00,Limestone & Pyroxenite,nan,TMILL,Tata Steel/TMILL,05(14:00),11(09:06),11(09:06),15(09:06),"33,916",NA,NA,nan,nan,nan,nan,nan,nan,Vessel neaped in all Day Tides from 12th to 14th | VesselneapedinallDayTidesfrom12thto14th.Reportingtime as per Agent | Vessel neaped in all Day Tides from 12th to 14th. Reporting time as per Agent | Vessel called in Night tide on date,,,,12,14/02/26 19:40,15/02/26 02:40,,,,
HAL12501839::MSC ANDREA F,HAL12501839,MSC ANDREA F,2026-02-05,2026-02-12,8,147.82,8.00,Container,nan,MSC Agency,Slot Charterers,12(09:43),12(01:12),12(09:43),NA,158 Boxes,280 TEUs,NA,nan,nan,nan,nan,nan,nan,Vessel neaped on 12(Day) & 13(Day) | Vessel neaped on 12(Day) & 13(Day) Tides | Vessel called in Night tide on date,,,,,,,,,,
HAL12501871::SANMAR SWARA (COASTAL),HAL12501871,SANMAR SWARA (COASTAL),2026-02-10,2026-02-12,3,228.49,7.40,nan,HSD-(I)-19132 MS-(E)-5484,ATLANTIC GLOBAL,BPCL,nan,nan,nan,nan,nan,nan,nan,10(01:42),11(11:14),11(11:14),HOJ-I&II=34 HOJ-III=42,BPCL,HOJ-I/HOJ-II/HOJ-III B-16(O)/17(O)/18(O),Ullage confirmation & Readiness Documents are awaited.,,,,,,,,,,
HAL12501874::SANTORINI,HAL12501874,SANTORINI,2026-02-11,2026-02-12,2,229.00,7.60,Coking Coal,nan,Ben Line Agencies,Tata International/MHC,Not Ready,ETA-14(AM),NA,NA,"27,000",NA,NA,nan,nan,nan,nan,nan,nan,,2,14/02/26 23:28,15/02/26 01:01,2,16/02/26 17:10,17/02/26 18:15,,,,
HAL12501831::SOL STRIDE,HAL12501831,SOL STRIDE,2026-02-04,2026-02-12,9,149.60,8.00,Container,nan,Transworld Global Logistics,Slot Charterers,11(18:19),ETA-13(03:00),NA,NA,167 Boxes,279 TEUs,NA,nan,nan,nan,nan,nan,nan,Only Import | Only Import. Vessel neaped on 13(Day) Tide,,,,11,14/02/26 09:05,14/02/26 12:40,,,,
HAL12501845::TOP CONFIDENCE,HAL12501845,TOP CONFIDENCE,2026-02-05,2026-02-12,8,189.95,11.85,Manganese Ore,nan,Seavision Shipping,Various/MHC,09(11:20),09(16:48),09(16:48),09(16:48),"24,300",N/A,08(12:34),nan,nan,nan,nan,nan,nan,"To Lighten at Sandheads 22,200 MT | Lightening at Sandheads 22,200 MT. (BOB - 20,825 MT). Reporting time as per Agent | Lightening at Sandheads 22,200 MT. (BOB - 14,835 MT). Reporting time as per Agent | LighteningatSandheads22,200MT.(BOB-8,865MT).After completionoflighterageopertaionexpecteddraftwouldbe7.90 Mtr.",13,15/02/26 01:30,15/02/26 03:05,,,,,,,
HAL12501867::WHITE CLIFFS,HAL12501867,WHITE CLIFFS,2026-02-10,2026-02-12,3,229.99,7.45,nan,PROPANE-(I)-7717 BUTANE-(I)-10338,GAC SHIPPING,IOCL,nan,nan,nan,nan,nan,nan,nan,ETA-12(23:00),11(09:15),ETA-12(23:00),24,IOPPL,HOJ-I/HOJ-II B-16(O)/17(O),Ullage confirmation & Readiness Documents are awaited.,,,,HOJ-II,14/02/26 11:48,14/02/26 18:15,,,,
HAL12501820::ZHONG CHUAN 701,HAL12501820,ZHONG CHUAN 701,2026-02-03,2026-02-12,9,119.88,5.30,nan,BENZENE-(E)-6300,SAMUDRA MARINE,HPL,nan,nan,nan,nan,nan,nan,nan,09(00:45),07(09:56),09(00:45),20,HPL,HOJ-I B-16(O),Readiness Documents are awaited.,,,,HOJ-I,14/02/26 04:50,14/02/26 06:12,,,,
HAL12501870::BRILIANT TRADER,HAL12501870,BRILIANT TRADER,2026-02-10,2026-02-15,4,229.00,8.05,Coking Coal,nan,TMILL,SAIL/ISPHL,BOT Berth,12(04:54),12(04:54),12(04:54),"32,490",NA,11(14:57),nan,nan,nan,nan,nan,nan,"To Lighten at Sandheads 50,000 MT | Lightened 47,000 MT at Sandheads. F/W at Sanheads on 15(07:00). Vessel was late for tide on 15(Day)",,,,,,,,,,
HAL12501849::JAG VASANT,HAL12501849,JAG VASANT,2026-02-06,2026-02-15,7,230.00,7.90,nan,PROPANE-(I)-9433 BUTANE-(I)-9833,ATLANTIC GLOBAL,BPCL,nan,nan,nan,nan,nan,nan,nan,10(21:30),13(09:57),13(09:57),36,BPCL,HOJ-III B-18(O),Ullage confirmation & Readiness Documents are awaited. | 1. Vessel neaped till 13th Feb'2026. 2. Ullage confirmation & Readiness Documents are awaited. | Vessel called in Day tide on date at B/18(O).,HOJ-III,15/02/26 10:30,15/02/26 11:48,,,,,,,
HAL12501889::NANDA DEVI,HAL12501889,NANDA DEVI,2026-02-12,2026-02-15,2,227.00,8.10,nan,PROPANE-(I)-9695 BUTANE-(I)-9695,ATLANTIC GLOBAL,IOCL,nan,nan,nan,nan,nan,nan,nan,11(16:12),11(17:17),11(17:17),26,IOPPL,HOJ-I/HOJ-II B-16(O)/17(O),Vessel neaped till 14th Feb'2026. | 1. Vessel was neaped till 14th Feb'2026. 2. Vessel called in Day tide on date at B/16(O).,HOJ-I,15/02/26 11:00,15/02/26 12:24,,,,,,,
HAL12501838::PINE GAS,HAL12501838,PINE GAS,2026-02-05,2026-02-15,8,225.27,8.00,nan,PROPANE-(I)-10250 BUTANE-(I)-10250,ATLANTIC GLOBAL,HPCL,nan,nan,nan,nan,nan,nan,nan,09(11:18),04(15:25),09(11:18),HOJ-I=38 HOJ-II=32,AEGIS,HOJ-I/HOJ-II B-16(O)/17(O),Vessel neaped from 11th to 14th Feb'2026. | Vessel neaped till 14th Feb'2026. | 1. Vessel was neaped till 14th Feb'2026. 2. Vessel called in Day tide on date at B/17(O).,HOJ-II,15/02/26 10:36,15/02/26 12:18,,,,,,,
HAL12501848::SOL PURPOSE,HAL12501848,SOL PURPOSE,2026-02-06,2026-02-15,8,149.60,7.80,Container,nan,Transworld Global Logistics,Slot Charterers,11(17:15),14(22:24),14(22:24),NA,90 Boxes,90 TEUs,12(16:51),nan,nan,nan,nan,nan,nan,Only Import | Only Import. Vessel called in Day tide on date,11,15/02/26 14:30,15/02/26 14:45,11,15/02/26 18:30,16/02/26 04:40,,,,
HAL12501900::VISHVA ANAND,HAL12501900,VISHVA ANAND,2026-02-15,2026-02-15,1,229.00,8.10,Coking Coal,nan,The Shipping Corproration,SAIL/MHC,Not Ready,15(01:30),NA,NA,"30,000",NA,14(20:09),nan,nan,nan,nan,nan,nan,Vessel called in Day tide on date,8,15/02/26 13:00,15/02/26 14:05,8,17/02/26 03:00,17/02/26 14:30,,,,
HAL12501909::ETRON,HAL12501909,ETRON,2026-02-15,2026-02-16,2,229.00,8.31,Pci Coal,nan,J M Baxi Marine Services,SAIL/MHC,Not Ready,ETA-16(21:30),NA,NA,30000,NA,NA,nan,nan,nan,nan,nan,nan,Vessel swapped from BOT Berth to Port Berth on 15(11:21),8,17/02/26 15:24,17/02/26 16:00,8,19/02/26 02:15,19/02/26 07:20,,,,
HAL12501866::HONG RUI,HAL12501866,HONG RUI,2026-02-09,2026-02-16,6,99.99,5.80,nan,BUTADIENE-(E)-3150,SAMUDRA MARINE,HPL,nan,nan,nan,nan,nan,nan,nan,11(17:48),12(10:59),14(10:59),20,HPL,HOJ-I B-16(O),"Ullage confirmation & Readiness Documents are awaited. | 1. Seniority at par with category 4 vessels, as vessel is waiting for more than 48 hours. 2. Vessel could not be supplied on 14(Night) tide for Half tide operation due to Marine Constraint.",HOJ-I,17/02/26 11:36,17/02/26 13:06,HOJ-I,18/02/26 07:00,18/02/26 09:06,,,,
HAL12501884::IONIAN MARINER,HAL12501884,IONIAN MARINER,2026-02-12,2026-02-16,3,229.00,8.30,Limestone,nan,TMILL,Tata Steel/TMILL,11(17:30),16(01:00),16(01:00),20(01:00),"35,884",NA,NA,nan,nan,nan,nan,nan,nan,Vessel called in Day tide on date,,,,12,18/02/26 11:35,18/02/26 18:55,,,,
HAL12501876::JAG VIRAAT,HAL12501876,JAG VIRAAT,2026-02-11,2026-02-16,4,230.00,7.90,nan,PROPANE-(I)-9771 BUTANE-(I)-9501,ATLANTIC GLOBAL,IOCL,nan,nan,nan,nan,nan,nan,nan,15(09:36),13(11:02),15(09:36),26,IOPPL,HOJ-I/HOJ-II B-16(O)/17(O),Ullage confirmation & Readiness Documents are awaited. | Reporting time as per Agent,HOJ-II,17/02/26 12:00,17/02/26 13:24,HOJ-II,18/02/26 12:30,19/02/26 09:12,,,,
HAL12501869::MATISSE,HAL12501869,MATISSE,2026-02-10,2026-02-16,5,229.00,7.78,Coking Coal,nan,TMILL,Tata Steel/MHC,13(16:50),ETA-16(10:30),NA,NA,"30,000",NA,13(11:10),nan,nan,nan,nan,nan,nan,,,,,2,18/02/26 08:40,18/02/26 16:50,,,,
HAL12501862::ORCHARD STAR,HAL12501862,ORCHARD STAR,2026-02-07,2026-02-16,8,158.56,7.50,Container,nan,Far Shipping,Slot Charterers,13(18:23),15(19:24),15(19:24),NA,209 Boxes,364 TEUs,13(16:20),nan,nan,nan,nan,nan,nan,Only Import | OnlyImport.Vesselwaslatefortideon15(Night).Vesselcalled in Day tide on date,,,,10,16/02/26 20:45,17/02/26 06:45,,,,
HAL12501907::SAKIZAYA ORCHID,HAL12501907,SAKIZAYA ORCHID,2026-02-15,2026-02-16,2,228.94,7.54,Coking Coal,nan,Merchant Shipping Services,Narayani Resources/MHC,Not Ready,ETA-16(22:30),NA,NA,"30,000",NA,NA,nan,nan,nan,nan,nan,nan,,13,18/02/26 00:30,18/02/26 01:45,,,,,,,
HAL12501893::SANMAR SNEHA (COASTAL),HAL12501893,SANMAR SNEHA (COASTAL),2026-02-15,2026-02-16,2,200.00,8.40,nan,NAPHTHA-(I)-27000,ATLANTIC GLOBAL,HPL,nan,nan,nan,nan,nan,nan,nan,ETA-16(11:00),13(11:39),ETA-16(11:00),HOJ-I=34 HOJ-II&III=26,HPL,HOJ-I/HOJ-II/HOJ-III B-16(O)/17(O)/18(O),,,,,,,,,,,
HAL12501902::SPAR MIRA,HAL12501902,SPAR MIRA,2026-02-16,2026-02-16,1,189.99,7.05,Manganese Ore,nan,S2 Shipping LLP,Various/MHC,Not Ready,ETA-22nd,NA,NA,"17,860",NA,NA,nan,nan,nan,nan,nan,nan,,,,,,,,,,,
HAL12501860::SSL THAMIRABARANI,HAL12501860,SSL THAMIRABARANI,2026-02-07,2026-02-16,8,142.70,5.40,Container,nan,Unifeeder Agencies,Slot Charterers,Ready,Ex KDS-15th,15(01:20),NA,108 Boxes,150 TEUs,15(22:19),nan,nan,nan,nan,nan,nan,Only Export | Only Export. F/W at KDS on 15(01:20) | OnlyExport.F/WatKDSon15(01:20).ReportedatSandheadson 15(18:12). Vessel called in Day tide on date,,,,11,17/02/26 02:05,17/02/26 08:05,,,,
HAL12501906::FAIRWAY (COASTAL),HAL12501906,FAIRWAY (COASTAL),2026-02-15,2026-02-18,3,171.26,7.70,nan,MS-(E)-1600,ATLANTIC GLOBAL,IOCL,nan,nan,nan,nan,nan,nan,nan,14(09:36),13(15:17),14(09:36),36,IOCL,HOJ-I B-16(O),Vessel declared on 13(15:17). | 1. Vessel declared on 13(15:17). 2. Vessel called at B/16(O),,,,,,,,,,
HAL12501899::MAYFAIR,HAL12501899,MAYFAIR,2026-02-15,2026-02-18,3,183.21,8.00,nan,HSD-(I)-13093 MS-(I)-3254,ATLANTIC GLOBAL,RELIANCE,nan,nan,nan,nan,nan,nan,nan,17(11:18),14(10:42),17(11:18),35,RELIANCE,HOJ-III B-18(O),,HOJ-III,19/02/26 00:30,,,,,,,,
HAL12501913::XIN HAI TONG 802,HAL12501913,XIN HAI TONG 802,2026-02-18,2026-02-18,1,229.00,8.50,Coking Coal,nan,V Ocean Shipping,SAIL/ISPHL,BOT Berth,17(19:54),17(19:54),17(19:54),33000,NA,16(18:55),nan,nan,nan,nan,nan,nan,Vessel called in Day tide on date,4A,18/02/26 15:42,19/02/26 04:06,,,,,,,
HAL12501890::BW KIZOKU,HAL12501890,BW KIZOKU,2026-02-12,2026-02-19,5,230.00,8.00,nan,PROPANE-(I)-11344 BUTANE-(I)-11856,INTEROCEAN SHIPPING,IOCL,nan,nan,nan,nan,nan,nan,nan,17(00:12),16(16:48),17(00:12),31,IOPPL,HOJ-I/HOJ-II B-16(O)/17(O),Ullage confirmation & Readiness Documents are awaited. | Vessel called at B/17(O),HOJ-II,19/02/26 13:12,19/02/26 14:42,,,,,,,
HAL12501879::FORTUNE (COASTAL),HAL12501879,FORTUNE (COASTAL),2026-02-11,2026-02-19,6,127.9,5.70,nan,LUBE OIL-(E)11000,ATLANTIC GLOBAL,IOCL,nan,nan,nan,nan,nan,nan,nan,08(00:30),10(15:42),14(09:36),48,IOCL,HOJ-I B-16(O),Vessel declared on 10(15:42). | 1. Vessel declared on 10(15:42). 2. Seniority swapped with M.T. FAIRWAY 3. Vessel called at B/16(O),,,,,,,,,,
HAL12501898::MANDARIN RIVER,HAL12501898,MANDARIN RIVER,2026-02-15,2026-02-19,4,189.99,7.80,Manganese Ore,nan,Interocean Shipping,Various/MHC,17(11:27),ETA-19(10:30),NA,NA,"25,047",NA,18(11:47),nan,nan,nan,nan,nan,nan,,2,20/02/26 02:30,,,,,,,,
HAL12501883::SHANDONG FU ZHI,HAL12501883,SHANDONG FU ZHI,2026-02-11,2026-02-19,6,229.00,8.46,Met Coke,nan,Gac Shipping,Ramsarup Industries & Shyam Sel & Power/MHC,14(17:08),17(02:36),17(02:36),17(02:36),"29,902",NA,14(11:06),nan,nan,nan,nan,nan,nan,Importer opted to work at B/14 only | ImporteroptedtoworkatB/14only.VesselcalledinDaytideon date,12,19/02/26 16:30,20/02/26 03:50,13,22/02/26 01:10,22/02/26 07:00,,,,
HAL12501924::APOLLO OCEAN,HAL12501924,APOLLO OCEAN,2026-02-18,2026-02-20,3,230.00,8.20,nan,PROPANE-(I)-13622 BUTANE-(I)-13392,ATLANTIC GLOBAL,IOCL,nan,nan,nan,nan,nan,nan,nan,ETA-21(13:00),19(09:36),ETA-21(13:00),36,IOPPL,HOJ-I/HOJ-II B-16(O)/17(O),Ullage confirmation & Readiness Documents are awaited.,HOJ-II,22/02/26 14:36,22/02/26 16:42,8,23/02/26 17:30,24/02/26 12:00,,,,
HAL12501928::AZALEA RISING,HAL12501928,AZALEA RISING,2026-02-18,2026-02-20,3,189.99,8.50,Limestone,nan,Alap Carriers,Parag Vinimay/TMILL,19(12:00),20(08:30),20(08:30),24(08:30),"30,360",NA,19(11:09),nan,nan,nan,nan,nan,nan,Reporting time as per Agent. Vessel late for tide on 20(Day) tide,,,,4A,25/02/26 02:15,,,,,
HAL12501925::DESERT VICTORY,HAL12501925,DESERT VICTORY,2026-02-18,2026-02-20,3,193.07,8.00,Limestone,nan,Gac Shipping,SAIL/MHC,Not Ready,ETA-21(12:00),NA,NA,"27,000",NA,NA,nan,nan,nan,nan,nan,nan,,2,22/02/26 18:00,23/02/26 00:05,4,24/02/26 11:10,,,,,
HAL12501896::DING HENG 41,HAL12501896,DING HENG 41,2026-02-15,2026-02-20,5,124.03,8.10,nan,PARAXYLENE-(I)-10044,ATLANTIC GLOBAL,MCPI,nan,nan,nan,nan,nan,nan,nan,19(19:00),18(18:01),19(19:00),28,MCPI,HOJ-I & OT-II B-16(O)& OT-II,Ullage confirmation & Readiness Documents are awaited. | Vessel called at OT-II,,,,11,21/02/26 11:00,22/02/26 10:36,,,,
HAL12501920::DORIC KATANA,HAL12501920,DORIC KATANA,2026-02-18,2026-02-20,3,228.99,14.50,Coking Coal,nan,Infinity Shipping,SAIL/ISPHL,BOT Berth,19(03:18),19(03:18),19(03:18),"34,415",NA,17(14:58),nan,nan,nan,nan,nan,nan,"To Lighten 50,000 MT at Sandheads | Lightening 45,000 MT at Sandheads. C/W at Sandheads on 19(07:40) | Lightening 45,000 MT at Sandheads. (BOB - 29,700 MT)",4A,22/02/26 16:06,22/02/26 16:45,7,24/02/26 23:35,,,,,
HAL12501895::FLAG ZANNIS,HAL12501895,FLAG ZANNIS,2026-02-16,2026-02-20,4,229.00,7.51,Steam Coal,nan,Gac Shipping,Haldia Petrochemicals/MHC,18(12:28),19(22:55),19(22:55),19(22:55),"27,000",NA,14(11:13),nan,nan,nan,nan,nan,nan,Vessel called in Day tide on date,,,,,,,,,,
HAL12501903::FOS MERCURY,HAL12501903,FOS MERCURY,2026-02-15,2026-02-20,5,183.20,7.80,nan,NAPHTHA-(I)-18208,ATLANTIC GLOBAL,HPL,nan,nan,nan,nan,nan,nan,nan,17(02:00),17(11:53),17(11:53),HOJ-I=24 HOJ-II&III=19,HPL,HOJ-I/HOJ-II/HOJ-III B-16(O)/17(O)/18(O),1. To undertake STS with Daughter vessel M.T. SANMAR SNEHA at Sandheads. 2. Ullage confirmation & Readiness Documents are awaited. | To undertake STS with Daughter vessel M.T. SANMAR SNEHA at Sandheads. | 1. STS opration with Daughter vessel M.T. SANMAR SNEHA commence at 19(15:54) and Completed on 20(02:42) at Sandheads. 2. Vessel called at B/18(O),,,,,,,,,,
HAL12501887::GAS CAMELOT,HAL12501887,GAS CAMELOT,2026-02-12,2026-02-20,6,225.49,8.20,nan,PROPANE-(I)-11706 BUTANE-(I)-12279,BOTHRA SHIPPING,HPCL,nan,nan,nan,nan,nan,nan,nan,19(17:30),13(11:48),19(17:30),HOJ-I=42 HOJ-II=38,AEGIS,HOJ-I/HOJ-II B-16(O)/17(O),Ullage confirmation & Readiness Documents are awaited.,,,,HOJ-III,22/02/26 21:30,23/02/26 11:30,,,,
HAL12501892::GREEN SACHI,HAL12501892,GREEN SACHI,2026-02-15,2026-02-20,5,225.28,8.50,nan,PROPANE-(I)-12000 BUTANE-(I)-12000,ATLANTIC GLOBAL,BPCL,nan,nan,nan,nan,nan,nan,nan,18(08:00),19(11:25),19(11:25),36,BPCL,HOJ-III B-18(O),Ullage confirmation & Readiness Documents are awaited. | 1. Reporting time as per agent. 2. Ullage confirmation & Readiness Documents are awaited.,,,,3,23/02/26 00:42,,,,,
HAL12501877::HEROIC,HAL12501877,HEROIC,2026-02-11,2026-02-20,6,189.99,7.54,Manganese Ore,nan,Seahorse Ship Agencies,Various/MHC,18(15:04),ETA-20(23:30),NA,NA,"20,000",NA,18(16:28),nan,nan,nan,nan,nan,nan,,,,,5(S),22/02/26 16:25,22/02/26 22:10,BERTH-2,BERTH-3,22/02/26 16:50,
HAL12501923::KMAX EVDOKIA,HAL12501923,KMAX EVDOKIA,2026-02-18,2026-02-20,3,225.00,8.20,Coking Coal,nan,Seatrans Shipmanagement,SAIL/ISPHL,BOT Berth,ETA-21(20:00),NA,NA,"33,000",NA,NA,nan,nan,nan,nan,nan,nan,,,,,13,23/02/26 09:15,,BERTH-8,BERTH-4A O,23/02/26 18:30,
HAL12501905::SANMAR SNEHA,HAL12501905,SANMAR SNEHA,2026-02-15,2026-02-20,5,200.00,7.20,nan,NAPHTHA-(I)-20000,INTEROCEAN SHIPPING,HPL,nan,nan,nan,nan,nan,nan,nan,19(03:00),17(11:54),19(03:00),HOJ-I=26 HOJ-II&III=20,HPL,HOJ-I/HOJ-II/HOJ-III B-16(O)/17(O)/18(O),1. To undertake STS with Mother vessel M.T. FOS MERCURY at Sandheads. 2. Ullage confirmation & Readiness Documents are awaited. | To undertake STS with Mother vessel M.T. FOS MERCURY at Sandheads. | STS opration with Mother vessel M.T. FOS MERCURY commence at 19(15:54) and Completed on 20(02:42) at Sandheads.,,,,TERMINAL 2,22/02/26 06:42,22/02/26 11:00,,,,
HAL12501897::SITC ZHENGDE,HAL12501897,SITC ZHENGDE,2026-02-15,2026-02-20,5,171.90,8.50,Container,nan,Eastern Liner Shipping,Slot Charterers,19(16:37),ETA-22(14:00),NA,NA,883 Boxes,NA,NA,nan,nan,nan,nan,nan,nan,,,,,HOJ-II,25/02/26 01:30,,BERTH-10(,BERTH-10,23/02/26 23:30,
HAL12501831R::SOL STRIDE,HAL12501831R,SOL STRIDE,2026-02-06,2026-02-20,12,149.60,6.30,Container,nan,Transworld Global Logistics,Slot Charterers,Ready,Ex KDS-21st,20(07:10),NA,150 Boxes,153 TEUs,19(18:02),nan,nan,nan,nan,nan,nan,Only Export | F/W at KDS on 20(07:10). Only Export,,,,,,,,,,
HAL12501933::SSL THAMIRABARANI,HAL12501933,SSL THAMIRABARANI,2026-02-19,2026-02-20,2,142.70,8.40,Container,nan,Unifeeder Agencies,Slot Charterers,20(10:09),ETA-21(03:00),NA,NA,226 Boxes,227 TEUs,NA,nan,nan,nan,nan,nan,nan,Only Import,,,,3,22/02/26 03:30,22/02/26 08:15,,,,
HAL12501904::TOP ELEGANCE,HAL12501904,TOP ELEGANCE,2026-02-15,2026-02-20,5,189.89,8.60,Manganese Ore,nan,Sakura Logistics,Various/MHC,18(17:10),20(03:30),20(03:30),20(03:30),"25,600",NA,NA,nan,nan,nan,nan,nan,nan,"To Lighten 2,000 MT at Sagar | Tolighten2,000MTatSagar.VesselcalledinDaytideondateat Sagar anchorage",,,,11,24/02/26 01:30,24/02/26 06:30,BERTH-13,BERTH-3,23/02/26 12:10,
HAL12501936::WHITNEY,HAL12501936,WHITNEY,2026-02-20,2026-02-20,1,134.16,6.50,nan,BENZENE-(E)-6300,SAMUDRA MARINE,HPL,nan,nan,nan,nan,nan,nan,nan,ETA-24.02.2026,Not Ready,Not Ready,N/A,HPL,HOJ-I B-16(O),Readiness Documents are awaited.,HOJ-I,23/02/26 14:12,23/02/26 15:54,11,24/02/26 10:24,24/02/26 11:48,,,,
HAL12501886::XIN LIAN CHANG,HAL12501886,XIN LIAN CHANG,2026-02-12,2026-02-20,6,158.43,7.00,Container,nan,Far Shipping,Slot Charterers,Ready,Ex KDS-21st,NA,NA,170 Boxes,NA,NA,nan,nan,nan,nan,nan,nan,Only Export,11,23/02/26 11:15,23/02/26 12:15,10,23/02/26 21:15,23/02/26 23:05,S),BERTH-4 OF,24/02/26 02:30,
HAL12501872::ZUNAIRAH ZARISHA 4,HAL12501872,ZUNAIRAH ZARISHA 4,2026-02-12,2026-02-20,6,82.98,4.00,Container,nan,Everett (India),Slot Charterers,Not Ready,ETA-21(12:00),NA,NA,65 Boxes,NA,NA,nan,nan,nan,nan,nan,nan,,10,23/02/26 10:30,23/02/26 11:30,6,23/02/26 08:18,23/02/26 19:10,,,,
HAL12501930::PW ACTION,HAL12501930,PW ACTION,2026-02-19,2026-02-23,3,228.99,8.38,Lam Coke,nan,Seatrans Shipmanagement,Narsingh Ispat & Balmukund Sponge/MHC,19(10:25),20(21:45),20(21:45),20(21:45),"29,254",NA,19(13:32),nan,nan,nan,nan,nan,nan,ImporteroptedtoworkatB/14only.VesselcalledinDaytideon date,13,23/02/26 16:30,23/02/26 17:40,2,25/02/26 04:00,,,,,
HAL12501891::QUEEN SARAH,HAL12501891,QUEEN SARAH,2026-02-12,2026-02-23,3,229.00,7.20,Coking Coal,nan,Eveready Shipping,Electrosteel Castings/MHC,18(16:57),22(03:00),22(03:00),22(03:00),"13,000",NA,21(09:25),nan,nan,nan,nan,nan,nan,Vessel called in Day tide on date,8,23/02/26 19:48,,,,,,,,
HAL12501875::SITC CEBU,HAL12501875,SITC CEBU,2026-02-11,2026-02-23,8,188.80,8.40,Container,nan,Eastern Liner Shipping,Slot Charterers,19(15:21),23(09:00),23(09:00),NA,"1,002 Boxes","1,749 TEUs",21(15:51),nan,nan,nan,nan,nan,nan,ReportingtimeasperAgent.Vesselneapedfrom24(Night)to 27(Day) tide,11,24/02/26 05:55,,,,,,,,
HAL12501919::BULK HONDURAS,HAL12501919,BULK HONDURAS,2026-02-24,2026-02-24,1,189.99,7.38,Manganese Ore,nan,Gac Shipping,Various/MHC,20(17:16),23(18:06),23(18:06),23(18:06),"25,047",NA,17(11:20),nan,nan,nan,nan,nan,nan,,9,25/02/26 04:36,,,,,,,,
HAL12501951::BW PINE,HAL12501951,BW PINE,2026-02-24,2026-02-24,1,226.00,7.80,nan,PROPANE-(I)-6766 BUTANE-(I)-7373,ATLANTIC GLOBAL,IOCL,nan,nan,nan,nan,nan,nan,nan,23(10:06),22(09:53),23(10:06),19,IOPPL,HOJ-I/HOJ-II B-16(O)/17(O),,,,,,,,,,,
HAL12501947::CHOLA SYMPHONY,HAL12501947,CHOLA SYMPHONY,2026-02-23,2026-02-24,2,224.98,8.50,Limestone & Pyroxenite,nan,TMILL,Tata Steel/TMILL,Not Ready,ETA-27(06:00),NA,NA,"30,238",NA,NA,nan,nan,nan,nan,nan,nan,,,,,3 OFF,02/03/26 12:50,03/03/26 16:35,,,,
HAL12501956::DING HENG 30,HAL12501956,DING HENG 30,2026-02-24,2026-02-24,1,111.98,7.10,nan,MTBE-(E)-4200,SAMUDRA MARINE,ADVANCED PERFORMANCE,nan,nan,nan,nan,nan,nan,nan,ETA-26.02.2026,Not Ready,Not Ready,N/A,ADVANCED PERFORMANCE,HOJ-I/HOJ-III B-16(O)/18(O),1. Readiness Documents are awaited. 2. NOR yet to be tendered.,,,,,,,,,,
HAL12501927::FIRST LION,HAL12501927,FIRST LION,2026-02-18,2026-02-24,4,126.50,6.60,nan,MS-(E)-10500,J M BAXI,HPL,nan,nan,nan,nan,nan,nan,nan,ETA-25(18:00),20(10:19),ETA-25(18:00),29,HPL,HOJ-I/HOJ-III B-16(O)/18(O),Readiness Documents are awaited.,,,,,,,,,,
HAL12501938::GALIO,HAL12501938,GALIO,2026-02-23,2026-02-24,2,229.00,13.90,Steam Coal,nan,Seatrans Shipmanagement,Anand Carbo/MHC,21(10:18),22(18:18),22(18:18),22(18:18),"32,000",NA,NA,nan,nan,nan,nan,nan,nan,"To lighten 48,520 MT at Sandheads | Lightening 48,520 MT at Sandheads. (BOB - 38,480 MT)",,,,10,02/03/26 09:10,03/03/26 08:00,,,,
HAL12501935::GAS ARIA,HAL12501935,GAS ARIA,2026-02-20,2026-02-24,2,106.00,4.70,nan,BUTADIENE-(E)-3150,SAMUDRA MARINE,HPL,nan,nan,nan,nan,nan,nan,nan,22(13:06),21(17:13),22(13:06),20,HPL,HOJ-I B-16(O),Readiness Documents are awaited.,HOJ-I,01/03/26 09:54,01/03/26 11:30,3,01/03/26 09:35,,,,,
HAL12501965::GAS QUANTUM,HAL12501965,GAS QUANTUM,2026-02-24,2026-02-24,1,173.70,8.00,nan,AMMONIA-(I)-10000,EMINENCE SHIPPING,INDORAMA INDIA,nan,nan,nan,nan,nan,nan,nan,ETA-01.03.2026,Not Ready,Not Ready,N/A,INDORAMA INDIA,HOJ-I B-16(O),Ullage confirmation & Readiness Documents are awaited.,,,,5,28/02/26 19:30,03/03/26 20:18,,,,
HAL12501966::GREEN SACHI,HAL12501966,GREEN SACHI,2026-02-24,2026-02-24,1,225.28,8.50,nan,PROPANE-(I)-11040 BUTANE-(I)-10760,ATLANTIC GLOBAL,BPCL,nan,nan,nan,nan,nan,nan,nan,23(17:10),Not Ready,Not Ready,N/A,BPCL,HOJ-III B-18(O),1. To undertake STS with Mother vessel M.T. REIMEI at Sandheads. 2. Ullage confirmation & Readiness Documents are awaited.,HOJ-III,01/03/26 10:24,01/03/26 13:06,,,,,,,
HAL12501937::HISUI,HAL12501937,HISUI,2026-02-20,2026-02-24,2,226.00,8.00,nan,PROPANE-(I)-8412 BUTANE-(I)-8414,ATLANTIC GLOBAL,IOCL,nan,nan,nan,nan,nan,nan,nan,23(09:42),20(12:56),23(09:42),23,IOPPL,HOJ-I/HOJ-II B-16(O)/17(O),Ullage confirmation & Readiness Documents are awaited. | Vessel called at B/17(O),HOJ-II,24/02/26 15:48,24/02/26 22:12,,,,,,,
HAL12501908::KANG SHUN,HAL12501908,KANG SHUN,2026-02-15,2026-02-24,7,189.90,8.00,Limestone,nan,Atlantic Global Shipping,SAIL/MHC,Not Ready,ETA-25(PM),NA,NA,"27,000",NA,NA,nan,nan,nan,nan,nan,nan,Vessel neaped on 25(Night) & 27(Day) tide,,,,12 OFF,28/02/26 02:00,02/03/26 03:30,,,,
HAL12501941::MSC DIYA F,HAL12501941,MSC DIYA F,2026-02-23,2026-02-24,2,147.83,8.40,Container,nan,MSC Agency,Slot Charterers,Not Ready,ETA-26(15:00),NA,NA,Nil,NA,NA,nan,nan,nan,nan,nan,nan,Vessel neaped in all Day tides from 26th to 28th,,,,,,,,,,
HAL12501929::MSXT ATHENA,HAL12501929,MSXT ATHENA,2026-02-18,2026-02-24,5,229.00,8.00,Coking Coal & PCI Coal,nan,TMILL,Tata Steel/MHC,Not Ready,ETA-25(23:00),NA,NA,"30,964",NA,NA,nan,nan,nan,nan,nan,nan,Vessel neaped on 25(Night) & 27(Day) tide,,,,12,01/03/26 10:30,,BERTH-2,BERTH-13 O,01/03/26 13:15,
HAL12501952::NAVIOS GALAXY II,HAL12501952,NAVIOS GALAXY II,2026-02-24,2026-02-24,1,228.99,7.80,Coking Coal,nan,Interocean Shipping,Trafigura India & Electrosteel Castings/MHC,23(09:51),23(22:48),23(22:48),23(22:48),"22,000",NA,23(12:36),nan,nan,nan,nan,nan,nan,,,,,,,,,,,
HAL12501949::NEW EXCELLENCE,HAL12501949,NEW EXCELLENCE,2026-02-23,2026-02-24,2,229.00,8.00,PCI Coal,nan,V Ocean Shipping,SAIL/ISPHL,BOT Berth,ETA-24(15:30),NA,NA,"30,000",NA,21(15:41),nan,nan,nan,nan,nan,nan,Vessel neaped on 25(Night) & 27(Day) tide,,,,,,,,,,
HAL12501960::ODYSSEAS I,HAL12501960,ODYSSEAS I,2026-02-23,2026-02-24,2,229.00,8.09,Coking Coal,nan,Gac Shipping,SAIL/MHC,Not Ready,23(20:05),NA,NA,"32,587",NA,23(12:33),nan,nan,nan,nan,nan,nan,Vessel neaped on 25(Night) & 27(Day) tide | Vessel swapped from BOT Berth to Port Berth. Inside Dock,13 OFF,24/02/26 07:00,24/02/26 20:30,,,,,,,
HAL12501862R::ORCHARD STAR,HAL12501862R,ORCHARD STAR,2026-02-12,2026-02-24,8,158.56,7.00,Container,nan,Far Shipping,Slot Charterers,Ready,Ex KDS-26th,NA,NA,337 Boxes,NA,NA,nan,nan,nan,nan,nan,nan,Only Export,,,,,,,,,,
HAL12501963::PEBBLES (COASTAL),HAL12501963,PEBBLES (COASTAL),2026-02-24,2026-02-24,1,129.20,6.20,nan,LUBE OIL-(E)-11000,ATLANTIC GLOBAL,IOCL,nan,nan,nan,nan,nan,nan,nan,ETA-26(12:00),23(14:49),ETA-26(12:00),48,IOCL,HOJ-I B-16(O),Vessel declared on 23(14:49).,,,,,,,,,,
HAL12501943::ROYAL PERIDOT,HAL12501943,ROYAL PERIDOT,2026-02-24,2026-02-24,1,128.60,7.90,nan,PARAXYLENE-(I)-9519,ISS SHIPPING,MCPI,nan,nan,nan,nan,nan,nan,nan,ETA-24(15:00),23(16:50),ETA-24(15:00),27,MCPI,HOJ-I & OT-II B-16(O)& OT-II,,,,,,,,,,,
HAL12501/22::SANMAR SITAR (COASTAL),HAL12501/22,SANMAR SITAR (COASTAL),2026-02-03,2026-02-24,15,183.00,7.30,nan,HSD-(I)-10000 MS-(I)-5000 NAPHTHA-(E)-10000,ATLANTIC GLOBAL,IOCL,nan,nan,nan,nan,nan,nan,nan,01(23:54),14(12:00),14(12:00),60,IOCL,HOJ-I B-16(O),Vessel declared on 02(12:44). | 1. Vessel declared on 02(12:44). 2. Vessel was called at B/16(O) on 14th Day tide but could not be supplied due to malfunction in the after winch. 3. Engine ready on 14(12:00) | 1. Vessel declared on 02(12:44). 2. Vessel was called at B/16(O) on 14th Day tide but could not be supplied due to malfunction in the after winch. 3. Malfunction in the after winchon Rectified at 14(12:00). | 1. Vessel declared on 02(12:44). 2. Vessel was called at B/16(O) on 14th Day tide but could not be supplied due to malfunction in the after winch. 3. Malfunction in the after winch Rectified at 14(12:00). | 1. Vessel declared on 02(12:44). 2. Vessel was called at B/16(O) on 14th Day tide but could not be supplied due to malfunction in the after winch. 3. Malfunction in the after winch Rectified at 14(12:00). 4. Vessel called at B/16(O),,,,,,,,,,
HAL12501961::SANMAR SNEHA (COASTAL),HAL12501961,SANMAR SNEHA (COASTAL),2026-02-24,2026-02-24,1,200.00,8.00,nan,NAPHTHA-(I)-27000,BEN LINE AGENCIES,HPL,nan,nan,nan,nan,nan,nan,nan,ETA-25(16:00),Not Ready,Not Ready,N/A,HPL,HOJ-I/HOJ-II/HOJ-III B-16(O)/17(O)/18(O),Ullage confirmation & Readiness Documents are awaited.,,,,,,,,,,
HAL12501945::SEA EMPIRE,HAL12501945,SEA EMPIRE,2026-02-23,2026-02-24,2,229.00,8.00,PCI Coal,nan,Eveready Shipping,Rawmet Resources/MHC,20(16:43),22(19:30),22(19:30),22(19:30),"29,000",NA,20(17:08),nan,nan,nan,nan,nan,nan,Vessel called in Day tide on date,3 OFF,24/02/26 17:00,25/02/26 00:20,,,,,,,
HAL12501944::SOL FORTUNE,HAL12501944,SOL FORTUNE,2026-02-23,2026-02-24,2,149.60,8.60,Container,nan,Transworld Global Logistics,Slot Charterers,Not Ready,ETA-01st,NA,NA,Nil,NA,NA,nan,nan,nan,nan,nan,nan,Only Import,11,02/03/26 02:15,02/03/26 02:30,,,,,,,
HAL12501882::SOL PIONEER,HAL12501882,SOL PIONEER,2026-02-11,2026-02-24,9,149.60,5.70,Container,nan,Transworld Global Logistics,Slot Charterers,Ready,Ex KDS-27th,NA,NA,145 Boxes,NA,NA,nan,nan,nan,nan,nan,nan,Only Export,,,,,,,,,,
HAL12501914::SSL MUMBAI,HAL12501914,SSL MUMBAI,2026-02-18,2026-02-24,5,193.03,7.80,Container,nan,Unifeeder Agencies,Slot Charterers,Not Ready,ETA-25(04:30),NA,NA,213 Boxes,NA,NA,nan,nan,nan,nan,nan,nan,,,,,,,,,,,
HAL12501916::ULUSOY 12,HAL12501916,ULUSOY 12,2026-02-20,2026-02-24,3,229.00,8.00,PCI Coal,nan,Infinity Shipping,Rawmet Resources/MHC,19(12:29),21(08:30),21(08:30),21(08:30),"30,200",NA,19(13:04),nan,nan,nan,nan,nan,nan,Importer opted to work at B/14 only,,,,,,,,,,
HAL12501921::XIN LONG YUN 58,HAL12501921,XIN LONG YUN 58,2026-02-18,2026-02-24,5,166.23,7.40,Container,nan,Far Shipping,Slot Charterers,24(10:02),24(04:18),24(10:02),NA,243 Boxes,390 TEUs,NA,nan,nan,nan,nan,nan,nan,Only Import,,,,,,,,,,
Yet to be declared::BBG LIUZHOU,Yet to be declared,BBG LIUZHOU,2026-02-26,2026-02-26,1,12.50,229.00,nan,Panamax,ETA-28.02.2026,N/A,nan,nan,nan,nan,nan,nan,nan,Coal,TMILL,TATA Steel Ltd.,N/A,N/A,"28,500",N/A,,,,,,,,,,
HAL12501972::AMNSI STALLION,HAL12501972,AMNSI STALLION,2026-03-02,2026-03-02,1,229.00,8.10,Dolomite & Pyroxenite,nan,Samsara Shipping,Tata Steel/TMILL,Not Ready,ETA-03(08:00),NA,NA,"30,003",NA,26(12:45),nan,nan,nan,nan,nan,nan,,,,,,,,,,,
HAL12501957::AS ALVA,HAL12501957,AS ALVA,2026-02-23,2026-03-02,3,191.03,8.35,Container,nan,MSC Agency,Slot Charterers,Not Ready,ETA-03(08:00),NA,NA,317 Boxes,816 TEUs,NA,nan,nan,nan,nan,nan,nan,,10,04/03/26 02:15,04/03/26 02:30,13,04/03/26 08:30,05/03/26 19:50,,,,
HAL12501946::BBG LIUZHOU,HAL12501946,BBG LIUZHOU,2026-02-23,2026-03-02,3,228.99,12.84,Coking Coal & PCI Coal,nan,TMILL,Tata Steel/GBTPL,25(13:50),28(20:42),28(20:42),28(20:42),"34,900",NA,NA,nan,nan,nan,nan,nan,nan,"Lightening28,500MTatSandheads.[C/W:28(23:35)&BOB- 7,950MT].VesselswappedfromPortBerthtoGBTPLBerthon 26(10:17). After completion of lighterage operation, expected draft would be 8.45 as confirmed by Agent.",2,03/03/26 15:30,03/03/26 16:55,10,06/03/26 03:30,08/03/26 06:10,,,,
HAL12501958::CL LIANYUNGANG,HAL12501958,CL LIANYUNGANG,2026-02-23,2026-03-02,3,228.90,8.40,Coking Coal,nan,Gac Shipping,Tata Steel/GBTPL,26(10:28),28(18:30),28(18:30),28(18:30),"35,842",NA,25(11:19),nan,nan,nan,nan,nan,nan,"VesselswappedfromPortBerthtoGBTPLBerthon26(10:21). Vesselwaslatefortidein28(Night).Also,shecouldnotbe suppliedin01(Day)&01(Night)tideduetoMarineConstraint. Again, she called in Day tide on date | VesselswappedfromPortBerthtoGBTPLBerthon26(10:21). Vessel was late for tide in 28(Night). Also, she could not be suppliedin01(Day)&01(Night)tideduetoMarineConstraint. Again, she called in Day tide on date",,,,2,05/03/26 12:15,07/03/26 06:05,,,,
HAL12501942::CL SPRUCE,HAL12501942,CL SPRUCE,2026-03-02,2026-03-02,1,199.90,7.95,Manganese Ore,nan,Gac Shipping,Various/MHC,26(15:45),27(14:30),27(14:30),27(14:30),"27,000",NA,25(17:43),nan,nan,nan,nan,nan,nan,,,,,5,04/03/26 08:30,05/03/26 17:50,BERTH-13,BERTH-2 OF,04/03/26 15:30,04/03/26 18:25
HAL12502006::DONATELLO,HAL12502006,DONATELLO,2026-03-02,2026-03-02,1,229.00,8.50,Coking Coal,nan,V Ocean Shipping,SAIL/ISPHL,BOT Berth,ETA-03(06:00),NA,NA,"34,700",NA,NA,nan,nan,nan,nan,nan,nan,,4A OFF,04/03/26 13:35,04/03/26 21:00,HOJ-I,06/03/26 11:54,08/03/26 17:15,BERTH-8,BERTH-8,04/03/26 23:00,
HAL12502001::MINIMATA,HAL12502001,MINIMATA,2026-03-02,2026-03-02,1,229.00,8.22,Coking Coal,nan,TMILL,SAIL/ISPHL,BOT Berth,02(03:00),02(03:00),02(03:00),"33,000",NA,01(16:24),nan,nan,nan,nan,nan,nan,Vessel called in Day tide on date,,,,7,05/03/26 02:36,07/03/26 04:45,BERTH-3,BERTH-3,04/03/26 23:50,
HAL12501915::MSC CLEMENTINA F,HAL12501915,MSC CLEMENTINA F,2026-02-18,2026-03-02,6,147.80,6.90,Container,nan,MSC Agency,Slot Charterers,Ready,Ex KDS-03rd,NA,NA,179 Boxes,221 TEUs,NA,nan,nan,nan,nan,nan,nan,Only Export,3,04/03/26 15:25,,HOJ-II,05/03/26 02:36,05/03/26 09:12,,,,
HAL12501973::RICHLAND SINGAPORE,HAL12501973,RICHLAND SINGAPORE,2026-03-02,2026-03-02,1,228.00,8.50,Limestone & Pyroxenite,nan,TMILL,Tata Steel/MHC,28(12:54),02(06:06),02(06:06),02(06:06),"34,865",NA,NA,nan,nan,nan,nan,nan,nan,ReportingtimeasperAgent.VesselswappedfromTMILLBerthto Port Berth on 28(11:01),HOJ-III,04/03/26 12:18,04/03/26 14:42,3,06/03/26 12:00,08/03/26 08:00,BERTH-4A | TERMINAL,BERTH-13 | BERTH-2 OF,04/03/26 17:18 | 06/03/26 20:00,06/03/26 22:40
HAL12502004::MARINA ARUNG,HAL12502004,MARINA ARUNG,2026-03-03,2026-03-03,1,8.50,130.30,nan,Tanker,ETA-08th,NA,nan,nan,nan,nan,nan,nan,nan,CPO,Marinelinks Shipping Agencies,Emami Agrotech,Not Ready,NA,"11,000",NA,,,,,,,,,,
HAL12501996::XIN WANG TAI,HAL12501996,XIN WANG TAI,2026-03-03,2026-03-03,1,7.76,117.40,nan,Tanker,ETA-04(18:00),NA,nan,nan,nan,nan,nan,nan,nan,CPO,Universal Shipping Agencies,Gokul Agro Resources,02(17:42),NA,"8,700",NA,5,06/03/26 03:12,,7,08/03/26 17:42,,,,,
HAL12501840::PVT AROMA,HAL12501840,PVT AROMA,2026-02-25,2026-03-04,7,6.50,165.50,nan,Handymax,10(14:00),N/A,nan,nan,nan,nan,nan,nan,nan,Rice,Seawing Maritime Services,Gurudeo Export Corporation Pvt. Ltd.,Not Ready,N/A,"4,600",N/A,,,,HOJ-I,24/02/26 18:00,,,,,
HAL12502025::BAY YASU,HAL12502025,BAY YASU,2026-03-05,2026-03-05,1,146.52,7.20,nan,PARAXYLENE-(I)-10022,ATLANTIC GLOBAL,MCPI,nan,nan,nan,nan,nan,nan,nan,ETA-07(16:00),Not Ready,Not Ready,N/A,MCPI,HOJ-I & OT-II B-16(O)& OT-II,Ullage confirmation & Readiness Documents are awaited.,TERMINAL,08/03/26 13:54,08/03/26 17:30,12,09/03/26 15:18,,,,,
HAL12502027::BW FRIGG,HAL12502027,BW FRIGG,2026-03-05,2026-03-05,1,230.00,8.40,nan,PROPANE-(I)-11387 BUTANE-(I)-11763,ATLANTIC GLOBAL,IOCL,nan,nan,nan,nan,nan,nan,nan,ETA-05(11:00),04(17:05),ETA-05(11:00),31,IOPPL,HOJ-I/HOJ-II B-16(O)/17(O),,,,,,,,,,,
HAL12502003::HARI AKASH (COASTAL),HAL12502003,HARI AKASH (COASTAL),2026-03-05,2026-03-05,1,117.27,5.40,nan,HSD-(E)-4650 MS-(E)-1600 ATF-(E)-1400,ATLANTIC GLOBAL,IOCL,nan,nan,nan,nan,nan,nan,nan,28(09:18),27(16:41),28(09:18),36,IOCL,HOJ-I B-16(O),Vessel declared on 27(16:41),,,,,,,,,,
HAL12501977::HELLAS POSEIDON,HAL12501977,HELLAS POSEIDON,2026-03-05,2026-03-05,1,225.12,8.50,nan,PROPANE-(I)-12000 BUTANE-(I)-12000,WILHELMSEN PORT,BPCL,nan,nan,nan,nan,nan,nan,nan,01(23:00),02(19:44),02(19:44),36,BPCL,HOJ-III B-18(O),,HOJ-III,08/03/26 13:48,08/03/26 16:12,4A OFF,10/03/26 00:48,,,,,
HAL12501990::JAG VISHNU,HAL12501990,JAG VISHNU,2026-03-05,2026-03-05,1,230.00,7.70,nan,PROPANE-(I)-10576 BUTANE-(I)-10577,J M.BAXI,IOCL,nan,nan,nan,nan,nan,nan,nan,02(18:00),28(16:21),02(18:00),28,IOPPL,HOJ-I/HOJ-II B-16(O)/17(O),Vessel called at B/16(O),HOJ-I,05/03/26 12:30,05/03/26 13:48,13,07/03/26 01:30,07/03/26 10:12,,,,
HAL12501984::LMZ ARIEL,HAL12501984,LMZ ARIEL,2026-03-05,2026-03-05,1,189.99,8.30,Met Coke,nan,Everett (India),Flamingo Overseas/MHC,04(09:53),04(07:00),04(09:53),04(09:53),"27,500",NA,02(12:49),nan,nan,nan,nan,nan,nan,Reporting time as per Agent,8,09/03/26 05:36,,,,,,,,
HAL12501989::LUCKY JASON,HAL12501989,LUCKY JASON,2026-02-26,2026-03-05,6,224.89,8.20,PCI Coal & Hard Coal,nan,Seatrans Shipmanagement,"Carbon Resource, ECL & Carfer Commodities/MHC",02(13:03),03(14:36),03(14:36),03(14:36),"30,400",NA,03(19:53),nan,nan,nan,nan,nan,nan,"N/A | Lightened 9,900 MT at Sandheads. F/W at Sandheads on 04(09:30)",4 OFF,06/03/26 15:15,06/03/26 17:20,3 OFF,09/03/26 04:00,,2,BERTH-13,06/03/26 21:12,
HAL12501987::LUPINUS PLANET,HAL12501987,LUPINUS PLANET,2026-03-05,2026-03-05,1,229.90,8.10,nan,PROPANE-(I)-11466 BUTANE-(I)-11463,INTEROCEAN SHIPPING,IOCL,nan,nan,nan,nan,nan,nan,nan,04(01:54),03(06:42),04(01:54),31,IOPPL,HOJ-I/HOJ-II B-16(O)/17(O),,HOJ-I,07/03/26 13:18,07/03/26 15:00,8,07/03/26 09:43,09/03/26 10:54,,,,
HAL12502016::MANASAROVAR,HAL12502016,MANASAROVAR,2026-03-05,2026-03-05,1,226.00,8.50,nan,PROPANE-(I)-12000 BUTANE-(I)-12000,ATLANTIC GLOBAL,HPCL,nan,nan,nan,nan,nan,nan,nan,ETA-06(13:00),Not Ready,Not Ready,N/A,AEGIS,HOJ-I/HOJ-II B-16(O)/17(O),Ullage confirmation & Readiness Documents are awaited.,HOJ-II,07/03/26 13:48,07/03/26 15:12,10,09/03/26 02:00,09/03/26 10:36,,,,
HAL12501959::MILOS,HAL12501959,MILOS,2026-03-05,2026-03-05,1,199.90,7.75,Manganese Ore,nan,Seatrans Shipmanagement,Various/MHC,27(17:16),02(21:48),02(21:48),02(21:48),"26,515",NA,03(11:55),nan,nan,nan,nan,nan,nan,Vessel called in Day tide on date,4 OFF,05/03/26 16:00,06/03/26 05:00,11,08/03/26 01:20,09/03/26 10:15,,,,
HAL12501978::MSC ANDREA F,HAL12501978,MSC ANDREA F,2026-03-02,2026-03-05,2,147.82,8.30,Container,nan,MSC Agency,Slot Charterers,Not Ready,ETA-09th,NA,NA,Nil,NA,NA,nan,nan,nan,nan,nan,nan,,,,,,,,,,,
HAL12501950::MSC DHANTIA F,HAL12501950,MSC DHANTIA F,2026-02-23,2026-03-05,4,149.00,7.80,Container,nan,MSC Agency,Slot Charterers,25(09:43),ETA-06(06:30),NA,NA,180 Boxes,350 TEUs,NA,nan,nan,nan,nan,nan,nan,Only Import,,,,4B OFF,07/03/26 12:30,07/03/26 16:00,,,,
HAL12501868::MSC TIGER F,HAL12501868,MSC TIGER F,2026-02-10,2026-03-05,12,154.51,6.30,Container,nan,MSC Agency,Slot Charterers,Ready,Ex KDS-04th,25(02:50),NA,193 Boxes,227 TEUs,24(10:13),nan,nan,nan,nan,nan,nan,Only Export | Only Export. F/W at KDS on 25(02:50). | OnlyExport.F/WatKDSon25(02:50).ReportedatSandheadson 04(21:35). Vessel called in Day tide on date,11,05/03/26 18:15,06/03/26 05:00,2 OFF,05/03/26 20:00,06/03/26 03:25,,,,
HAL12502028::MYRMIDON,HAL12502028,MYRMIDON,2026-03-05,2026-03-05,1,229.00,8.50,PCI Coal,nan,Eveready Shipping,SAIL/ISPHL,BOT Berth,ETA-06(13:00),NA,NA,"33,000",NA,NA,nan,nan,nan,nan,nan,nan,,4A,08/03/26 05:00,,,,,,,,
HAL12502008::PROPEL GLORY,HAL12502008,PROPEL GLORY,2026-03-02,2026-03-05,2,197.00,7.90,Limestone,nan,Seatrans Shipmanagement,SAIL/MHC,Not Ready,03(17:36),NA,NA,"27,000",NA,NA,nan,nan,nan,nan,nan,nan,,10,07/03/26 02:30,,2 OFF,08/03/26 06:24,09/03/26 17:20,,,,
HAL12501948::RAPHAEL,HAL12501948,RAPHAEL,2026-02-23,2026-03-05,4,229.00,8.40,Coking Coal,nan,TMILL,Tata Steel/GBTPL,04(10:28),03(09:00),04(10:28),04(10:28),"33,000",NA,NA,nan,nan,nan,nan,nan,nan,VesselswappedfromPortBerthtoGBTPLon02(12:47).Inside Dock,3 OFF,05/03/26 11:15,05/03/26 14:24,10,05/03/26 12:30,07/03/26 21:55,,,,
HAL12502005::ROSTRUM SCEPTIC,HAL12502005,ROSTRUM SCEPTIC,2026-03-05,2026-03-05,1,229.00,8.30,PCI Coal,nan,V Ocean Shipping,ESL Steel/MHC,04(09:56),04(01:00),04(09:56),04(09:56),"33,000",NA,NA,nan,nan,nan,nan,nan,nan,,2,09/03/26 17:48,09/03/26 19:15,,,,,,,
HAL12501995::SANMAR SNEHA,HAL12501995,SANMAR SNEHA,2026-03-05,2026-03-05,1,200.00,8.10,nan,NAPHTHA-(I)-24966,ATLANTIC GLOBAL,HPL,nan,nan,nan,nan,nan,nan,nan,01(12:42),28(14:29),01(12:42),HOJ-I=31 HOJ-II & III=24,HPL,HOJ-I/HOJ-II/HOJ-III B-16(O)/17(O)/18(O),1. STS opration with Mother vessel M.T. APANEMO commence at 02(15:06) and Completed on 03(02:36) at Sandheads. 2. Vessel called at B/17(O),HOJ-II,05/03/26 12:30,05/03/26 15:30,6,06/03/26 14:30,07/03/26 09:42,,,,
HAL12501968::SANTA ALEXANDRA,HAL12501968,SANTA ALEXANDRA,2026-03-05,2026-03-05,1,199.98,7.80,Manganese Ore,nan,Gac Shipping,Various/MHC,02(10:04),02(20:12),02(20:12),02(20:12),"27,555",NA,27(11:18),nan,nan,nan,nan,nan,nan,Vessel called in Day tide on date,9,05/03/26 14:06,05/03/26 19:20,8,09/03/26 07:50,,BERTH-9,BERTH-2 OF,09/03/26 19:10,
HAL12501940::SITC MAKASSAR,HAL12501940,SITC MAKASSAR,2026-02-23,2026-03-05,4,188.80,8.40,Container,nan,Eastern Liner Shipping,Slot Charterers,02(16:19),ETA-06(17:00),NA,NA,"1,043 Boxes","1,677 TEUs",04(18:01),nan,nan,nan,nan,nan,nan,,10,07/03/26 17:40,07/03/26 17:55,HOJ-III,07/03/26 08:20,09/03/26 08:45,,,,
HAL12501999::SOL PURPOSE,HAL12501999,SOL PURPOSE,2026-03-02,2026-03-05,2,149.60,8.50,Container,nan,Transworld Global Logistics,Slot Charterers,Not Ready,ETA-07th,NA,NA,Nil,NA,NA,nan,nan,nan,nan,nan,nan,Only Import,11,08/03/26 17:00,08/03/26 18:00,4A,08/03/26 20:30,09/03/26 06:45,,,,
HAL12502019::SSL MUMBAI,HAL12502019,SSL MUMBAI,2026-03-05,2026-03-05,1,193.03,8.10,Container,nan,Unifeeder Agencies,Slot Charterers,Not Ready,ETA-08(23:00),NA,NA,19 Boxes,NA,NA,nan,nan,nan,nan,nan,nan,,10,09/03/26 16:30,09/03/26 16:45,,,,,,,
HAL12502011::SSL THAMIRABARANI,HAL12502011,SSL THAMIRABARANI,2026-03-05,2026-03-05,1,142.70,8.40,Container,nan,Unifeeder Agencies,Slot Charterers,03(22:43),04(20:48),04(20:48),NA,276 Boxes,339 TEUs,03(20:15),nan,nan,nan,nan,nan,nan,,10,06/03/26 04:45,,13 OFF,06/03/26 17:40,06/03/26 21:40,,,,
HAL12502007::STAR CAPOEIRA,HAL12502007,STAR CAPOEIRA,2026-03-02,2026-03-05,2,229.00,8.50,Limestone,nan,Gac Shipping,Tata Steel/TMILL,03(12:00),ETA-05(18:00),NA,NA,"34,766",NA,NA,nan,nan,nan,nan,nan,nan,,12,07/03/26 15:12,07/03/26 16:30,9,09/03/26 11:50,,,,,
HAL12502014::UACC MARAH (COASTAL),HAL12502014,UACC MARAH (COASTAL),2026-03-05,2026-03-05,1,183.00,8.20,nan,HSD-(I)-15358 MS-(I)-4373,ATLANTIC GLOBAL,RELIANCE INDUSTRIES,nan,nan,nan,nan,nan,nan,nan,03(16:00),04(07:30),04(07:30),35,RELIANCE INDUSTRIES,HOJ-III B-18(O),,,,,,,,,,,
HAL12502022::XENIA,HAL12502022,XENIA,2026-03-05,2026-03-05,1,229.00,7.98,Coking Coal,nan,J M Baxi & Co.,SAIL/MHC,Not Ready,ETA-07(AM),NA,NA,"33,000",NA,NA,nan,nan,nan,nan,nan,nan,,2,08/03/26 02:48,08/03/26 03:40,HOJ-III,09/03/26 12:00,,BERTH-2,BERTH-3,09/03/26 15:50,
HAL12501921R::XIN LONG YUN 58,HAL12501921R,XIN LONG YUN 58,2026-03-02,2026-03-05,2,166.23,6.10,Container,nan,Far Shipping,Slot Charterers,Ready,Ex KDS-05th,03(11:20),NA,240 Boxes,275 TEUs,NA,nan,nan,nan,nan,nan,nan,Only Export | Only Export. F/W at KDS on 03(11:20),,,,,,,,,,
HAL12501981::ZUNAIRAH ZARISHA 4,HAL12501981,ZUNAIRAH ZARISHA 4,2026-03-02,2026-03-05,2,82.98,3.50,Container,nan,Everett (India),Slot Charterers,Not Ready,ETA-07th,NA,NA,35 Boxes,NA,NA,nan,nan,nan,nan,nan,nan,,11,09/03/26 08:15,09/03/26 08:30,,,,,,,
HAL12502047::AM UMANG,HAL12502047,AM UMANG,2026-03-10,2026-03-10,1,228.99,8.00,Limestone & Pyroxenite,nan,Samsara Shipping,Tata Steel/TMILL,Not Ready,ETA-13(06:00),NA,NA,"30,003",NA,NA,nan,nan,nan,nan,nan,nan,,,,,,,,,,,
HAL12502050::ANGEL NO 11,HAL12502050,ANGEL NO 11,2026-03-10,2026-03-10,1,144.22,5.50,nan,MS-( E)-7000,SAMUDRA MARINE,HPL,nan,nan,nan,nan,nan,nan,nan,ETA-14.03.2026,Not Ready,Not Ready,N/A,HPL,HOJ-I/HOJ-III B-16(O)/17-8(O),Ullage confirmation & Readiness Documents are awaited.,,,,,,,,,,
HAL12502017::CARAVOS EXPLORER II,HAL12502017,CARAVOS EXPLORER II,2026-03-10,2026-03-10,1,228.99,7.20,Coking Coal,nan,Eveready Shipping,Trafigura India/MHC,07(10:02),07(23:30),07(23:30),07(23:30),"29,505",NA,NA,nan,nan,nan,nan,nan,nan,,,,,,,,,,,
HAL12502032::CIC EPOS,HAL12502032,CIC EPOS,2026-03-10,2026-03-10,1,229.00,7.78,Met Coke,nan,Eveready Shipping Agencies,Shyam Sel And Power/MHC,09(10:02),09(13:48),09(13:48),09(13:48),"27,500",NA,NA,nan,nan,nan,nan,nan,nan,Vessel neaped on 12(Night) & 14(Day) tides,,,,,,,,,,
HAL12502029::DING HENG 26,HAL12502029,DING HENG 26,2026-03-10,2026-03-10,1,124.00,8.15,nan,PARAXYLENE-(I)-9914,SAMUDRA MARINE,MCPI,nan,nan,nan,nan,nan,nan,nan,09(10:15),07(14:34),10(10:15),28,MCPI,HOJ-I & OT-II B-16(O)& OT-II,"Seniority at par with category 4 vessels, as vessel is waiting for more than 24 hours.",,,,3,17/03/26 05:42,18/03/26 07:30,,,,
HAL12502033::DING HENG 30,HAL12502033,DING HENG 30,2026-03-10,2026-03-10,1,111.98,5.00,nan,BENZENE-(E)-6000,SAMUDRA MARINE,HPL,nan,nan,nan,nan,nan,nan,nan,08(09:30),06(11:41),08(09:30),20,HPL,HOJ-I B-16(O),,,,,,,,,,,
HAL12501953::ESCADA,HAL12501953,ESCADA,2026-02-23,2026-03-10,5,154.00,8.10,Container,nan,Samsara Shipping,Slot Charterers,Not Ready,ETA-11(18:00),NA,NA,88 Boxes,NA,NA,nan,nan,nan,nan,nan,nan,Vessel neaped on 12(Night) & 14(Day) tides,,,,,,,,,,
HAL12502027::FG ROTTERDAM,HAL12502027,FG ROTTERDAM,2026-03-05,2026-03-10,2,145.53,8.30,nan,PARAXYLENE-(I)-14470,BOTHRA SHIPPING,MCPI,nan,nan,nan,nan,nan,nan,nan,08(07:48),07(14:38),09(07:48),38,MCPI,HOJ-I & OT-II B-16(O)& OT-II,"Ullage confirmation & Readiness Documents are awaited. | 1. Seniority at par with category 4 vessels, as vessel is waiting for more than 24 hours. 2. Vessel called at OT-II",,,,,,,,,,
HAL12502053::FRITZI N,HAL12502053,FRITZI N,2026-03-10,2026-03-10,1,225.29,7.90,nan,PROPANE-(I)-10303 BUTANE-(I)-10290,SEAWORLD SHIPPING,IOCL,nan,nan,nan,nan,nan,nan,nan,ETA-13.03.2026,Not Ready,Not Ready,N/A,IOPPL,HOJ-I/HOJ-II B-16(O)/17(O),Ullage confirmation & Readiness Documents are awaited.,,,,HOJ-II,18/03/26 17:12,19/03/26 08:12,,,,
HAL12502023::GAS EXPLORER,HAL12502023,GAS EXPLORER,2026-03-05,2026-03-10,2,99.98,4.50,nan,BUTADIENE-(E)-3150,SAMUDRA MARINE,HPL,nan,nan,nan,nan,nan,nan,nan,04(13:06),07(10:04),09(10:04),20,HPL,HOJ-I B-16(O),"Readiness Documents are awaited. | Seniority at par with category 4 vessels, as vessel is waiting for more than 48 hours.",,,,,,,,,,
HAL12502041::GREEN SHAKTI,HAL12502041,GREEN SHAKTI,2026-03-10,2026-03-10,1,225.00,7.60,nan,PROPANE-(I)-8500 BUTANE-(I)-8500,ATLANTIC GLOBAL,HPCL,nan,nan,nan,nan,nan,nan,nan,08(08:00),09(10:08),09(10:08),HOJ-I=34 HOJ-II=28,AEGIS,HOJ-I/HOJ-II B-16(O)/17(O),,,,,,,,,,,
HAL12502010::GUO DIAN 7,HAL12502010,GUO DIAN 7,2026-03-10,2026-03-10,1,178.00,7.36,Rock Phosphate,nan,Alap Carriers,Various/TMILL,07(15:00),09(15:36),09(15:36),13(15:36),"18,000",NA,09(12:49),nan,nan,nan,nan,nan,nan,Vesselwascalledin09(Night)tidebutcouldnotbesupplieddue to Marine constraint,,,,,,,,,,
HAL12502052::LA STELLA,HAL12502052,LA STELLA,2026-03-10,2026-03-10,1,199.98,8.08,Coking Coal,nan,Seatrans Shipmanegement,Balaji Malts & Sarfa Industries/MHC,09(17:42),ETA-10(19:00),NA,NA,"26,800",NA,NA,nan,nan,nan,nan,nan,nan,VesselneapedinallDayTidesfrom12thto15thand11(Night)& 12(Night) tides,,,,13,17/03/26 19:15,18/03/26 07:00,,,,
HAL12502059::MAMA SARA,HAL12502059,MAMA SARA,2026-03-10,2026-03-10,1,229.00,8.00,Coking Coal,nan,Kanoo Shipping,Tata Steel/GBTPL,Not Ready,ETA-12(14:00),NA,NA,"32,000",NA,NA,nan,nan,nan,nan,nan,nan,,,,,,,,,,,
HAL12501991::OCEAN GLORY,HAL12501991,OCEAN GLORY,2026-03-10,2026-03-10,1,178.03,7.98,Rock Phosphate,nan,V Ocean Shipping,Indorama India/TMILL,Not Ready,ETA-11(15:00),NA,NA,"20,400",NA,NA,nan,nan,nan,nan,nan,nan,Vessel neaped on 12(Night) & 14(Day) tides,,,,8,18/03/26 19:50,19/03/26 01:50,BERTH-12,BERTH-3,18/03/26 19:05,
HAL12501998::OMICRON SKY,HAL12501998,OMICRON SKY,2026-03-10,2026-03-10,1,224.99,7.83,Limestone,nan,Seatrans Shipmanegement,ESL Steel Limited/MHC,09(10:59),07(19:05),09(10:59),09(10:59),"28,000",NA,NA,nan,nan,nan,nan,nan,nan,Reporting timeas perAgent. Vessel neaped on12(Night) & 14(Day) tides,,,,,,,,,,
HAL12501964::REIMEI,HAL12501964,REIMEI,2026-02-24,2026-03-10,3,226.00,8.10,nan,PROPANE-(I)-11234 BUTANE-(I)-12693,ATLANTIC GLOBAL,BPCL,nan,nan,nan,nan,nan,nan,nan,26(07:18),06(16:08),06(16:08),36,BPCL,HOJ-III B-18(O),1. To undertake STS with Daughter vessel M.T. GREEN SACHI at Sandheads. 2. Ullage confirmation & Readiness Documents are awaited. | 1.STS opration with Daughter vessel M.T. GREEN SACHI commence at 26(17:36) and Completed on 27(13:30) at Sandheads. 2. Ullage confirmation & Readiness Documents are awaited. | 1. STS opration with Daughter vessel M.T. GREEN SACHI commence at 26(17:36) and Completed on 27(13:30) at Sandheads. 2. Vessel neaped from 12th to 15th Mar'2026,,,,,,,,,,
HAL12501997::ROYAL PEARL,HAL12501997,ROYAL PEARL,2026-03-10,2026-03-10,1,199.98,7.72,Manganese Ore,nan,Gac Shipping,Various/MHC,04(10:04),06(19:45),06(19:45),06(19:45),"19,388",NA,04(13:29),nan,nan,nan,nan,nan,nan,Vessel neaped on 12(Night) & 14(Day) tides,,,,,,,,,,
HAL12502043::SAKIZAYA MIRACLE,HAL12502043,SAKIZAYA MIRACLE,2026-03-10,2026-03-10,1,228.94,8.10,Coking Coal,nan,Interocean Shipping,SAIL/MHC,Not Ready,ETA-12th,NA,NA,"33,000",NA,NA,nan,nan,nan,nan,nan,nan,,,,,,,,,,,
HAL12502013::SANMAR SWARA (COASTAL),HAL12502013,SANMAR SWARA (COASTAL),2026-03-05,2026-03-10,2,228.49,8.00,nan,HSD-(I)-19060 MS-(I)-8518,ATLANTIC GLOBAL,BPCL,nan,nan,nan,nan,nan,nan,nan,02(23:36),04(10:01),04(10:01),HOJ-I&II=34 HOJ-III=42,BPCL,HOJ-I/HOJ-II/HOJ-III B-16(O)/17(O)/18(O),Vessel neaped from 12th to 14th Mar'2026,,,,,,,,,,
HAL12502009::SCARLET FALCON,HAL12502009,SCARLET FALCON,2026-03-05,2026-03-10,2,228.99,8.00,Coking Coal,nan,TMILL,Tata Steel & Shyam Sel & Power/MHC,04(11:39),05(00:30),05(00:30),05(00:30),"34,000",NA,NA,nan,nan,nan,nan,nan,nan,Inside Dock,,,,,,,,,,
HAL12501857::SEA HAWK,HAL12501857,SEA HAWK,2026-02-09,2026-03-10,5,181.16,8.40,Lentils,nan,Gac Shipping,Various,08(16:09),05(15:20),08(16:09),12(16:09),"11,000",NA,02(19:51),nan,nan,nan,nan,nan,nan,Vessel called in Day tide on date on Neaping,,,,13,19/03/26 19:00,19/03/26 21:12,,,,
HAL12502042::SHINE AGATE,HAL12502042,SHINE AGATE,2026-03-10,2026-03-10,1,229.00,8.03,PCI Coal,nan,J M Baxi Marine Services,SAIL/MHC,Not Ready,09(07:42),NA,NA,"32,000",NA,NA,nan,nan,nan,nan,nan,nan,Vessel swappedfromBOTBerth toPort Berthon09(11:36). VesselneapedinallDaytidesfrom12thto15thand andinall Night tides on 11th & 12th | VesselswappedfromBOTBerthtoPortBerthon09(11:36).Vessel neapedinallDaytidesfrom12thto15thand andinallNight tides on 11th & 12th,,,,,,,,,,
HAL12502000::SITC CAGAYAN,HAL12502000,SITC CAGAYAN,2026-03-02,2026-03-10,3,188.80,8.50,Container,nan,Eastern Liner Shipping,Slot Charterers,Not Ready,ETA-13th,NA,NA,257 Boxes,NA,NA,nan,nan,nan,nan,nan,nan,,,,,,,,,,,
HAL12502020::SOL PIONEER,HAL12502020,SOL PIONEER,2026-03-05,2026-03-10,2,149.60,8.10,Container,nan,Transworld Global Logistics,Slot Charterers,Not Ready,ETA-12(07:00),NA,NA,Nil,NA,NA,nan,nan,nan,nan,nan,nan,Only Import | Only Import. Vessel neaped on 12(Night) & 14(Day) tides,,,,,,,,,,
HAL12501982::SOL STRIDE,HAL12501982,SOL STRIDE,2026-03-02,2026-03-10,3,149.60,6.50,Container,nan,Transworld Global Logistics,Slot Charterers,Ready,Ex KDS-14th,NA,NA,125 Boxes,NA,NA,nan,nan,nan,nan,nan,nan,Only Export,HOJ-III,18/03/26 11:48,18/03/26 16:18,4A,17/03/26 19:50,19/03/26 00:15,,,,
HAL12501971::SWARNA KALASH (COASTAL),HAL12501971,SWARNA KALASH (COASTAL),2026-03-05,2026-03-10,2,184.95,8.00,nan,HSD-(I)-15478 MS-(I)-3624,ATLANTIC GLOBAL,RELIANCE INDUSTRIES,nan,nan,nan,nan,nan,nan,nan,26(17:48),25(10:04),06(07:30),35,RELIANCE INDUSTRIES,HOJ-III B-18(O),"1. Vessel was neaped till 28th Feb'2026. 2. Seniority at par with category 4 vessels w.e.f 28(17:48), as vessel is waiting for more than 48 hours. 3. Vessel was called in 03 AM tide however could not arrived due to engine problem. 4. Vide Email dated 03(08:42), Master of the vessel informed engine problem rectified. | 1. Vessel was neaped till 28th Feb'2026. 2. Seniority at par with category 4 vessels w.e.f 28(17:48), as vessel is waiting for more than 48 hours. 3. Vessel was called in 03(AM) tide. However, vessel could not arrive due to engine problem. 4. Vide Email dated 03(08:42), Master of the vessel informed engine problem rectified. 5. Vessel seniority swapped with M.T. UACC MARAH as Seniority at par with category 4 vessels, as vessel was waiting for more than 48 hours. 6. Vessel called at B/18(O)",,,,,,,,,,
HAL12502012::VISHVAKARMAA,HAL12502012,VISHVAKARMAA,2026-03-05,2026-03-10,2,225.28,7.90,nan,PROPANE-(I)-9080 BUTANE-(I)-9040,SEAWORLD SHIPPING,IOCL,nan,nan,nan,nan,nan,nan,nan,06(01:30),05(23:02),Not Ready,28,IOPPL,HOJ-I/HOJ-II B-16(O)/17(O),Ullage confirmation & Readiness Documents are awaited. | Vessel's Readiness has been withdrawn by the Terminal (IOPPL) vide email dated 10(09:54).,,,,,,,,,,
HAL12502031::YASA RUBY,HAL12502031,YASA RUBY,2026-03-10,2026-03-10,1,229.00,7.80,Steam Coal,nan,Alap Carriers,Giridhan Metal/HBT,06(18:15),10(06:00),10(06:00),10(06:00),"25,569",NA,NA,nan,nan,nan,nan,nan,nan,Vessel neaped on 12(Night) & 14(Day) tides,,,,,,,,,,
HAL12502036::YUAN HANG CAI FU,HAL12502036,YUAN HANG CAI FU,2026-03-10,2026-03-10,1,225.00,7.80,PCI Coal,nan,V Ocean Shipping,Rawmet Resources/MHC,06(16:43),07(15:36),07(15:36),07(15:36),"30,000",NA,07(09:27),nan,nan,nan,nan,nan,nan,Vessel neaped on 12(Night) & 14(Day) tides,,,,,,,,,,
HAL12502109::BASIC PEACE,HAL12502109,BASIC PEACE,2026-03-19,2026-03-19,1,229.00,8.30,Coking Coal,nan,Gac Shipping,SAIL/MHC,Not Ready,ETA-19(15:00),NA,NA,"33,000",NA,NA,nan,nan,nan,nan,nan,nan,,2,20/03/26 01:18,20/03/26 01:55,,,,,,,
HAL12502090::CORONET (COASTAL),HAL12502090,CORONET (COASTAL),2026-03-19,2026-03-19,1,183.22,7.80,nan,SKO-(I)-6465 MS-(I)-1394,ATLANTIC GLOBAL,IOCL,nan,nan,nan,nan,nan,nan,nan,10(19:24),16(13:16),16(13:16),48,IOCL,HOJ-II B-17(O),1. Vessel declared on- 16(13:16) 2. Vessel called at B/17(O),,,,,,,,,,
HAL12502080::NORD KUDU,HAL12502080,NORD KUDU,2026-03-19,2026-03-19,1,228.99,8.23,Met Coke,nan,Eveready Shipping Agencies,Jai Balaji Industries & India Coke & Power/MHC,18(14:41),19(02:30),19(02:30),19(02:30),"34,609",NA,18(15:11),nan,nan,nan,nan,nan,nan,Vessel called in Day tide on date,8,19/03/26 15:30,19/03/26 17:00,,,,,,,
HAL12502105::SAFESEA LAXMI,HAL12502105,SAFESEA LAXMI,2026-03-19,2026-03-19,1,228.99,8.15,Met Coke & Nut Coke,nan,Gac Shipping,Ramsarup Industries & JSW Minerals Trading/MHC,18(16:51),19(08:30),19(08:30),19(08:30),"31,300",NA,18(18:25),nan,nan,nan,nan,nan,nan,Reporting time as per Agent,13,20/03/26 03:12,20/03/26 04:20,,,,,,,
HAL12502082::AMAZON,HAL12502082,AMAZON,2026-03-19,2026-03-20,2,229.00,7.95,Steam Coal,nan,Seatrans Shipmanagement,Haldia Petrochemicals/MHC,19(09:42),19(18:12),19(18:12),19(18:12),"31,500",NA,19(14:04),nan,nan,nan,nan,nan,nan,,,,,2,23/03/26 08:30,23/03/26 09:50,,,,
HAL12502115::CAPTAIN GEORGE,HAL12502115,CAPTAIN GEORGE,2026-03-20,2026-03-20,1,228.99,8.30,Coking Coal,nan,TMILL,SAIL/ISPHL,BOT Berth,ETA-23(06:00),NA,NA,"33,000",NA,NA,nan,nan,nan,nan,nan,nan,,4A,23/03/26 15:25,24/03/26 04:45,4A,25/03/26 16:50,26/03/26 12:15,,,,
HAL12502098::CL ANZI HE,HAL12502098,CL ANZI HE,2026-03-20,2026-03-20,1,199.99,8.50,Manganese Ore,nan,Gac Shipping,Various/MHC,Not Ready,ETA-21(06:00),NA,NA,"17,158",NA,19(16:53),nan,nan,nan,nan,nan,nan,,3,23/03/26 08:30,23/03/26 15:12,2,24/03/26 12:30,25/03/26 00:05,BERTH-3,BERTH-2,23/03/26 16:06,23/03/26 17:40
HAL12502083::FORTUNE (COASTAL),HAL12502083,FORTUNE (COASTAL),2026-03-19,2026-03-20,2,127.90,6.20,nan,LUBE OIL-(E )11000,ATLANTIC GLOBAL,IOCL,nan,nan,nan,nan,nan,nan,nan,15(19:24),14(12:26),15(19:24),48,IOCL,HOJ-I B-16(O),1. Vessel declared on 14(12:26) 2. Vessel called at B/16(O),,,,,,,,,,
HAL12502108::FULMAR S,HAL12502108,FULMAR S,2026-03-19,2026-03-20,2,229.00,8.40,Coking Coal,nan,Seatrans Shipmanagement,SAIL/ISPHL,BOT Berth,ETA-21(03:00),NA,NA,"32,100",NA,NA,nan,nan,nan,nan,nan,nan,,,,,HOJ-I,23/03/26 12:10,30/03/26 16:25,BERTH-8,BERTH-3,24/03/26 20:40,
HAL12502072::GOLDEN ISLAND,HAL12502072,GOLDEN ISLAND,2026-03-19,2026-03-20,2,199.90,7.88,Manganese Ore,nan,Benline Agencies,Various/MHC,18(11:40),ETA-20(18:30),NA,NA,"26,530",NA,18(14:11),nan,nan,nan,nan,nan,nan,,,,,13,23/03/26 10:15,23/03/26 16:35,,,,
HAL12502049::MELBOURNE SPIRIT,HAL12502049,MELBOURNE SPIRIT,2026-03-19,2026-03-20,2,179.90,8.47,Raw Petroleum Coke,nan,Sea Chhathmaa Shipping,Petro Carbon & Chemicals & Premier Industries/MHC,13(14:55),17(20:36),17(20:36),17(20:36),"26,287",NA,13(18:25),nan,nan,nan,nan,nan,nan,"Lightening 7,550 MT at Sagar. (BOB - 6,800 MT). After completionoflighterageopertaionexpecteddraftwouldbe8.70 Mtr. | Lightened7,550MTatSagar.[F/W:19(14:30)].Vesselcalledin Day tide on date",,,,9,24/03/26 10:15,24/03/26 16:35,,,,
HAL12502044::ORCHARD STAR,HAL12502044,ORCHARD STAR,2026-03-10,2026-03-20,3,158.56,5.70,Container,nan,Far Shipping,Slot Charterers,Ready,Ex KDS-19th,19(02:25),NA,285 Boxes,354 TEUs,19(12:03),nan,nan,nan,nan,nan,nan,Only Export | Only Export. F/W at KDS on 19(02:25) | OnlyExport.F/WatKDSon19(02:25).ReportedatSandheadson 19(22:18). Vessel called in Day tide on date,,,,,,,,,,
HAL12502096::PROSPER (COASTAL),HAL12502096,PROSPER (COASTAL),2026-03-19,2026-03-20,2,128.60,5.20,nan,LUBE OIL-(E)-11000,ATLANTIC GLOBAL,IOCL,nan,nan,nan,nan,nan,nan,nan,14(18:24),16(16:45),16(16:45),48,IOCL,HOJ-I B-16(O),Vessel declared on- 16(16:45),,,,,,,,,,
HAL12502091::SANMAR SANTOOR (COASTAL),HAL12502091,SANMAR SANTOOR (COASTAL),2026-03-19,2026-03-20,2,182.50,8.40,nan,HSD-(I)-8100 MS-(I)-11000,ATLANTIC GLOBAL,BPCL,nan,nan,nan,nan,nan,nan,nan,ETA-20(11:00),18(15:32),ETA-20(11:00),38,BPCL,HOJ-III B-18(O),"As Informed by BPCL, the cargo can be recived at HOJ-III from 20.03.2026 onwards.",,,,,,,,,,
HAL12502092::SANMAR SNEHA (COASTAL),HAL12502092,SANMAR SNEHA (COASTAL),2026-03-19,2026-03-20,2,200.00,7.20,nan,NAPTHA-(I)-10000,BEN LINE AGENCIES,HPL,nan,nan,nan,nan,nan,nan,nan,ETA-20(13:00),19(12:56),ETA-20(13:00),HOJ-I=14 HOJ-II&III=11,HPL,HOJ-I/HOJ-II/HOJ-III B-16(O)/17(O)/18(O),Ullage confirmation & Readiness Documents are awaited.,,,,,,,,,,
HAL12502062::SITC PORT KLANG,HAL12502062,SITC PORT KLANG,2026-03-19,2026-03-20,2,188.80,8.50,Container,nan,Eastern Liner Shipping,Slot Charterers,Not Ready,ETA-22(05:00),NA,NA,259 Boxes,NA,NA,nan,nan,nan,nan,nan,nan,,,,,4B,24/03/26 03:45,24/03/26 07:00,,,,
HAL12502076::SKY JOY,HAL12502076,SKY JOY,2026-03-19,2026-03-20,2,116.50,8.40,nan,PARAXYLENE-(I)-10047,SAMUDRA MARINE,MCPI,nan,nan,nan,nan,nan,nan,nan,ETA-20(14:00),19(13:51),ETA-20(14:00),28,MCPI,HOJ-I & OT-II B-16(O) & OT-II,Ullage confirmation & Readiness Documents are awaited.,,,,,,,,,,
HAL12502020R::SOL PIONEER,HAL12502020R,SOL PIONEER,2026-03-10,2026-03-20,3,149.60,6.50,Container,nan,Transworld Global Logistics,Slot Charterers,Ready,Ex KDS-30th,NA,NA,Nil,NA,NA,nan,nan,nan,nan,nan,nan,Only Export,,,,,,,,,,
HAL12502095::SSL THAMIRABARANI,HAL12502095,SSL THAMIRABARANI,2026-03-19,2026-03-20,2,142.70,8.20,Container,nan,Unifeeder Agencies,Slot Charterers,Not Ready,ETA-23(13:00),NA,NA,40 Boxes,NA,NA,nan,nan,nan,nan,nan,nan,,11,24/03/26 04:30,,11,25/03/26 04:30,,,,,
HAL12502067::XIN LONG YUN 58,HAL12502067,XIN LONG YUN 58,2026-03-19,2026-03-20,2,166.23,8.10,Container,nan,Far Shipping,Slot Charterers,19(10:02),ETA-20(13:00),NA,NA,207 Boxes,283 TEUs,NA,nan,nan,nan,nan,nan,nan,Only Import,,,,,,,,,,
HAL12502103::KOTA RANCAK,HAL12502103,KOTA RANCAK,2026-03-19,2026-03-24,3,145.93,8.20,Container,nan,PIL India,Slot Charterers,23(09:27),24(00:30),24(00:30),NA,172 Boxes,256 TEUs,22(17:18),nan,nan,nan,nan,nan,nan,Only Import | OnlyImport.ReportingtimeasperAgent.VesselcalledinDay tide on date,10,24/03/26 16:00,24/03/26 16:15,10,25/03/26 05:20,,,,,
HAL12502121::MALED,HAL12502121,MALED,2026-03-24,2026-03-24,1,147.83,8.20,nan,NAPHTHA-(I)-13000,ATLANTIC GLOBAL,HPL,nan,nan,nan,nan,nan,nan,nan,23(10:24),22(09:28),23(10:24),HOJ-I=19 HOJ-II & III=16,HPL,HOJ-I/HOJ-II/HOJ-III B-16(O)/17(O)/18(O),Vessel called at B/16(O),HOJ-I,24/03/26 14:48,24/03/26 16:30,4,26/03/26 01:48,26/03/26 12:18,,,,
HAL12502060::MEDI CABOTO,HAL12502060,MEDI CABOTO,2026-03-19,2026-03-24,3,199.92,11.41,Manganese Ore,nan,Seavision Shipping,Various/MHC,13(10:15),13(09:34),13(10:15),13(10:15),"31,000",NA,11(12:56),nan,nan,nan,nan,nan,nan,"To lighten 21,710 MT at Sandheads | Lightening21,710 MTat Sandheads. (BOB- 5,805MT). After completionoflighterageoperation,expecteddraftwouldbe8.20 as confirmed by Agent",8,25/03/26 04:12,,7,26/03/26 15:45,27/03/26 01:35,,,,
HAL12502125::ROYAL LAUREL,HAL12502125,ROYAL LAUREL,2026-03-24,2026-03-24,1,229.00,7.80,Met Coke,nan,Kanoo shipping,Various/MHC,23(13:09),22(14:18),22(14:18),22(14:18),"30,135",NA,NA,nan,nan,nan,nan,nan,nan,Vessel can work only at B/14,,,,2,27/03/26 03:30,27/03/26 08:00,,,,
HAL12502070::SEAGULL,HAL12502070,SEAGULL,2026-03-19,2026-03-24,3,196.00,7.00,Yellow Peas,nan,Benline Agencies,Various,Not Ready,12(12:58),NA,NA,"13,999",NA,NA,nan,nan,nan,nan,nan,nan,"To lighten 5,000 MT at Sagar | To lighten 5,000 MT at Sagar. Lightened cargo destined for KDS | Lightened5,000MTatSagar.LightenedcargodestinedforKDS. F/WatSagaron20(10:50).PresentlyvesselworkingatDiamond Harbour",,,,7,01/04/26 02:20,01/04/26 03:00,,,,
HAL12502089::TONG YOUNG,HAL12502089,TONG YOUNG,2026-03-19,2026-03-24,3,126.50,8.40,nan,PARAXYLENE-(I)-10000,WILHELMSEN,MCPI,nan,nan,nan,nan,nan,nan,nan,21(06:45),22(08:43),22(19:48),28,MCPI,HOJ-I & OT-II B-16(O) & OT-II,"Ullage confirmation & Readiness Documents are awaited. | 1. As per the agent's email dated 22(10:19), the vessel's NRA stands withdrwn;subsequently, the same has been received vide email dated 22(19:48) 2. Vessel called at OT-II",TERMINAL,24/03/26 14:36,24/03/26 16:40,HOJ-I,25/03/26 20:00,26/03/26 12:20,,,,
HAL12502058::AS ALVA,HAL12502058,AS ALVA,2026-03-10,2026-03-25,5,191.03,8.50,Container,nan,MSC Agency,Slot Charterers,Not Ready,ETA-31st,NA,NA,273 Boxes,NA,NA,nan,nan,nan,nan,nan,nan,"As per Agent, the voyage of the vessel may be cancelled",,,,,,,,,,
HAL12502112::ATALANTIS,HAL12502112,ATALANTIS,2026-03-19,2026-03-25,4,170.02,8.30,Sulphur,nan,Alap Carriers,Sai Sulphonates & Teesta Agro Industries/MHC,24(14:30),22(12:05),24(14:30),24(14:30),"10,078",NA,20(18:32),nan,nan,nan,nan,nan,nan,Payment received | Paymentreceived.VesselcanworkonlyatB/14.Vesselneaped on 26(Night) & 28(Day),4B,26/03/26 18:00,26/03/26 22:45,13,29/03/26 01:30,29/03/26 02:20,BERTH-4B,BERTH-13,27/03/26 09:40,27/03/26 11:00
HAL12502077::BLPL BLESSING,HAL12502077,BLPL BLESSING,2026-03-19,2026-03-25,4,150.73,6.90,Container,nan,Transworld Global Logistics,Slot Charterers,Ready,Ex KDS-24th,23(20:00),NA,174 Boxes,175 TEUs,24(12:17),nan,nan,nan,nan,nan,nan,Only Export | Only Export. F/W at KDSon23(20:00).ETA atSandheadson 24(23:00) | OnlyExport.F/WatKDSon23(20:00).ReportedatSandheadson 25(02:35). Vessel called in Day tide on date,,,,10,26/03/26 01:50,26/03/26 06:30,,,,
HAL12502118::GLOBE POLARIS,HAL12502118,GLOBE POLARIS,2026-03-24,2026-03-25,2,228.59,8.20,nan,PROPANE-(I)-6150 BUTANE-(I)-6150,SEAWORLD SHIPPING,IOCL,nan,nan,nan,nan,nan,nan,nan,25(06:24),23(10:32),25(06:24),HOJ-I&II=26,IOPPL,HOJ-I/HOJ-II B-16(O)/17(O),Vessel called at B/17(O),,,,HOJ-III,27/03/26 00:30,27/03/26 02:54,,,,
HAL12502132::MSC RIONA,HAL12502132,MSC RIONA,2026-03-24,2026-03-25,2,184.10,7.70,Container,nan,MSC Agency,Slot Charterers,Not Ready,ETA-26(03:00),NA,NA,53 Boxes,NA,24(17:57),nan,nan,nan,nan,nan,nan,,11,26/03/26 22:30,,11,28/03/26 20:04,01/04/26 17:40,BERTH-11,BERTH-12,29/03/26 11:50,
HAL12502110::OCEANIC ETHER,HAL12502110,OCEANIC ETHER,2026-03-19,2026-03-25,4,99.90,5.10,nan,BUTADIENE-(E)-3150,SAMUDRA MARINE,HPL,nan,nan,nan,nan,nan,nan,nan,23(08:48),23(10:32),25(10:32),20,HPL,HOJ-I B-16(O),"Readiness Documents are awaited. | Seniority at par with category 4 vessels, as vessel is waiting for more than 48 hours.",HOJ-I,26/03/26 16:24,26/03/26 19:00,HOJ-I,27/03/26 12:30,27/03/26 14:00,,,,
HAL12502086::SOL FORTUNE,HAL12502086,SOL FORTUNE,2026-03-19,2026-03-25,4,149.60,8.30,Container,nan,Transworid Global Logistics,Slot Charterers,23(12:03),ETA-25(15:00),NA,NA,164 Boxes,168 TEUs,24(13:10),nan,nan,nan,nan,nan,nan,Only Import,11,26/03/26 06:15,26/03/26 06:30,TERMINAL 2,26/03/26 12:25,26/03/26 20:15,,,,
HAL12502138::VENUS STAR,HAL12502138,VENUS STAR,2026-03-24,2026-03-25,2,229.00,7.93,Coking Coal,nan,Gac Shipping,SAIL/ISPHL,BOT Berth,25(02:46),25(02:46),25(02:46),"31,814",NA,NA,nan,nan,nan,nan,nan,nan,VesselswappedfromPortBerthtoBOTBerthon24(12:35).Vessel called in Day tide on date | Vessel swapped from Port Berth to BOT Berth on 24(12:35). Vessel called in Day tide on date,,,,4A,27/03/26 22:00,28/03/26 01:00,,,,
HAL12502116::VISHVA ANAND,HAL12502116,VISHVA ANAND,2026-03-20,2026-03-25,3,229.00,8.10,Coking Coal,nan,The Shipping Corporation,SAIL/MHC,Not Ready,24(21:36),NA,NA,"33,000",NA,24(15:23),nan,nan,nan,nan,nan,nan,Late for tide on 24(Night) tide. Vessel called in Day tide on date,,,,HOJ-II,27/03/26 01:00,27/03/26 11:50,,,,
HAL12502142::YASU,HAL12502142,YASU,2026-03-25,2026-03-25,1,228.99,8.30,Coking Coal,nan,Gac Shipping,SAIL/MHC,Not Ready,ETA-28th,NA,NA,"33,000",NA,NA,nan,nan,nan,nan,nan,nan,,,,,,,,,,,
HAL12502071::ZUNAIRAH ZARISHA 4,HAL12502071,ZUNAIRAH ZARISHA 4,2026-03-19,2026-03-25,4,82.98,3.30,Container,nan,Everett (India),Slot Charterers,18(19:36),18(20:05),18(20:05),NA,89 Boxes,100 TEUs,17(10:48),nan,nan,nan,nan,nan,nan,NRA till 20(Night) tide | NRA till 24(Night) tide | NRA till 26(Night) tide,10,27/03/26 08:00,27/03/26 08:15,10,28/03/26 12:30,28/03/26 13:20,,,,
HAL12502122::CAPE TAURA,HAL12502122,CAPE TAURA,2026-03-26,2026-03-26,1,228.60,8.20,CBFS,nan,J M Baxi Marive Services,Himadri Speciality Chemical,Not Ready,ETA-29th,NA,NA,"27,200",NA,25(11:48),nan,nan,nan,nan,nan,nan,,6,31/03/26 02:30,,12,02/04/26 01:06,02/04/26 03:20,,,,
HAL12502150::DDELPHINUS 12,HAL12502150,DDELPHINUS 12,2026-03-26,2026-03-26,1,182.88,8.00,CDSBO,nan,Interocean Shipping,AWL Agri Business,Not Ready,ETA-04th,NA,NA,"19,049",NA,NA,nan,nan,nan,nan,nan,nan,,,,,,,,,,,
HAL12502124R::DOLPHIN 01,HAL12502124R,DOLPHIN 01,2026-03-26,2026-03-26,1,127.20,6.00,Palm Stearin,nan,Wilhelmsen Port Services,Gokul Agro Resources,Not Ready,ETA-28th,NA,NA,"7,000",NA,NA,nan,nan,nan,nan,nan,nan,Export,,,,,,,,,,
HAL12502127::LARGO EVOLUTION,HAL12502127,LARGO EVOLUTION,2026-03-26,2026-03-26,1,183.06,8.50,CDSBO & CSFSO,nan,Interocean Shipping,Various,Not Ready,ETA-29(06:00),NA,NA,"22,150",NA,NA,nan,nan,nan,nan,nan,nan,,4,30/03/26 11:36,30/03/26 14:48,8,01/04/26 20:36,,,,,
HAL12502117::MTM NEWPORT,HAL12502117,MTM NEWPORT,2026-03-26,2026-03-26,1,179.53,8.10,CDSBO,nan,Seaport Services,Various,Not Ready,ETA-27(12:00),NA,NA,"18,750",NA,NA,nan,nan,nan,nan,nan,nan,,4,27/03/26 19:48,28/03/26 00:42,4,29/03/26 20:06,30/03/26 06:15,,,,
HAL 12502136::PORT EVERGLADES,HAL 12502136,PORT EVERGLADES,2026-03-26,2026-03-26,1,199.00,8.98,M.Ore,nan,Sea Jewel Shipping Pvt. Ltd.,Various,Not Ready,ETA-28.03.2026,N/A,N/A,"4,500",N/A,N/A,nan,nan,nan,nan,nan,nan,"Total Cargo: 33,175 MT. Balance cargo to be discharged at Inside dock .",,,,,,,,,,
HAL12502148::PRIME FORTUNE,HAL12502148,PRIME FORTUNE,2026-03-26,2026-03-26,1,129.98,8.50,CDSBO,nan,Atlantic Global Shipping,Emami Agrotech,Not Ready,ETA-28(19:00),NA,NA,"12,097",NA,NA,nan,nan,nan,nan,nan,nan,,TERMINAL,29/03/26 09:24,29/03/26 22:30,10,01/04/26 04:35,01/04/26 08:46,,,,
HAL12502123::SC GOLD OCEAN,HAL12502123,SC GOLD OCEAN,2026-03-26,2026-03-26,1,180.00,7.60,CBFS,nan,J M Baxi Marive Services,Himadri Speciality Chemical,Not Ready,ETA-26(20:00),NA,NA,"20,000",NA,24(13:56),nan,nan,nan,nan,nan,nan,,6,27/03/26 08:18,27/03/26 12:12,6,28/03/26 09:42,28/03/26 11:30,,,,
HAL12502139::SC GOLD OCEAN,HAL12502139,SC GOLD OCEAN,2026-03-26,2026-03-26,1,180.00,8.00,CBFS,nan,J M Baxi Marive Services,Himadri Speciality Chemical,Not Ready,ETA-29th,NA,NA,"20,000",NA,NA,nan,nan,nan,nan,nan,nan,ToundergoSTSoperationwithM.T.CAPETAURAatDhamraafter first voyage,6,02/04/26 04:42,,11,03/04/26 20:50,04/04/26 00:15,,,,
HAL12502113::SINAR MALAHAYATI,HAL12502113,SINAR MALAHAYATI,2026-03-26,2026-03-26,1,147.83,5.60,RBD Palm Stearin & Fatty Acid Distillate,nan,Seaport Services,Emami Agrotech,Not Ready,ETA-28(02:00),NA,NA,"8,000",NA,NA,nan,nan,nan,nan,nan,nan,,4 OFF,30/03/26 12:54,31/03/26 01:00,,,,BERTH-4,BERTH-5,31/03/26 08:18,31/03/26 20:00
HAL12502144::YUN XIANG 61,HAL12502144,YUN XIANG 61,2026-03-26,2026-03-26,1,115.03,6.80,Acetic Acid,nan,Samudra Marine Services,MCPI & Goenka Chemical,Not Ready,ETA-28th,NA,NA,"6,199",NA,25(10:51),nan,nan,nan,nan,nan,nan,,7,28/03/26 22:12,29/03/26 00:18,7,29/03/26 12:00,29/03/26 15:25,,,,
HAL12502134::AN HAI STAR,HAL12502134,AN HAI STAR,2026-03-25,2026-03-27,2,118.01,8.05,Raw Petroleum Coke,nan,Sea Chhathmaa Shipping,Petro Carbon and Chemicals,25(09:43),27(03:20),27(03:20),31(03:20),"9,400",NA,NA,nan,nan,nan,nan,nan,nan,Vessel called in Day tide on date,5,27/03/26 21:30,28/03/26 04:35,4B,30/03/26 20:45,31/03/26 06:30,,,,
HAL12502143::HARI AKASH (COASTAL),HAL12502143,HARI AKASH (COASTAL),2026-03-24,2026-03-27,3,117.27,7.80,nan,MS-(I)-1200 MS-(E)-1200,ATLANTIC GLOBAL,IOCL,nan,nan,nan,nan,nan,nan,nan,25(17:42),23(17:09),25(17:42),36,IOCL,HOJ-I B-16(O),Vessel declared on 23(17:09) | 1. Vessel declared on 23(17:09) 2. Vessel called at B/16(O),,,,,,,,,,
HAL12502107::HIGH TIDE,HAL12502107,HIGH TIDE,2026-03-19,2026-03-27,5,183.31,8.20,nan,HSD-(I)-16077 MS-(I)-3453,ATLANTIC GLOBAL,RELIANCE,nan,nan,nan,nan,nan,nan,nan,21(16:12),27(10:40),27(10:40),38,RELIANCE,HOJ-III B-18(O),Ullage confirmation & Readiness Documents are awaited. | Vessel neaped on 28th Mar'2026 (Only Day tide),HOJ-III,27/03/26 18:42,27/03/26 21:30,HOJ-III,28/03/26 21:30,29/03/26 06:06,,,,
HAL12502106::SUPER EASTERN,HAL12502106,SUPER EASTERN,2026-03-19,2026-03-27,5,120.00,8.00,nan,PARAXYLENE-(I)-9503,SEAPORT SERVICES,MCPI,nan,nan,nan,nan,nan,nan,nan,21(18:00),22(09:35),27(07:44),27,MCPI,HOJ-I & OT-II B-16(O) & OT-II,"Ullage confirmation & Readiness Documents are awaited. | Seniority at par with category 4 vessels, as vessel is waiting for more than 24 hours. | 1. Seniority at par with category 4 vessels, as vessel is waiting for more than 24 hours. 2. Vessel was called in 26th (AM) tide. However, vessel could not arrive due to engine problem. 3. As per Email received from agent Vide Email dated 27(07:44),the vessel's engine problem has been rectified.",TERMINAL,28/03/26 07:50,28/03/26 10:54,TERMINAL 2,29/03/26 06:24,29/03/26 06:42,,,,
HAL12502152::SWARNA MALA,HAL12502152,SWARNA MALA,2026-03-27,2026-03-27,1,183.00,7.20,nan,NAPTHA-(E)-14000,THE SHIPPING CORPORATION,IOCL,nan,nan,nan,nan,nan,nan,nan,20(03:18),25(14:08),25(14:08),60,IOPPL,HOJ-I/HOJ-II B-16(O)/17(O),Vessel called at B/17(O),HOJ-II,27/03/26 18:18,27/03/26 20:30,HOJ-II,29/03/26 01:24,29/03/26 06:12,,,,
HAL12502088::DM DRAGON,HAL12502088,DM DRAGON,2026-03-19,2026-03-28,6,126.50,6.00,nan,BENZENE-( E)-6300,SAMUDRA MARINE,HPL,nan,nan,nan,nan,nan,nan,nan,21(10:10),28(09:27),28(09:27),20,HPL,HOJ-I B-16(O),Readiness Documents are awaited.,HOJ-I,29/03/26 09:00,29/03/26 10:20,HOJ-I,30/03/26 04:48,30/03/26 06:30,,,,
HAL12502104::ESCADA,HAL12502104,ESCADA,2026-03-19,2026-03-28,6,154.00,7.30,Container,nan,Samsara Shipping,Slot Charterers,25(10:03),27(05:48),27(05:48),NA,509 Boxes,663 TEUs,25(18:11),nan,nan,nan,nan,nan,nan,Reporting time as per Agent. Vessel called in Day tide on date | Inside Dock,2,28/03/26 00:30,,10,30/03/26 01:50,30/03/26 03:00,BERTH-2,BERTH-10,28/03/26 16:00,28/03/26 16:20
HAL12502111::MSC MAKOTO II,HAL12502111,MSC MAKOTO II,2026-03-19,2026-03-28,6,175.49,8.40,Container,nan,Msc Agency,Slot Charterers,Not Ready,ETA-07th,NA,NA,Nil,NA,NA,nan,nan,nan,nan,nan,nan,Vessel voyage may be cancelled as intimated by vessel agent,,,,,,,,,,
HAL12502063::MSC TIGER F,HAL12502063,MSC TIGER F,2026-03-19,2026-03-28,6,154.51,8.50,Container,nan,MSC Agency,Slot Charterers,Ready,Ex KDS-07th,NA,NA,Nil,NA,NA,nan,nan,nan,nan,nan,nan,Only Export | Vessel voyage may be cancelled as intimated by vessel agent,,,,,,,,,,
HAL12502142::YAESU,HAL12502142,YAESU,2026-03-27,2026-03-28,2,228.99,7.80,Coking Coal,nan,Gac Shipping,SAIL/ISPHL,BOT Berth,ETA-28(15:00),NA,NA,"33,000",NA,27(12:37),nan,nan,nan,nan,nan,nan,Vessel swapped from Port Berth to BOT Berth on 27(11:46). Vessel called in Night tide on date | VesselswappedfromPortBerthtoBOTBerthon27(11:46).Vessel called in Night tide on date,4A,28/03/26 21:00,28/03/26 21:50,6,30/03/26 23:30,31/03/26 02:00,,,,
HAL12502135::DS COUGAR,HAL12502135,DS COUGAR,2026-03-24,2026-03-29,5,126.50,8.20,nan,PARAXYLENE-(I)-10221,SAMUDRA MARINE,MCPI,nan,nan,nan,nan,nan,nan,nan,28(00:24),28(18:20),28(18:20),29,MCPI,HOJ-I & OT-II B-16(O) & OT-II,Ullage confirmation & Readiness Documents are awaited.,HOJ-I,30/03/26 09:54,30/03/26 12:18,5,31/03/26 05:50,31/03/26 07:00,,,,
HAL12502129::ECO CENTURION,HAL12502129,ECO CENTURION,2026-03-24,2026-03-29,5,228.99,8.30,Coking Coal,nan,TMILL,Tata Steel/GBTPL,21(12:00),29(02:10),29(02:10),29(02:10),"34,498",NA,NA,nan,nan,nan,nan,nan,nan,Vessel called in Day tide on date,4B,29/03/26 11:00,29/03/26 12:25,8,31/03/26 04:00,31/03/26 13:25,BERTH-4B,BERTH-4A,31/03/26 05:05,
HAL12502114::MIHO PRACAT,HAL12502114,MIHO PRACAT,2026-03-27,2026-03-29,3,228.99,8.10,Lam Coke,nan,Infinity Shipping,Neo Metaliks/MHC,27(17:19),29(05:25),29(05:25),29(05:25),"26,827",NA,NA,nan,nan,nan,nan,nan,nan,Impoter requested to avoid allocating Berth No. 9 due to contamination of their valuable cargo,2,29/03/26 21:40,29/03/26 23:15,4A,31/03/26 09:50,31/03/26 15:10,,,,
HAL12502133::MSC ANDREA F,HAL12502133,MSC ANDREA F,2026-03-24,2026-03-29,5,147.82,5.90,Container,nan,MSC Agency,Slot Charterers,Ready,Ex KDS-28th,27(20:00),NA,380 Boxes,750 TEUs,28(14:37),nan,nan,nan,nan,nan,nan,F/W at KDS on 27(20:00) | F/WatKDSon27(20:00).ReportedatSandheadson28(17:00). Vessel called in Day tide on date,11,29/03/26 15:15,29/03/26 15:30,11,30/03/26 02:30,30/03/26 12:00,,,,
HAL12502119::NEW WAVELET,HAL12502119,NEW WAVELET,2026-03-27,2026-03-29,3,228.90,8.05,Coking Coal,nan,Seatrans Shipmanagement,JSW Minerals Trading/MHC,24(16:42),29(00:48),29(00:48),29(00:48),"20,000",NA,28(11:18),nan,nan,nan,nan,nan,nan,,8,29/03/26 23:42,30/03/26 02:00,4A,31/03/26 00:45,31/03/26 03:50,,,,
HAL12502167::SANMAR SWARA (COASTAL),HAL12502167,SANMAR SWARA (COASTAL),2026-03-28,2026-03-29,2,228.49,7.70,nan,HSD-(I)-20453 MS-(I)-4404,ATLANTIC GLOBAL,BPCL,nan,nan,nan,nan,nan,nan,nan,ETA-29(13:00),27(16:55),ETA-29(13:00),HOJ-III=36,BPCL,HOJ-I/HOJ-II/HOJ-III B-16(O)/17(O)/18(O),"As Informed by BPCL, the cargo can be recived at HOJ-III from 29.03.2026 onwards.",,,,,,,,,,
HAL12502099::SITC CEBU,HAL12502099,SITC CEBU,2026-03-19,2026-03-30,8,188.80,7.70,Container,nan,Eastern Liner Shipping,Slot Charterers,27(09:45),30(08:00),30(08:00),NA,833 Boxes,"1,594 TEUs",28(10:33),nan,nan,nan,nan,nan,nan,Reporting time as per Agent,10,31/03/26 00:45,31/03/26 05:54,,,,,,,
HAL12502166::AC RENHE,HAL12502166,AC RENHE,2026-03-28,2026-03-31,4,225.00,7.90,Coking Coal,nan,J M Baxi Marine Services,SAIL/MHC,Not Ready,30(03:30),NA,NA,"33,000",NA,30(20:04),nan,nan,nan,nan,nan,nan,Vessel called in Day tide on date,8,31/03/26 12:30,31/03/26 13:05,6,02/04/26 00:15,02/04/26 05:30,BERTH-8,BERTH-12,02/04/26 01:50,
HAL12502147::GAS QUANTUM,HAL12502147,GAS QUANTUM,2026-03-25,2026-03-31,6,173.70,7.90,nan,AMMONIA-(I)-9700,SEAFREIGHT SHIPPING,INDORAMA,nan,nan,nan,nan,nan,nan,nan,30(17:35),28(06:49),30(17:35),22,INDORAMA,HOJ-I B-16(O),Ullage confirmation & Readiness Documents are awaited. | Vessel called at B/16(O),HOJ-I,31/03/26 10:42,31/03/26 11:54,HOJ-I,01/04/26 06:54,01/04/26 08:36,,,,
HAL12502172::ITHAKI I,HAL12502172,ITHAKI I,2026-03-29,2026-03-31,3,229.00,8.00,Coking Coal,nan,Gac Shipping,SAIL/MHC,Not Ready,31(08:15),NA,NA,"32,000",NA,NA,nan,nan,nan,nan,nan,nan,Vessel swapped from BOT Berth to Port Berth on 30(11:28). Reporting time as per Agent,4A,01/04/26 02:10,01/04/26 03:00,4A,03/04/26 08:30,03/04/26 08:50,,,,
HAL12502136::PORT EVERGLADES,HAL12502136,PORT EVERGLADES,2026-03-25,2026-03-31,6,199.98,8.18,Manganese Ore,nan,Sea Jewel Shipping,Various/MHC,26(09:34),29(19:12),29(19:12),29(19:12),"28,675",NA,29(14:51),nan,nan,nan,nan,nan,nan,"To lighten at Sagar 4,500 MT | To lighten 4,500 MT at Sagar | Tolighten4,500 MTat Sagar. Aftercompletionoflighterage operation, expected draft would be 8.27 as confirmed by Agent | Lightened 4,500 MT at Sagar. F/W at Sagar on 31(06:30)",13,31/03/26 23:48,01/04/26 01:10,,,,,,,
HAL12502130::SARGAS,HAL12502130,SARGAS,2026-03-24,2026-03-31,8,229.00,8.40,Coking Coal & PCI Coal,nan,TMILL,Tata Steel/GBTPL,21(11:00),30(14:55),30(14:55),30(14:55),"34,504",NA,NA,nan,nan,nan,nan,nan,nan,Vessel called in Day tide on date,4B,31/03/26 14:21,31/03/26 15:45,,,,,,,
HAL12502165::BW BIRCH,HAL12502165,BW BIRCH,2026-03-28,2026-04-01,5,225.48,8.30,nan,PROPANE-(I)-6095 BUTANE-(I)-5732,ATLANTIC SHIPPING,IOCL,nan,nan,nan,nan,nan,nan,nan,31(09:00),28(09:45),31(09:00),23,IOPPL,HOJ-I/HOJ-II B-16(O)/17(O),Vessel neaped on 1st April'2026 | Reporting time as per agent. | Vessel called at B/17(O),HOJ-II,01/04/26 11:42,01/04/26 13:36,HOJ-II,02/04/26 23:18,03/04/26 08:20,,,,
HAL12502151::PACIFIC ACTIVITY,HAL12502151,PACIFIC ACTIVITY,2026-03-27,2026-04-01,6,199.90,8.33,Manganese Ore,nan,Gac Shipping,Various/MHC,28(16:14),30(07:30),30(07:30),30(07:30),"30,000",NA,27(16:54),nan,nan,nan,nan,nan,nan,Reporting time as per Agent | Vessel neaped on 01(Day) tide,8,02/04/26 02:24,02/04/26 04:00,,,,,,,
HAL12502137::SOL PURPOSE,HAL12502137,SOL PURPOSE,2026-03-24,2026-04-01,8,149.60,8.50,Container,nan,Transworld Global Logistics,Slot Charterers,31(10:46),ETA-01(11:00),NA,NA,195 Boxes,200 TEUs,31(13:35),nan,nan,nan,nan,nan,nan,Only Import,10,02/04/26 01:15,02/04/26 01:30,,,,,,,
HAL12502120::UNITY SPIRIT,HAL12502120,UNITY SPIRIT,2026-03-26,2026-04-01,5,199.96,8.20,Manganese Ore,nan,Seavision Shipping,Various/MHC,25(15:47),31(05:42),31(05:42),31(05:42),"26,716",NA,25(17:50),nan,nan,nan,nan,nan,nan,Reporting time as per Agent | Vessel called in Day tide on date,2,01/04/26 13:24,01/04/26 15:30,2,02/04/26 18:50,03/04/26 06:15,,,,
HAL12502157::ANGELE N,HAL12502157,ANGELE N,2026-03-30,2026-04-02,4,190.00,8.43,Manganese Ore,nan,Interocean Shipping,Various/MHC,28(14:38),01(14:42),01(14:42),01(14:42),"25,420",NA,30(15:00),nan,nan,nan,nan,nan,nan,"To lighten 2,000 MT at Sagar | Tolighten2,000 MTat Sagar. Aftercompletionoflighterage opertaion expected draft would be 7.80 Mtr.",9,04/04/26 01:12,04/04/26 04:35,,,,,,,
HAL12502177::DESPINA,HAL12502177,DESPINA,2026-03-31,2026-04-02,3,224.94,8.02,Coking Coal,nan,Seatrans Shipmanagement,SAIL/MHC,Not Ready,02(03:17),NA,NA,"32,450",NA,NA,nan,nan,nan,nan,nan,nan,,4A,03/04/26 15:55,03/04/26 17:45,,,,,,,
HAL12502188::GALATEIA,HAL12502188,GALATEIA,2026-04-01,2026-04-02,2,229.02,7.70,Steam Coal,nan,Merchant Shipping Services,Saraogi Udyog/MHC,01(16:03),ETA-02(10:00),NA,NA,"29,103",NA,NA,nan,nan,nan,nan,nan,nan,,2,03/04/26 13:45,03/04/26 14:55,,,,,,,
HAL12502186::GAS JUPITER,HAL12502186,GAS JUPITER,2026-04-01,2026-04-02,2,230.00,8.10,nan,PROPANE-(I)-10215 BUTANE-(I)-10100,INTEROCEAN SHIPPING,BPCL,nan,nan,nan,nan,nan,nan,nan,ETA-03(10:00),31(19:48),ETA-03(10:00),36,BPCL,HOJ-III B-18(O),,HOJ-III,03/04/26 13:00,03/04/26 14:54,,,,,,,
HAL12502184::HELLAS GLADIATOR,HAL12502184,HELLAS GLADIATOR,2026-04-01,2026-04-02,2,225.12,8.40,nan,PROPANE-(I)-3800 BUTANE-(I)-3800,WILHELMSEN PORT,HPCL,nan,nan,nan,nan,nan,nan,nan,ETA-02(23:00),02(09:21),ETA-02(23:00),HOJ-I=16 HOJ-II=12,AEGIS,HOJ-I/HOJ-II B-16(O)/17(O),Ullage confirmation & Readiness Documents are awaited.,HOJ-II,03/04/26 12:18,03/04/26 14:18,,,,,,,
HAL12502141::MAYA,HAL12502141,MAYA,2026-03-26,2026-04-02,5,176.50,7.33,Rock Phosphate,nan,Alap Carriers,Various/TMILL,31(10:00),01(16:45),01(16:45),05(16:45),"15,800",NA,01(14:59),nan,nan,nan,nan,nan,nan,,,,,,,,,,,
HAL12502154::ORCHARD STAR,HAL12502154,ORCHARD STAR,2026-03-27,2026-04-02,7,158.56,7.30,Container,nan,Far Shipping,Slot Charterers,01(10:22),02(03:48),02(03:48),NA,125 Boxes,247 TEUs,30(17:00),nan,nan,nan,nan,nan,nan,Only Import,10,03/04/26 18:45,03/04/26 19:00,6,04/04/26 02:30,04/04/26 03:00,,,,
HAL12502140::ROSTRUM STOIC,HAL12502140,ROSTRUM STOIC,2026-03-26,2026-04-02,5,229.00,8.00,PCI Coal,nan,V Ocean Shipping,Shyam Sel & Power & Rungta Mines/MHC,30(15:20),31(16:54),31(16:54),31(16:54),"32,000",NA,27(17:00),nan,nan,nan,nan,nan,nan,Vessel called in Day tide on date,,,,,,,BERTH-3,BERTH-13,03/04/26 07:00,03/04/26 07:45
HAL12502163::SHAN BANG,HAL12502163,SHAN BANG,2026-03-28,2026-04-02,6,132.00,6.10,nan,METHANOL-(I)-5335,BEN LINE AGENCIES,ADVANCED PERFORMANCE,nan,nan,nan,nan,nan,nan,nan,01(16:20),01(15:22),01(16:20),39,ADVANCED PERFORMANCE,HOJ-I B-16(O),Ullage confirmation & Readiness Documents are awaited. | Vessel called at B/16(O) on 2nd April'2026 (AM) tide for discharing Methanol.,,,,10,03/04/26 23:45,,,,,
HAL12502153::SSL THAMIRABARANI,HAL12502153,SSL THAMIRABARANI,2026-03-27,2026-04-02,7,142.70,8.20,Container,nan,Unifeeder Agencies,Slot Charterers,31(19:59),01(13:54),01(13:54),NA,504 Boxes,662 TEUs,31(16:19),nan,nan,nan,nan,nan,nan,Vessel called in Day tide on date,,,,8,03/04/26 13:40,03/04/26 20:00,,,,
HAL12502067R::XIN LONG YUN 58,HAL12502067R,XIN LONG YUN 58,2026-03-19,2026-04-02,11,166.23,6.10,Container,nan,Far Shipping (India),Slot Charterers,Ready,Ex KDS-01st,31(21:05),NA,282 Boxes,320 TEUs,01(11:40),nan,nan,nan,nan,nan,nan,Only Export | Only Export. F/W at KDS on 31(21:05) | OnlyExport.F/WatKDSon31(21:05).ReportedatSandheadson 01(23:00). Vessel called in Day tide on date,,,,,,,,,,
HAL12502146::AFRICAN PREDATOR,HAL12502146,AFRICAN PREDATOR,2026-03-26,2026-04-04,9,199.98,6.60,Yellow Peas,nan,Interocean Shipping,Various,Not Ready,30(18:48),NA,NA,"15,000",NA,NA,nan,nan,nan,nan,nan,nan,"To lighten at Sagar 17,071 MT. Lightened cargo destined for KDS | To lighten 17,071 MT at Sagar. Lightened cargo destined for KDS | Lightening 17,071 MT at Sagar. Lightened cargo destined for KDS",,,,,,,,,,
HAL12502160::BLPL BLESSING,HAL12502160,BLPL BLESSING,2026-03-27,2026-04-04,8,150.73,8.30,Container,nan,Transworld Global Logistics,Slot Charterers,Ready,Ex KDS-08th,NA,NA,26 Boxes,NA,NA,nan,nan,nan,nan,nan,nan,Only Export,,,,,,,,,,
HAL12600001::BUNUN XCEL,HAL12600001,BUNUN XCEL,2026-04-02,2026-04-04,2,179.99,7.80,Coking Coal,nan,Bothra Shipping,Electrosteel Castings/MHC,03(14:54),ETA-07(06:00),NA,NA,"20,000",NA,NA,nan,nan,nan,nan,nan,nan,,,,,,,,,,,
HAL12600003::CARLTON TRADER,HAL12600003,CARLTON TRADER,2026-04-02,2026-04-04,2,229.00,7.85,Steam Coal,nan,Alap Carriers,JSW Minerals Trading/MHC,02(12:39),03(23:30),03(23:30),03(23:30),"30,000",NA,NA,nan,nan,nan,nan,nan,nan,Reporting time as per Agent. Vessel called in Day tide on date,,,,,,,,,,
HAL12502178::CONON,HAL12502178,CONON,2026-03-31,2026-04-04,4,189.99,7.90,Manganese Ore,nan,Gac Shipping,Various/MHC,02(17:17),ETA-05(23:00),NA,NA,"24,058",NA,NA,nan,nan,nan,nan,nan,nan,,,,,,,,,,,
HAL12600009::ESCADA,HAL12600009,ESCADA,2026-04-04,2026-04-04,1,154.00,7.00,Container,nan,Samsara Shipping,Slot Charterers,Not Ready,ETA-12th,NA,NA,Nil,NA,NA,nan,nan,nan,nan,nan,nan,,,,,,,,,,,
HAL12502182::FLAG GANGOS,HAL12502182,FLAG GANGOS,2026-04-01,2026-04-04,3,189.99,8.00,Dolomite,nan,TMILL,Tata Steel/TMILL,03(11:00),ETA-06(04:00),NA,NA,"24,000",NA,01(12:21),nan,nan,nan,nan,nan,nan,,,,,,,,,,,
HAL12502180::GLORIA,HAL12502180,GLORIA,2026-04-01,2026-04-04,3,183.02,8.10,nan,NAPHTHA-(I)-20050,ATLANTIC SHIPPING,HPL,nan,nan,nan,nan,nan,nan,nan,03(15:42),01(12:37),03(15:42),HOJ-I=25 HOJ-II&III=20,HPL,HOJ-I/HOJ-II/HOJ-III B-16(O)/17(O)/18(O),Ullage confirmation & Readiness Documents are awaited.,,,,,,,,,,
HAL12502145::GT PEACE,HAL12502145,GT PEACE,2026-03-25,2026-04-04,9,127.20,6.80,nan,PARAXYLENE-(I)-4913,JAMES MACKINTOSH,MCPI,nan,nan,nan,nan,nan,nan,nan,31(11:18),31(09:00),Not Ready,N/A,MCPI,HOJ-I & OT-II B-16(O) & OT-II,"Ullage confirmation & Readiness Documents are awaited. | Vessel was called at HOJ-I during 1st April'2026 (AM) tide. However, as per impoter request,the calling has been withdrwn.",,,,,,,,,,
HAL12600006::HAO FENG HAI,HAL12600006,HAO FENG HAI,2026-04-02,2026-04-04,2,200.07,7.37,Rock Phosphate,nan,V Ocean Shipping,Various/TMILL,Not Ready,ETA-06(22:00),NA,NA,"22,300",NA,NA,nan,nan,nan,nan,nan,nan,,,,,,,,,,,
HAL12502176::HELLAS VOYAGER,HAL12502176,HELLAS VOYAGER,2026-03-31,2026-04-04,4,229.95,8.10,nan,PROPANE-(I)-9500 BUTANE-(I)-9500,GAC SHIPPING,HPCL,nan,nan,nan,nan,nan,nan,nan,ETA-05(09:00),04(09:47),ETA-05(09:00),HOJ-I=32 HOJ-II=28,AEGIS,HOJ-I/HOJ-II B-16(O)/17(O),Ullage confirmation & Readiness Documents are awaited.,,,,,,,,,,
HAL12502187::JIN YI,HAL12502187,JIN YI,2026-04-01,2026-04-04,2,189.99,7.67,Manganese Ore,nan,Benline Agencies,Various/MHC,Not Ready,ETA-08th,NA,NA,"21,000",NA,NA,nan,nan,nan,nan,nan,nan,,,,,,,,,,,
HAL12502181::MALED,HAL12502181,MALED,2026-04-01,2026-04-04,3,147.83,8.10,nan,NAPHTHA-(I)-13051,ATLANTIC SHIPPING,HPL,nan,nan,nan,nan,nan,nan,nan,03(13:11),01(13:11),03(13:11),39,HPL,HOJ-I/HOJ-II/HOJ-III B-16(O)/17(O)/18(O),Ullage confirmation & Readiness Documents are awaited. | Vessel called at B/16(O),,,,,,,,,,
HAL12502156::MAYFAIR (COASTAL),HAL12502156,MAYFAIR (COASTAL),2026-03-27,2026-04-04,8,183.21,7.80,nan,HSD-(I)-12864 MS-(I)-4305,ATLANTIC GLOBAL,RELIANCE,nan,nan,nan,nan,nan,nan,nan,29(17:24),Not Ready,Not Ready,N/A,RELIANCE,HOJ-III B-18(O),Ullage confirmation & Readiness Documents are awaited.,,,,,,,,,,
HAL12600011::MEDI CAJETA,HAL12600011,MEDI CAJETA,2026-04-04,2026-04-04,1,228.99,8.50,Coking Coal & PCI Coal,nan,TMILL,Tata Steel/GBTPL,02(16:31),ETA-06(14:00),NA,NA,"30,519",NA,NA,nan,nan,nan,nan,nan,nan,,,,,,,,,,,
HAL12502131::MSC CHAEWON,HAL12502131,MSC CHAEWON,2026-03-24,2026-04-04,10,171.90,7.80,Container,nan,MSC Agency,Slot Charterers,03(16:30),04(07:12),04(07:12),NA,789 Boxes,983 TEUs,NA,nan,nan,nan,nan,nan,nan,Reporting time as per Agent,,,,,,,,,,
HAL12502128::MSC DHANTIA F,HAL12502128,MSC DHANTIA F,2026-03-24,2026-04-04,10,149.00,8.00,Container,nan,MSC Agency,Slot Charterers,02(18:57),04(03:00),04(03:00),NA,90 Boxes,162 TEUs,NA,nan,nan,nan,nan,nan,nan,Only Import | OnlyImport.ReportingtimeasperAgent.VesselcalledinDay tide on date,,,,,,,,,,
HAL12502183::MSC MAKOTO II,HAL12502183,MSC MAKOTO II,2026-04-01,2026-04-04,3,175.49,8.10,Container,nan,MSC Agency,Slot Charterers,Not Ready,ETA-12th,NA,NA,53 Boxes,NA,NA,nan,nan,nan,nan,nan,nan,,,,,,,,,,,
HAL12600013::NAVI VEGA,HAL12600013,NAVI VEGA,2026-04-04,2026-04-04,1,179.95,9.20,Coke Breeze,nan,Parekh Marine Services,Rashmi Metaliks/MHC,Not Ready,ETA-08(02:00),NA,NA,"21,414",NA,NA,nan,nan,nan,nan,nan,nan,"To lighten 5,000 MT at Sagar",,,,,,,,,,
HAL12502173::PEBBLES (COASTAL),HAL12502173,PEBBLES (COASTAL),2026-03-29,2026-04-04,6,129.20,6.20,nan,LUBE OIL-( E)-11000,ATLANTIC GLOBAL,IOCL,nan,nan,nan,nan,nan,nan,nan,03(11:18),01(11:12),03(11:18),48,IOCL,HOJ-I B-16(O),Ullage confirmation & Readiness Documents are awaited.,,,,,,,,,,
HAL12502168::PROPEL CONFIDENCE,HAL12502168,PROPEL CONFIDENCE,2026-03-30,2026-04-04,4,189.99,6.60,Ammonium Sulphate,nan,Alap Carriers,Indorama India/TMILL,01(16:00),ETA-05(09:00),NA,NA,"7,000",NA,NA,nan,nan,nan,nan,nan,nan,,,,,,,,,,,
HAL12502164::ROYAL PERIDOT,HAL12502164,ROYAL PERIDOT,2026-03-28,2026-04-04,7,128.60,8.00,nan,PARAXYLENE-(I)-9503,ISS SHIPPING,MCPI,nan,nan,nan,nan,nan,nan,nan,31(11:42),01(12:49),02(12:49),27,MCPI,HOJ-I & OT-II B-16(O) & OT-II,"Ullage confirmation & Readiness Documents are awaited. | 1.Ullage confirmation & Readiness Documents are awaited. 2. No update received from agent. | 1. Seniority at par with category 4 vessels, as vessel is waiting for more than 24 hours. 2. Vessel called at OT-II",,,,,,,,,,
HAL12502163R::SHAN BANG,HAL12502163R,SHAN BANG,2026-04-04,2026-04-04,1,132.00,6.10,nan,MS-(E)-10000,BEN LINE AGENCIES,ADVANCED PERFORMANCE,nan,nan,nan,nan,nan,nan,nan,01(16:20),Not Ready,Not Ready,N/A,ADVANCED PERFORMANCE,HOJ-I &HOJ-III B-16(O)&B-18(O),Readiness Documents are awaited.,,,,,,,,,,
HAL12600007::SITC MAKASSAR,HAL12600007,SITC MAKASSAR,2026-04-02,2026-04-04,2,188.80,8.50,Container,nan,Eastern Liner Shipping,Slot Charterers,Not Ready,ETA-10th,NA,NA,Nil,NA,NA,nan,nan,nan,nan,nan,nan,,,,,,,,,,,
HAL12502149::SITC PENANG,HAL12502149,SITC PENANG,2026-03-25,2026-04-04,9,188.80,8.20,Container,nan,Eastern Liner Shipping,Slot Charterers,02(15:47),ETA-05(04:00),NA,NA,623 Boxes,"1,409 TEUs",NA,nan,nan,nan,nan,nan,nan,,,,,,,,,,,
HAL12502169::SKY RUNNER,HAL12502169,SKY RUNNER,2026-03-28,2026-04-04,7,128.60,8.30,nan,PARAXYLENE-(I)-10472,SAMUDRA MARINE,MCPI,nan,nan,nan,nan,nan,nan,nan,01(04:30),Not Ready,Not Ready,N/A,MCPI,HOJ-I & OT-II B-16(O) & OT-II,Ullage confirmation & Readiness Documents are awaited.,,,,,,,,,,
HAL12502155::SOL PIONEER,HAL12502155,SOL PIONEER,2026-03-27,2026-04-04,8,149.60,6.50,Container,nan,Transworld Global Logistics,Slot Charterers,Ready,Ex KDS-09th,NA,NA,115 Boxes,NA,NA,nan,nan,nan,nan,nan,nan,Only Export,,,,,,,,,,
HAL12502137R::SOL PURPOSE,HAL12502137R,SOL PURPOSE,2026-04-01,2026-04-04,3,149.60,8.20,Container,nan,Transworld Global Logistics,Slot Charterers,Ready,Ex KDS-09th,NA,NA,43 Boxes,NA,NA,nan,nan,nan,nan,nan,nan,Only Export,,,,,,,,,,
HAL12600012::SUN ISLAND,HAL12600012,SUN ISLAND,2026-04-04,2026-04-04,1,228.99,7.78,Coking Coal,nan,Seatrans Shipmanagement,Tata International/MHC,Not Ready,ETA-06(AM),NA,NA,"28,000",NA,NA,nan,nan,nan,nan,nan,nan,,,,,,,,,,,
HAL12600008::TENDRA TRADER,HAL12600008,TENDRA TRADER,2026-04-04,2026-04-04,1,199.90,8.08,Coking Coal,nan,TMILL,Tata Steel/GBTPL,02(10:57),ETA-05(06:00),NA,NA,"28,000",NA,NA,nan,nan,nan,nan,nan,nan,,,,,,,,,,,
HAL12502185::VASILY LANOVOY,HAL12502185,VASILY LANOVOY,2026-04-01,2026-04-04,3,183.00,8.20,nan,NAPHTHA-(I)-21186,INTEROCEAN SHIPPING,HPL,nan,nan,nan,nan,nan,nan,nan,04(00:24),01(16:21),04(00:24),HOJ-I=28 HOJ-II&III=22,HPL,HOJ-I/HOJ-II/HOJ-III B-16(O)/17(O)/18(O),Ullage confirmation & Readiness Documents are awaited.,,,,,,,,,,
HAL12600004::ZHONG CHANG DING SHENG,HAL12600004,ZHONG CHANG DING SHENG,2026-04-04,2026-04-04,1,190.00,7.50,Manganese Ore,nan,Gac Shipping,Carbon Resources/MHC,Not Ready,ETA-14th,NA,NA,"11,350",NA,NA,nan,nan,nan,nan,nan,nan,Priority may not be accorded,,,,,,,,,,
HAL12502171::ZUNAIRAH ZARISHA 4,HAL12502171,ZUNAIRAH ZARISHA 4,2026-03-29,2026-04-04,6,82.98,3.50,Container,nan,Everett (India),Slot Charterers,Not Ready,ETA-05(22:00),NA,NA,68 Boxes,NA,NA,nan,nan,nan,nan,nan,nan,,,,,,,,,,,
